-- phpMyAdmin SQL Dump
-- version 5.2.1
-- https://www.phpmyadmin.net/
--
-- Hôte : 127.0.0.1:3306
-- Généré le : jeu. 12 déc. 2024 à 14:44
-- Version du serveur : 8.3.0
-- Version de PHP : 8.2.18

SET SQL_MODE = "NO_AUTO_VALUE_ON_ZERO";
START TRANSACTION;
SET time_zone = "+00:00";


/*!40101 SET @OLD_CHARACTER_SET_CLIENT=@@CHARACTER_SET_CLIENT */;
/*!40101 SET @OLD_CHARACTER_SET_RESULTS=@@CHARACTER_SET_RESULTS */;
/*!40101 SET @OLD_COLLATION_CONNECTION=@@COLLATION_CONNECTION */;
/*!40101 SET NAMES utf8mb4 */;

--
-- Base de données : `amenapp`
--

-- --------------------------------------------------------

--
-- Structure de la table `annee_scolaire`
--

DROP TABLE IF EXISTS `annee_scolaire`;
CREATE TABLE IF NOT EXISTS `annee_scolaire` (
  `id` int NOT NULL AUTO_INCREMENT,
  `annee` varchar(11) COLLATE utf8mb4_unicode_ci NOT NULL,
  PRIMARY KEY (`id`)
) ENGINE=InnoDB AUTO_INCREMENT=3 DEFAULT CHARSET=utf8mb4 COLLATE=utf8mb4_unicode_ci;

--
-- Déchargement des données de la table `annee_scolaire`
--

INSERT INTO `annee_scolaire` (`id`, `annee`) VALUES
(1, '2024-2025'),
(2, '2025-2026');

-- --------------------------------------------------------

--
-- Structure de la table `classes`
--

DROP TABLE IF EXISTS `classes`;
CREATE TABLE IF NOT EXISTS `classes` (
  `id` int NOT NULL AUTO_INCREMENT,
  `serie_id` int DEFAULT NULL,
  `annee_scolaire_id` int NOT NULL,
  `nom` varchar(255) COLLATE utf8mb4_unicode_ci NOT NULL,
  `niveau` varchar(255) COLLATE utf8mb4_unicode_ci NOT NULL,
  `classe_order` int NOT NULL,
  PRIMARY KEY (`id`),
  KEY `IDX_2ED7EC5D94388BD` (`serie_id`),
  KEY `IDX_2ED7EC59331C741` (`annee_scolaire_id`)
) ENGINE=InnoDB AUTO_INCREMENT=16 DEFAULT CHARSET=utf8mb4 COLLATE=utf8mb4_unicode_ci;

--
-- Déchargement des données de la table `classes`
--

INSERT INTO `classes` (`id`, `serie_id`, `annee_scolaire_id`, `nom`, `niveau`, `classe_order`) VALUES
(1, NULL, 1, '6e', 'college', 1),
(2, NULL, 1, '5e', 'college', 2),
(3, NULL, 1, '4e', 'college', 3),
(4, NULL, 1, '3e', 'college', 4),
(5, NULL, 1, '2nde AB', 'lycee', 5),
(6, NULL, 1, '2nde CD', 'lycee', 6),
(7, NULL, 1, '1ere A1', 'lycee', 8),
(8, NULL, 1, '1ere A2', 'lycee', 9),
(9, NULL, 1, 'Tle B', 'lycee', 13),
(10, NULL, 1, 'Tle C', 'lycee', 14),
(11, NULL, 1, 'Tle D', 'lycee', 15),
(12, NULL, 1, '1ere B', 'lycee', 10),
(13, NULL, 1, '1ere D', 'lycee', 11),
(14, NULL, 1, 'Tle A2', 'lycee', 12),
(15, NULL, 1, '1ere C', 'lycee', 16);

-- --------------------------------------------------------

--
-- Structure de la table `classes_backup`
--

DROP TABLE IF EXISTS `classes_backup`;
CREATE TABLE IF NOT EXISTS `classes_backup` (
  `id` int NOT NULL AUTO_INCREMENT,
  `annee_scolaire_id` int NOT NULL,
  `nom` varchar(30) COLLATE utf8mb4_unicode_ci NOT NULL,
  PRIMARY KEY (`id`),
  KEY `IDX_138321579331C741` (`annee_scolaire_id`)
) ENGINE=InnoDB DEFAULT CHARSET=utf8mb4 COLLATE=utf8mb4_unicode_ci;

-- --------------------------------------------------------

--
-- Structure de la table `classes_matieres`
--

DROP TABLE IF EXISTS `classes_matieres`;
CREATE TABLE IF NOT EXISTS `classes_matieres` (
  `id` int NOT NULL AUTO_INCREMENT,
  `classe_id` int NOT NULL,
  `matiere_id` int NOT NULL,
  `annee_scolaire_id` int NOT NULL,
  `coefficient` int NOT NULL,
  PRIMARY KEY (`id`),
  KEY `IDX_C76295CB8F5EA509` (`classe_id`),
  KEY `IDX_C76295CBF46CD258` (`matiere_id`),
  KEY `IDX_C76295CB9331C741` (`annee_scolaire_id`)
) ENGINE=InnoDB AUTO_INCREMENT=125 DEFAULT CHARSET=utf8mb4 COLLATE=utf8mb4_unicode_ci;

--
-- Déchargement des données de la table `classes_matieres`
--

INSERT INTO `classes_matieres` (`id`, `classe_id`, `matiere_id`, `annee_scolaire_id`, `coefficient`) VALUES
(1, 1, 1, 1, 1),
(2, 1, 2, 1, 1),
(3, 1, 3, 1, 1),
(4, 1, 4, 1, 1),
(5, 1, 5, 1, 1),
(6, 1, 6, 1, 1),
(7, 1, 7, 1, 1),
(8, 1, 8, 1, 1),
(9, 1, 9, 1, 1),
(10, 2, 10, 1, 1),
(11, 2, 11, 1, 1),
(12, 2, 12, 1, 1),
(13, 2, 13, 1, 1),
(14, 2, 14, 1, 1),
(15, 2, 15, 1, 1),
(16, 2, 16, 1, 1),
(17, 2, 17, 1, 1),
(18, 2, 18, 1, 1),
(19, 2, 19, 1, 1),
(20, 2, 20, 1, 1),
(21, 3, 21, 1, 2),
(22, 3, 22, 1, 2),
(23, 3, 23, 1, 2),
(24, 3, 24, 1, 2),
(25, 3, 25, 1, 2),
(26, 3, 26, 1, 2),
(27, 3, 27, 1, 3),
(28, 3, 28, 1, 2),
(29, 3, 29, 1, 1),
(30, 3, 30, 1, 1),
(31, 4, 31, 1, 2),
(32, 4, 32, 1, 2),
(33, 4, 33, 1, 2),
(34, 4, 34, 1, 2),
(35, 4, 35, 1, 2),
(36, 4, 36, 1, 2),
(37, 4, 37, 1, 3),
(38, 4, 38, 1, 2),
(39, 4, 39, 1, 1),
(40, 4, 40, 1, 1),
(41, 5, 41, 1, 2),
(42, 5, 42, 1, 3),
(43, 5, 43, 1, 2),
(44, 5, 44, 1, 2),
(45, 5, 45, 1, 2),
(46, 5, 46, 1, 1),
(47, 5, 47, 1, 1),
(48, 5, 48, 1, 2),
(49, 5, 49, 1, 1),
(50, 5, 50, 1, 1),
(51, 6, 51, 1, 1),
(52, 6, 52, 1, 2),
(53, 6, 53, 1, 1),
(54, 6, 54, 1, 2),
(55, 6, 55, 1, 3),
(56, 6, 56, 1, 3),
(57, 6, 57, 1, 3),
(58, 6, 58, 1, 1),
(59, 6, 59, 1, 1),
(60, 8, 60, 1, 4),
(61, 8, 61, 1, 3),
(62, 8, 62, 1, 5),
(63, 8, 63, 1, 3),
(64, 8, 64, 1, 2),
(65, 8, 65, 1, 2),
(66, 8, 66, 1, 2),
(67, 8, 67, 1, 1),
(68, 8, 68, 1, 1),
(69, 12, 69, 1, 4),
(70, 12, 70, 1, 3),
(71, 12, 71, 1, 4),
(72, 12, 72, 1, 3),
(73, 12, 73, 1, 1),
(74, 12, 74, 1, 2),
(75, 12, 75, 1, 2),
(76, 12, 76, 1, 4),
(77, 12, 77, 1, 1),
(78, 12, 78, 1, 1),
(79, 13, 79, 1, 2),
(80, 13, 80, 1, 2),
(81, 13, 81, 1, 2),
(82, 13, 82, 1, 2),
(83, 13, 83, 1, 4),
(84, 13, 84, 1, 5),
(85, 13, 85, 1, 4),
(86, 13, 86, 1, 1),
(87, 13, 87, 1, 1),
(88, 14, 88, 1, 3),
(89, 14, 89, 1, 4),
(90, 14, 90, 1, 5),
(91, 14, 91, 1, 3),
(92, 14, 92, 1, 2),
(93, 14, 93, 1, 2),
(94, 14, 94, 1, 2),
(95, 14, 95, 1, 1),
(96, 14, 96, 1, 1),
(97, 9, 97, 1, 4),
(98, 9, 98, 1, 3),
(99, 9, 99, 1, 4),
(100, 9, 100, 1, 3),
(101, 9, 101, 1, 2),
(102, 9, 102, 1, 2),
(103, 9, 103, 1, 4),
(104, 9, 104, 1, 1),
(105, 9, 105, 1, 1),
(106, 11, 106, 1, 2),
(107, 11, 107, 1, 2),
(108, 11, 108, 1, 2),
(109, 11, 109, 1, 2),
(110, 11, 110, 1, 4),
(111, 11, 111, 1, 5),
(112, 11, 112, 1, 4),
(113, 11, 113, 1, 1),
(114, 11, 114, 1, 1),
(115, 15, 115, 1, 2),
(116, 15, 116, 1, 2),
(117, 15, 117, 1, 2),
(118, 15, 118, 1, 5),
(119, 15, 119, 1, 1),
(120, 15, 120, 1, 1),
(121, 15, 121, 1, 5),
(122, 15, 122, 1, 2),
(123, 15, 123, 1, 2),
(124, 1, 124, 1, 1);

-- --------------------------------------------------------

--
-- Structure de la table `doctrine_migration_versions`
--

DROP TABLE IF EXISTS `doctrine_migration_versions`;
CREATE TABLE IF NOT EXISTS `doctrine_migration_versions` (
  `version` varchar(191) COLLATE utf8mb3_unicode_ci NOT NULL,
  `executed_at` datetime DEFAULT NULL,
  `execution_time` int DEFAULT NULL,
  PRIMARY KEY (`version`)
) ENGINE=InnoDB DEFAULT CHARSET=utf8mb3 COLLATE=utf8mb3_unicode_ci;

--
-- Déchargement des données de la table `doctrine_migration_versions`
--

INSERT INTO `doctrine_migration_versions` (`version`, `executed_at`, `execution_time`) VALUES
('DoctrineMigrations\\Version20241009175139', '2024-10-09 18:51:41', 2223),
('DoctrineMigrations\\Version20241011124445', '2024-10-11 12:45:28', 180),
('DoctrineMigrations\\Version20241125105756', '2024-11-25 10:58:04', 473);

-- --------------------------------------------------------

--
-- Structure de la table `ecoles`
--

DROP TABLE IF EXISTS `ecoles`;
CREATE TABLE IF NOT EXISTS `ecoles` (
  `id` int NOT NULL AUTO_INCREMENT,
  `nom` varchar(255) COLLATE utf8mb4_unicode_ci NOT NULL,
  `school_name` varchar(255) COLLATE utf8mb4_unicode_ci DEFAULT NULL,
  `adresse` varchar(255) COLLATE utf8mb4_unicode_ci NOT NULL,
  `boite_postale` varchar(255) COLLATE utf8mb4_unicode_ci DEFAULT NULL,
  `telephone` varchar(255) COLLATE utf8mb4_unicode_ci NOT NULL,
  `cellulaire` varchar(255) COLLATE utf8mb4_unicode_ci DEFAULT NULL,
  `email` varchar(255) COLLATE utf8mb4_unicode_ci DEFAULT NULL,
  `logo` varchar(255) COLLATE utf8mb4_unicode_ci DEFAULT NULL,
  `annee_scolaire_id` int DEFAULT NULL,
  PRIMARY KEY (`id`),
  KEY `IDX_C46758A29331C741` (`annee_scolaire_id`)
) ENGINE=InnoDB AUTO_INCREMENT=2 DEFAULT CHARSET=utf8mb4 COLLATE=utf8mb4_unicode_ci;

--
-- Déchargement des données de la table `ecoles`
--

INSERT INTO `ecoles` (`id`, `nom`, `school_name`, `adresse`, `boite_postale`, `telephone`, `cellulaire`, `email`, `logo`, `annee_scolaire_id`) VALUES
(1, 'CEPG AMEN', 'Collège Privé d\'Enseignement Général AMEN', 'Atrokpocodi', '07 BP : 155 Cotonou', '213508090', '66431414/94949797', 'csamen@yahoo.fr', NULL, 1);

-- --------------------------------------------------------

--
-- Structure de la table `eleves`
--

DROP TABLE IF EXISTS `eleves`;
CREATE TABLE IF NOT EXISTS `eleves` (
  `id` int NOT NULL AUTO_INCREMENT,
  `classe_id` int NOT NULL,
  `nom` varchar(255) COLLATE utf8mb4_unicode_ci NOT NULL,
  `prenom` varchar(255) COLLATE utf8mb4_unicode_ci NOT NULL,
  `date_naissance` date DEFAULT NULL,
  `created_at` datetime NOT NULL COMMENT '(DC2Type:datetime_immutable)',
  `sexe` varchar(3) COLLATE utf8mb4_unicode_ci NOT NULL,
  `lieu_de_naissance` varchar(255) COLLATE utf8mb4_unicode_ci DEFAULT NULL,
  PRIMARY KEY (`id`),
  KEY `IDX_383B09B18F5EA509` (`classe_id`)
) ENGINE=InnoDB AUTO_INCREMENT=309 DEFAULT CHARSET=utf8mb4 COLLATE=utf8mb4_unicode_ci;

--
-- Déchargement des données de la table `eleves`
--

INSERT INTO `eleves` (`id`, `classe_id`, `nom`, `prenom`, `date_naissance`, `created_at`, `sexe`, `lieu_de_naissance`) VALUES
(1, 1, 'OSSENI', 'Bathissa', NULL, '2024-10-10 15:04:53', 'f', NULL),
(3, 1, 'ADANMAHO', 'Olivia', NULL, '2024-10-11 14:55:59', 'f', NULL),
(4, 1, 'ADJILE', 'Bossou  juliene', NULL, '2024-10-11 14:59:29', 'f', NULL),
(5, 1, 'AGBAHUNGBA', 'Imelda', NULL, '2024-10-11 15:01:34', 'f', NULL),
(6, 1, 'AKOGNISSOUDE', 'Jules', NULL, '2024-10-14 10:16:27', 'm', NULL),
(7, 1, 'AVODAGBE', 'Charbel', NULL, '2024-10-14 10:17:40', 'm', NULL),
(8, 1, 'D\' ALMEIDA', 'Aria', NULL, '2024-10-14 10:25:27', 'f', NULL),
(9, 1, 'D\'ALMEIDA', 'Hornel', NULL, '2024-10-14 10:51:49', 'm', NULL),
(10, 1, 'DAHOUETO', 'Mael', NULL, '2024-10-14 10:58:01', 'm', NULL),
(11, 1, 'DIAVID-GNANHOUI', 'Celeste', NULL, '2024-10-14 10:59:28', 'm', NULL),
(12, 1, 'DECKON', 'Sémyath Barissa', NULL, '2024-10-14 11:01:10', 'f', NULL),
(13, 1, 'DOSSOU', 'Mardochee', NULL, '2024-10-14 11:01:54', 'm', NULL),
(14, 1, 'ELEGBEDE', 'Ornick', NULL, '2024-10-14 11:02:58', 'm', NULL),
(15, 1, 'GOMEZ', 'Sabina', NULL, '2024-10-14 11:03:47', 'm', NULL),
(16, 1, 'HOUNKPONOU', 'Emmanuel', NULL, '2024-10-14 11:04:50', 'm', NULL),
(17, 1, 'HOUNTONDJ', 'Amirale', NULL, '2024-10-14 11:05:40', 'm', NULL),
(18, 1, 'IBRAHIM', 'B.Ahmed', NULL, '2024-10-14 11:06:57', 'm', NULL),
(19, 1, 'KOUKPEMEDJI', 'Méres', NULL, '2024-10-14 11:09:21', 'f', NULL),
(20, 1, 'SALIFOU', 'Tariq', NULL, '2024-10-14 11:14:10', 'm', NULL),
(21, 1, 'VIDEGLA', 'Espéra', NULL, '2024-10-14 11:15:09', 'm', NULL),
(22, 1, 'VLETEIN', 'Ferry', NULL, '2024-10-14 11:15:43', 'm', NULL),
(23, 1, 'YAROU', 'Farid', NULL, '2024-10-14 11:16:23', 'm', NULL),
(24, 1, 'ZOSSOUGBO', 'Precieux', NULL, '2024-10-14 11:18:47', 'm', NULL),
(25, 1, 'FANTODJI', 'Yann', NULL, '2024-10-14 11:22:42', 'm', NULL),
(27, 2, 'AKOGNISSOUDE', 'Exaucée', NULL, '2024-10-14 11:32:32', 'm', NULL),
(28, 2, 'AMOUSSOU', 'Hannael', NULL, '2024-10-14 11:33:35', 'm', NULL),
(31, 2, 'ANANOU', 'Oswald', NULL, '2024-10-14 11:37:09', 'm', NULL),
(32, 2, 'BAKO', 'Roufaydath', NULL, '2024-10-14 11:37:47', 'm', NULL),
(33, 2, 'BOUKARI', 'Anas', NULL, '2024-10-14 11:38:54', 'm', NULL),
(34, 2, 'CODEWA', 'Océane', NULL, '2024-10-14 11:39:48', 'f', NULL),
(35, 2, 'COMLAN', 'Anaella', NULL, '2024-10-14 11:42:56', 'f', NULL),
(36, 2, 'D\'ALMEIDA', 'Elicia', NULL, '2024-10-14 11:44:15', 'f', NULL),
(37, 2, 'D\'ALMEIDA', 'Enzo', NULL, '2024-10-14 11:45:15', 'm', NULL),
(38, 2, 'D\'ALMEIDA', 'Ethan', NULL, '2024-10-14 11:46:20', 'm', NULL),
(39, 2, 'DAIZO', 'Maéva', NULL, '2024-10-14 11:47:09', 'm', NULL),
(41, 2, 'DJIHENTO', 'Merveille', NULL, '2024-10-14 11:49:44', 'f', NULL),
(42, 2, 'DJINADOU', 'Soraya', NULL, '2024-10-14 11:50:31', 'f', NULL),
(43, 2, 'GNANVI', 'Karine', NULL, '2024-10-14 11:51:20', 'f', NULL),
(44, 2, 'HINSI', 'Junior', NULL, '2024-10-14 11:52:12', 'm', NULL),
(45, 2, 'HOUNKPONOU', 'Bérékia', NULL, '2024-10-14 11:53:04', 'f', NULL),
(47, 2, 'HOUNYE', 'Parfaite', NULL, '2024-10-14 11:55:28', 'f', NULL),
(48, 2, 'KARIM', 'Rachidath', NULL, '2024-10-14 11:56:39', 'f', NULL),
(49, 2, 'KOTO', 'Marie-Peace', NULL, '2024-10-14 11:58:04', 'f', NULL),
(50, 2, 'KPADJOUDA', 'Pharel', NULL, '2024-10-14 11:59:05', 'm', NULL),
(51, 2, 'KPATINDE', 'Laurence', NULL, '2024-10-14 12:00:05', 'm', NULL),
(52, 2, 'KPONHINTO', 'Valero', NULL, '2024-10-14 12:02:16', 'm', NULL),
(53, 2, 'LOKOSSOU', 'Esther', NULL, '2024-10-14 12:03:04', 'f', NULL),
(54, 2, 'METO', 'Leila', NULL, '2024-10-14 12:03:59', 'f', NULL),
(55, 2, 'OUSSOUKPEVI', 'Bignon', NULL, '2024-10-14 12:05:23', 'f', NULL),
(56, 2, 'SALAHOU', 'Yèkini', NULL, '2024-10-14 12:07:35', 'm', NULL),
(57, 2, 'SALIFOU', 'Nasrine', NULL, '2024-10-14 12:08:35', 'f', NULL),
(58, 2, 'VILON GUEZO', 'Olivia', NULL, '2024-10-14 12:10:18', 'f', NULL),
(59, 2, 'YESSOUF', 'Khéira', NULL, '2024-10-14 12:12:41', 'f', NULL),
(60, 2, 'ZAKARI', 'Séliath', NULL, '2024-10-14 12:13:47', 'f', NULL),
(61, 2, 'ZINSOU', 'Marie-yves', NULL, '2024-10-14 12:20:32', 'm', NULL),
(62, 2, 'AGBOSSOU ', 'Amen', NULL, '2024-10-17 15:15:48', 'M', NULL),
(65, 2, 'AMOUSSOU', 'Ulisse Ozias', NULL, '2024-10-17 15:15:49', 'M', NULL),
(70, 3, 'AGASSOU', 'Good-Lock', NULL, '2024-10-17 15:15:49', 'M', NULL),
(71, 3, 'AMOUSSOU', 'Mael', NULL, '2024-10-17 15:15:49', 'M', NULL),
(72, 3, 'ESSOU', 'Yan-kelhy farel', NULL, '2024-10-17 15:15:49', 'M', NULL),
(73, 3, 'GUENDEHOU', 'Bradley', NULL, '2024-10-17 15:15:49', 'M', NULL),
(74, 3, 'HAZOUME', 'Malthus', NULL, '2024-10-17 15:15:49', 'M', NULL),
(75, 3, 'HOUNZANDJI', 'Aldric Samuel', NULL, '2024-10-17 15:15:49', 'M', NULL),
(78, 3, 'KPONHINTO', 'Prudent Stiven', NULL, '2024-10-17 15:15:49', 'M', NULL),
(80, 3, 'ONANGA', 'Robben', NULL, '2024-10-17 15:15:49', 'M', NULL),
(81, 3, 'SAGBO', 'Shalom', NULL, '2024-10-17 15:15:49', 'M', NULL),
(82, 3, 'SALOU', 'Abdou Wahab', NULL, '2024-10-17 15:15:49', 'M', NULL),
(83, 3, 'SEWADE', 'Dyregoav', NULL, '2024-10-17 15:15:49', 'm', NULL),
(84, 3, 'VIDEGLA', 'Parfait', NULL, '2024-10-17 15:15:49', 'M', NULL),
(85, 4, 'ADANMAHO', 'Amael', NULL, '2024-10-17 15:15:49', 'M', NULL),
(86, 4, 'Alia', 'Lionel', NULL, '2024-10-17 15:15:49', 'M', NULL),
(88, 2, 'AMOUSSOU', 'Marie-Elisabeth', NULL, '2024-10-17 15:15:49', 'F', NULL),
(93, 2, 'HOUNNON', 'Zoe', NULL, '2024-10-17 15:15:49', 'F', NULL),
(101, 2, 'DAVID-GNAHOUI', 'Lucil', NULL, '2024-10-17 15:15:49', 'M', NULL),
(103, 3, 'ALIOU', 'Traore Halilath', NULL, '2024-10-17 15:15:49', 'F', NULL),
(104, 3, 'DAOUDA', 'Joy', NULL, '2024-10-17 15:15:49', 'F', NULL),
(105, 3, 'DATO', 'Oceane', NULL, '2024-10-17 15:15:49', 'm', NULL),
(106, 3, 'DOSSOU', 'Priscille', NULL, '2024-10-17 15:15:49', 'F', NULL),
(108, 3, 'LAWSON', 'Annaella', NULL, '2024-10-17 15:15:49', 'F', NULL),
(109, 3, 'SALAOU', 'Amirath', NULL, '2024-10-17 15:15:49', 'F', NULL),
(110, 4, 'ANIAMBOSSOU', 'Jordan', NULL, '2024-10-17 15:15:49', 'M', NULL),
(111, 4, 'ATCHADE', 'Lubedia', NULL, '2024-10-17 15:15:49', 'm', NULL),
(112, 4, 'BOTCHI', 'Private', NULL, '2024-10-17 15:15:49', 'M', NULL),
(113, 4, 'BOTOKOU', 'Marissa', NULL, '2024-10-17 15:15:49', 'F', NULL),
(115, 4, 'DOSSOU-YOVO', 'Afiavi', NULL, '2024-10-17 15:15:49', 'F', NULL),
(116, 4, 'GUEDEGBE', 'Frederic', NULL, '2024-10-17 15:15:49', 'M', NULL),
(117, 4, 'HOUANKOU', 'Regis', NULL, '2024-10-17 15:15:49', 'M', NULL),
(118, 4, 'HOUENDO', 'Faridath', NULL, '2024-10-17 15:15:49', 'F', NULL),
(119, 4, 'HOUNNON', 'Hosana', NULL, '2024-10-17 15:15:49', 'F', NULL),
(120, 4, 'HOUNKPONOU', 'Othiniel', NULL, '2024-10-17 15:15:49', 'M', NULL),
(141, 4, 'HOUSSOUKPEVI', 'Peneloppe', NULL, '2024-10-17 15:19:14', 'F', NULL),
(143, 4, 'KOTO', 'Emeraude', NULL, '2024-10-17 15:19:14', 'm', NULL),
(144, 4, 'METO', 'Abdoulmadjid', NULL, '2024-10-17 15:19:14', 'M', NULL),
(148, 4, 'NAHUM', 'Hermion', NULL, '2024-10-17 15:19:14', 'M', NULL),
(149, 4, 'REY', 'Stephano', NULL, '2024-10-17 15:19:14', 'm', NULL),
(150, 4, 'SALIFOU', 'Rayan', NULL, '2024-10-17 15:19:14', 'M', NULL),
(151, 4, 'SALIFOU', 'Moubachir', NULL, '2024-10-17 15:19:14', 'M', NULL),
(152, 4, 'SALIFOU', 'Hairane', NULL, '2024-10-17 15:19:14', 'M', NULL),
(153, 4, 'SANGARE', 'Kiria', NULL, '2024-10-17 15:19:14', 'F', NULL),
(155, 4, 'VIDEGLA', 'Gloria', NULL, '2024-10-17 15:19:14', 'F', NULL),
(156, 4, 'YESSOUF', 'Kodour', NULL, '2024-10-17 15:19:14', 'M', NULL),
(161, 5, 'ANANOU', 'Osnelle', NULL, '2024-10-17 15:25:42', 'F', NULL),
(162, 5, 'ATOUHUN', 'Matthieu', NULL, '2024-10-17 15:25:42', 'M', NULL),
(163, 5, 'BAKO', 'Roukayath', NULL, '2024-10-17 15:25:42', 'F', NULL),
(164, 6, 'BOSSA', 'Peace nelson', NULL, '2024-10-17 15:25:42', 'm', NULL),
(165, 5, 'BOTOKOU', 'Ross', NULL, '2024-10-17 15:25:42', 'M', NULL),
(166, 5, 'COMAHOUE', 'Emmanuel', NULL, '2024-10-17 15:25:42', 'M', NULL),
(167, 6, 'COMAHOUE', 'Emmanuella', NULL, '2024-10-17 15:25:42', 'f', NULL),
(168, 5, 'DJEDJI', 'Farelle', NULL, '2024-10-17 15:25:42', 'F', NULL),
(169, 6, 'DOSSOU', 'Caleb', NULL, '2024-10-17 15:25:42', 'm', NULL),
(171, 6, 'GBEFFE', 'Jennifer', NULL, '2024-10-17 15:25:42', 'm', NULL),
(172, 6, 'GNIWOUNON', 'Jacques', NULL, '2024-10-17 15:25:42', 'm', NULL),
(173, 5, 'HOUANKOUN', 'Haudes', NULL, '2024-10-17 15:25:42', 'M', NULL),
(174, 5, 'HOUNNON', 'Gracias', NULL, '2024-10-17 15:25:42', 'F', NULL),
(176, 5, 'HOUNTONDJI', 'Oceane', NULL, '2024-10-17 15:25:42', 'F', NULL),
(177, 5, 'KOUCOU', 'Laurie', NULL, '2024-10-17 15:25:42', 'F', NULL),
(191, 6, 'KPONHINTO', 'Michael', NULL, '2024-10-17 15:27:18', 'm', NULL),
(192, 6, 'OGOUBI', 'Moutakiyou', NULL, '2024-10-17 15:27:18', 'm', NULL),
(194, 6, 'SALAHOU', 'Moubarack', NULL, '2024-10-17 15:27:18', 'm', NULL),
(196, 6, 'SEKLE', 'Emmanuel', NULL, '2024-10-17 15:27:18', 'm', NULL),
(197, 5, 'SELLO', 'Jennifer', NULL, '2024-10-17 15:27:18', 'F', NULL),
(198, 6, 'SEWADE', 'Riaboff', NULL, '2024-10-17 15:27:18', 'm', NULL),
(200, 6, 'TCHANHOUN', 'Ydevet', NULL, '2024-10-17 15:27:18', 'm', NULL),
(201, 5, ' TOURE', 'Chady', NULL, '2024-10-17 15:27:18', 'M', NULL),
(202, 5, 'TOURE', 'Dhykr', NULL, '2024-10-17 15:27:18', 'M', NULL),
(203, 6, 'ZINSOU GNANWI', 'Honorat', NULL, '2024-10-17 15:27:18', 'm', NULL),
(205, 8, 'AHOUANSOU', 'Marie-Christa', NULL, '2024-10-17 15:27:18', 'm', NULL),
(218, 13, 'DEGAN', 'Ezechiel', NULL, '2024-10-17 15:27:18', 'm', NULL),
(219, 13, 'DOSSOU', 'Esther', NULL, '2024-10-17 15:27:18', 'm', NULL),
(220, 13, 'GBEHON', 'Frejus', NULL, '2024-10-17 15:27:18', 'm', NULL),
(221, 13, 'HOUNGBO', 'Natacha', NULL, '2024-10-17 15:27:18', 'm', NULL),
(222, 13, 'NOATI', 'Dramane', NULL, '2024-10-17 15:27:19', 'm', NULL),
(223, 13, 'SODOKIN', 'Sephora', NULL, '2024-10-17 15:27:19', 'm', NULL),
(225, 9, 'ALIA', 'Nehemie', NULL, '2024-10-17 15:27:19', 'F', NULL),
(226, 9, 'COMAHOUE', 'Victoria', NULL, '2024-10-17 15:27:19', 'F', NULL),
(227, 14, 'EKPO', 'Frederic', NULL, '2024-10-17 15:27:19', 'M', NULL),
(229, 9, 'HOUNVEZON', ' Benie de Grace', NULL, '2024-10-17 15:27:19', 'F', NULL),
(231, 14, 'YESSOUFOU', 'Rachidath', NULL, '2024-10-17 15:27:19', 'F', NULL),
(232, 14, 'ZOUMENOU', 'Nelson', NULL, '2024-10-17 15:27:19', 'M', NULL),
(233, 11, 'AGUEMON', 'Rochelle Gracia', NULL, '2024-10-17 15:27:19', 'F', NULL),
(234, 11, 'ANANOU', 'Ornella', NULL, '2024-10-17 15:27:19', 'F', NULL),
(235, 11, 'ATCHADE', 'Hibmele', NULL, '2024-10-17 15:27:19', 'f', NULL),
(236, 11, 'DEGBEGNI', 'Daniel', NULL, '2024-10-17 15:27:19', 'M', NULL),
(237, 11, 'HOUNKPONOU', 'Hanniel', NULL, '2024-10-17 15:27:19', 'M', NULL),
(238, 11, 'LAWSON', 'Emmanuella', NULL, '2024-10-17 15:27:19', 'F', NULL),
(240, 11, 'REY', 'Stiven', NULL, '2024-10-17 15:27:19', 'M', NULL),
(241, 11, 'SAGBO', 'Selom', NULL, '2024-10-17 15:27:19', 'M', NULL),
(242, 11, 'SALIFOU', 'Zarifath', NULL, '2024-10-17 15:27:19', 'F', NULL),
(244, 11, 'GBEFFE', 'Jean-Marc', NULL, '2024-10-17 15:27:19', 'M', NULL),
(252, 11, 'AMOUZOUN', 'Chancelie', NULL, '2024-10-17 15:27:19', 'F', NULL),
(261, 11, 'SOUMAH', 'Owen', NULL, '2024-10-17 15:27:19', 'M', NULL),
(262, 11, 'TCHIAKPE', 'Merveille', NULL, '2024-10-17 15:27:19', 'F', NULL),
(263, 3, 'GAMON', 'Fanchon Emmanuella', NULL, '2024-10-24 09:13:48', 'f', NULL),
(264, 3, 'JOHNSON', 'Priscille', NULL, '2024-10-24 09:15:32', 'f', NULL),
(265, 3, 'KOKODOKO KUASSI', 'Eliezher françois', NULL, '2024-10-24 09:18:25', 'm', NULL),
(266, 3, 'MEGBLETO', 'Mardochee', NULL, '2024-10-24 09:19:14', 'm', NULL),
(267, 3, 'METANGNI', 'Vanessa', NULL, '2024-10-24 09:20:06', 'f', NULL),
(268, 3, 'SODOKIN', 'Prince', NULL, '2024-10-24 09:20:54', 'm', NULL),
(269, 3, 'SOMDE', 'Victoire', NULL, '2024-10-24 09:24:15', 'f', NULL),
(270, 4, 'GBADOU', 'Mechack', NULL, '2024-10-24 09:34:14', 'm', NULL),
(271, 4, 'HESSOU', 'Dieudonné', NULL, '2024-10-24 09:34:54', 'm', NULL),
(272, 4, 'HOUESSOU', 'Merveille', NULL, '2024-10-24 09:35:52', 'f', NULL),
(273, 4, 'KPOMASSI', 'Constancia', NULL, '2024-10-24 09:36:46', 'f', NULL),
(274, 4, 'TCHANHOUN', 'David', NULL, '2024-10-24 09:37:53', 'm', NULL),
(275, 4, 'TOSSOU', 'Marie Antoine', NULL, '2024-10-24 09:39:07', 'm', NULL),
(276, 4, 'VILON GUEZO', 'Jennifer', NULL, '2024-10-24 09:40:19', 'm', NULL),
(277, 4, 'ZOSSOU-ZOLA', 'Accompli', NULL, '2024-10-24 09:42:47', 'f', NULL),
(278, 5, 'AHOYO', 'Fleuriol', NULL, '2024-10-29 10:52:55', 'm', NULL),
(279, 5, 'JOHNSON', 'Joseph', NULL, '2024-10-29 10:54:52', 'm', NULL),
(280, 5, 'KAKPOSSA', 'Grace', NULL, '2024-10-29 10:56:36', 'm', NULL),
(281, 6, 'AMOUSSOU', 'Noe', NULL, '2024-10-29 11:18:07', 'm', NULL),
(282, 6, 'ATIDEHOU', 'Anne_Marie', NULL, '2024-10-29 11:20:39', 'f', NULL),
(283, 6, 'DECKON', 'Roukyath', NULL, '2024-10-29 11:22:53', 'm', NULL),
(284, 6, 'DEGBEY', 'Merite', NULL, '2024-10-29 11:23:36', 'm', NULL),
(285, 6, 'HOUANYE', 'Emeraude', NULL, '2024-10-29 11:26:25', 'm', NULL),
(286, 6, 'HOUANYE', 'Emmanuella', NULL, '2024-10-29 11:27:17', 'm', NULL),
(287, 6, 'IBRAHIM', 'Moudjibath', NULL, '2024-10-29 11:29:20', 'm', NULL),
(288, 6, 'TOSSOU', 'Darcelle', NULL, '2024-10-29 11:33:58', 'm', NULL),
(289, 12, 'AYIVI', 'Floriane', NULL, '2024-10-29 11:40:46', 'f', NULL),
(290, 12, 'AZONNOUDO', 'Princesse', NULL, '2024-10-29 11:42:24', 'f', NULL),
(291, 12, 'CHAGAS', 'Marie-Maxima', NULL, '2024-10-29 11:43:52', 'f', NULL),
(292, 12, 'JOHNSON', 'Simisola', NULL, '2024-10-29 11:44:43', 'f', NULL),
(293, 12, 'KPONHINTO', 'Charnelle', NULL, '2024-10-29 11:45:50', 'f', NULL),
(294, 12, 'LOKA', 'Adnane', NULL, '2024-10-29 11:46:29', 'm', NULL),
(295, 8, 'AZONNOUDO', 'Princia', NULL, '2024-10-29 11:47:46', 'm', NULL),
(298, 13, 'AGUIDISSOU', 'Orphine', NULL, '2024-10-29 11:58:36', 'f', NULL),
(299, 13, 'ANAGONOU', 'Joel', NULL, '2024-10-29 11:59:49', 'm', NULL),
(300, 13, 'ATTA-TCHARO', 'Nousrath', NULL, '2024-10-29 12:03:32', 'm', NULL),
(301, 13, 'SOSSOUKPE', 'Tanguyonne', NULL, '2024-10-29 12:05:18', 'm', NULL),
(302, 15, 'AGBOSSOU', 'Peace', NULL, '2024-10-29 12:20:08', 'f', NULL),
(303, 15, 'AVIGBE', 'Bonheur', NULL, '2024-10-29 12:20:48', 'm', NULL),
(304, 9, 'GANHOUEGNON', 'Laurine', NULL, '2024-10-29 12:25:06', 'f', NULL),
(305, 9, 'SODOKIN', 'Dorcas', NULL, '2024-10-29 12:25:45', 'f', NULL),
(306, 14, 'AWOGA', 'Léticia', NULL, '2024-10-29 12:29:17', 'm', NULL),
(307, 14, 'HLANNON', 'Fernande', NULL, '2024-10-29 12:30:42', 'f', NULL),
(308, 11, 'SEWADE', 'Lefevre', NULL, '2024-10-29 12:41:21', 'm', NULL);

-- --------------------------------------------------------

--
-- Structure de la table `eleves_backup`
--

DROP TABLE IF EXISTS `eleves_backup`;
CREATE TABLE IF NOT EXISTS `eleves_backup` (
  `id` int NOT NULL AUTO_INCREMENT,
  `name` varchar(255) COLLATE utf8mb4_unicode_ci NOT NULL,
  `classe` varchar(255) COLLATE utf8mb4_unicode_ci NOT NULL,
  `created_at` datetime NOT NULL COMMENT '(DC2Type:datetime_immutable)',
  `annee_scolaire` varchar(30) COLLATE utf8mb4_unicode_ci DEFAULT NULL,
  PRIMARY KEY (`id`)
) ENGINE=InnoDB AUTO_INCREMENT=4 DEFAULT CHARSET=utf8mb4 COLLATE=utf8mb4_unicode_ci;

--
-- Déchargement des données de la table `eleves_backup`
--

INSERT INTO `eleves_backup` (`id`, `name`, `classe`, `created_at`, `annee_scolaire`) VALUES
(1, 'VLETEIN Ferry', '6e', '2024-12-02 10:38:53', '2024-2025'),
(2, 'KAKPOSSA Grace', '2nde AB', '2024-12-02 11:36:44', '2024-2025'),
(3, 'HOUNYE Parfaite', '5e', '2024-12-11 10:09:12', '2024-2025');

-- --------------------------------------------------------

--
-- Structure de la table `emplois_du_temps`
--

DROP TABLE IF EXISTS `emplois_du_temps`;
CREATE TABLE IF NOT EXISTS `emplois_du_temps` (
  `id` int NOT NULL AUTO_INCREMENT,
  `classe_id` int NOT NULL,
  `jour` varchar(255) COLLATE utf8mb4_unicode_ci NOT NULL,
  `heure_debut` time NOT NULL COMMENT '(DC2Type:time_immutable)',
  `heure_fin` time NOT NULL COMMENT '(DC2Type:time_immutable)',
  PRIMARY KEY (`id`),
  KEY `IDX_1FC0BCE18F5EA509` (`classe_id`)
) ENGINE=InnoDB DEFAULT CHARSET=utf8mb4 COLLATE=utf8mb4_unicode_ci;

-- --------------------------------------------------------

--
-- Structure de la table `emplois_du_temps_matieres`
--

DROP TABLE IF EXISTS `emplois_du_temps_matieres`;
CREATE TABLE IF NOT EXISTS `emplois_du_temps_matieres` (
  `emplois_du_temps_id` int NOT NULL,
  `matieres_id` int NOT NULL,
  PRIMARY KEY (`emplois_du_temps_id`,`matieres_id`),
  KEY `IDX_31DE4F371D755CBC` (`emplois_du_temps_id`),
  KEY `IDX_31DE4F3782350831` (`matieres_id`)
) ENGINE=InnoDB DEFAULT CHARSET=utf8mb4 COLLATE=utf8mb4_unicode_ci;

-- --------------------------------------------------------

--
-- Structure de la table `enseignants`
--

DROP TABLE IF EXISTS `enseignants`;
CREATE TABLE IF NOT EXISTS `enseignants` (
  `id` int NOT NULL AUTO_INCREMENT,
  `matiere_id` int DEFAULT NULL,
  `nom` varchar(255) COLLATE utf8mb4_unicode_ci NOT NULL,
  `prenom` varchar(255) COLLATE utf8mb4_unicode_ci NOT NULL,
  `telephone` varchar(255) COLLATE utf8mb4_unicode_ci NOT NULL,
  `created_at` datetime NOT NULL DEFAULT CURRENT_TIMESTAMP COMMENT '(DC2Type:datetime_immutable)',
  `sexe` varchar(3) COLLATE utf8mb4_unicode_ci NOT NULL,
  PRIMARY KEY (`id`),
  KEY `IDX_BA5EFB5AF46CD258` (`matiere_id`)
) ENGINE=InnoDB DEFAULT CHARSET=utf8mb4 COLLATE=utf8mb4_unicode_ci;

-- --------------------------------------------------------

--
-- Structure de la table `evaluations`
--

DROP TABLE IF EXISTS `evaluations`;
CREATE TABLE IF NOT EXISTS `evaluations` (
  `id` int NOT NULL AUTO_INCREMENT,
  `annee_scolaire_id` int NOT NULL,
  `nom` varchar(30) COLLATE utf8mb4_unicode_ci NOT NULL,
  PRIMARY KEY (`id`),
  KEY `IDX_3B72691D9331C741` (`annee_scolaire_id`)
) ENGINE=InnoDB AUTO_INCREMENT=5 DEFAULT CHARSET=utf8mb4 COLLATE=utf8mb4_unicode_ci;

--
-- Déchargement des données de la table `evaluations`
--

INSERT INTO `evaluations` (`id`, `annee_scolaire_id`, `nom`) VALUES
(1, 1, 'Devoir 1'),
(2, 1, 'Devoir 2'),
(3, 1, 'MI'),
(4, 1, 'DH');

-- --------------------------------------------------------

--
-- Structure de la table `examinations`
--

DROP TABLE IF EXISTS `examinations`;
CREATE TABLE IF NOT EXISTS `examinations` (
  `id` int NOT NULL AUTO_INCREMENT,
  `classe_id` int NOT NULL,
  `evaluation_id` int NOT NULL,
  `matiere_id` int NOT NULL,
  `date_examination` date NOT NULL,
  `trimestre` int NOT NULL,
  PRIMARY KEY (`id`),
  KEY `IDX_F0CC239F8F5EA509` (`classe_id`),
  KEY `IDX_F0CC239F456C5646` (`evaluation_id`),
  KEY `IDX_F0CC239FF46CD258` (`matiere_id`)
) ENGINE=InnoDB AUTO_INCREMENT=397 DEFAULT CHARSET=utf8mb4 COLLATE=utf8mb4_unicode_ci;

--
-- Déchargement des données de la table `examinations`
--

INSERT INTO `examinations` (`id`, `classe_id`, `evaluation_id`, `matiere_id`, `date_examination`, `trimestre`) VALUES
(39, 1, 1, 1, '2024-11-08', 1),
(40, 1, 1, 2, '2024-11-08', 1),
(41, 1, 1, 3, '2024-11-08', 1),
(42, 1, 1, 4, '2024-11-08', 1),
(43, 1, 1, 5, '2024-11-08', 1),
(44, 1, 1, 6, '2024-11-08', 1),
(45, 1, 1, 7, '2024-11-08', 1),
(46, 1, 1, 8, '2024-11-08', 1),
(47, 2, 1, 10, '2024-11-08', 1),
(48, 2, 1, 11, '2024-11-08', 1),
(49, 2, 1, 13, '2024-11-08', 1),
(50, 2, 1, 14, '2024-11-08', 1),
(51, 2, 1, 15, '2024-11-08', 1),
(52, 2, 1, 16, '2024-11-08', 1),
(53, 2, 1, 12, '2024-11-08', 1),
(54, 2, 1, 17, '2024-11-08', 1),
(55, 2, 1, 19, '2024-11-08', 1),
(56, 3, 1, 21, '2024-11-12', 1),
(57, 3, 1, 22, '2024-11-12', 1),
(58, 3, 1, 23, '2024-11-12', 1),
(59, 3, 1, 24, '2024-11-12', 1),
(60, 3, 1, 25, '2024-11-12', 1),
(61, 3, 1, 26, '2024-11-12', 1),
(62, 3, 1, 27, '2024-11-12', 1),
(63, 3, 1, 28, '2024-11-12', 1),
(64, 3, 1, 29, '2024-11-12', 1),
(65, 4, 1, 31, '2024-11-12', 1),
(66, 4, 1, 32, '2024-11-15', 1),
(67, 4, 1, 33, '2024-11-15', 1),
(68, 4, 1, 34, '2024-11-15', 1),
(69, 4, 1, 35, '2024-11-15', 1),
(70, 4, 1, 36, '2024-11-15', 1),
(71, 4, 1, 37, '2024-11-15', 1),
(72, 4, 1, 38, '2024-11-15', 1),
(73, 4, 1, 39, '2024-11-15', 1),
(74, 5, 1, 41, '2024-11-18', 1),
(75, 5, 1, 42, '2024-11-18', 1),
(76, 5, 1, 43, '2024-11-18', 1),
(77, 5, 1, 44, '2024-11-18', 1),
(78, 5, 1, 45, '2024-11-18', 1),
(79, 5, 1, 46, '2024-11-18', 1),
(80, 5, 1, 47, '2024-11-18', 1),
(81, 5, 1, 48, '2024-11-18', 1),
(82, 5, 1, 49, '2024-11-18', 1),
(83, 14, 1, 88, '2024-11-19', 1),
(84, 14, 1, 89, '2024-11-19', 1),
(85, 14, 1, 90, '2024-11-19', 1),
(86, 14, 1, 91, '2024-11-19', 1),
(87, 14, 1, 92, '2024-11-19', 1),
(88, 14, 1, 93, '2024-11-19', 1),
(89, 14, 1, 94, '2024-11-19', 1),
(90, 14, 1, 95, '2024-11-19', 1),
(91, 9, 1, 97, '2024-11-19', 1),
(92, 9, 1, 98, '2024-11-19', 1),
(93, 9, 1, 99, '2024-11-19', 1),
(94, 9, 1, 100, '2024-11-19', 1),
(95, 9, 1, 101, '2024-11-19', 1),
(96, 9, 1, 102, '2024-11-19', 1),
(97, 9, 1, 103, '2024-11-19', 1),
(98, 9, 1, 104, '2024-11-19', 1),
(99, 11, 1, 106, '2024-11-19', 1),
(100, 11, 1, 107, '2024-11-19', 1),
(101, 11, 1, 108, '2024-11-19', 1),
(102, 11, 1, 109, '2024-11-19', 1),
(103, 11, 1, 110, '2024-11-19', 1),
(104, 11, 1, 112, '2024-11-19', 1),
(105, 11, 1, 113, '2024-11-19', 1),
(106, 11, 1, 111, '2024-11-19', 1),
(107, 6, 1, 51, '2024-11-20', 1),
(108, 6, 1, 52, '2024-11-20', 1),
(109, 6, 1, 53, '2024-11-20', 1),
(110, 6, 1, 54, '2024-11-20', 1),
(111, 6, 1, 55, '2024-11-20', 1),
(112, 6, 1, 56, '2024-11-20', 1),
(113, 6, 1, 57, '2024-11-20', 1),
(114, 6, 1, 58, '2024-11-20', 1),
(115, 8, 1, 60, '2024-11-20', 1),
(116, 8, 1, 61, '2024-11-20', 1),
(117, 8, 1, 62, '2024-11-20', 1),
(118, 8, 1, 63, '2024-11-20', 1),
(119, 8, 1, 64, '2024-11-20', 1),
(120, 8, 1, 66, '2024-11-20', 1),
(121, 8, 1, 67, '2024-11-20', 1),
(122, 12, 1, 69, '2024-11-20', 1),
(123, 12, 1, 70, '2024-11-20', 1),
(124, 12, 1, 71, '2024-11-20', 1),
(125, 12, 1, 72, '2024-11-20', 1),
(126, 12, 1, 73, '2024-11-20', 1),
(127, 12, 1, 74, '2024-11-20', 1),
(128, 12, 1, 75, '2024-11-20', 1),
(129, 12, 1, 76, '2024-11-20', 1),
(130, 12, 1, 77, '2024-11-20', 1),
(131, 13, 1, 79, '2024-11-20', 1),
(132, 13, 1, 80, '2024-11-20', 1),
(133, 13, 1, 81, '2024-11-20', 1),
(134, 13, 1, 82, '2024-11-20', 1),
(135, 13, 1, 83, '2024-11-20', 1),
(136, 13, 1, 84, '2024-11-20', 1),
(137, 13, 1, 85, '2024-11-20', 1),
(138, 13, 1, 86, '2024-11-20', 1),
(139, 15, 1, 115, '2024-11-21', 1),
(140, 15, 1, 116, '2024-11-21', 1),
(141, 15, 1, 117, '2024-11-21', 1),
(142, 15, 1, 118, '2024-11-21', 1),
(143, 15, 1, 119, '2024-11-21', 1),
(144, 15, 1, 121, '2024-11-21', 1),
(145, 15, 1, 122, '2024-11-21', 1),
(146, 15, 1, 123, '2024-11-21', 1),
(147, 2, 2, 10, '2024-12-05', 1),
(148, 2, 2, 11, '2024-12-05', 1),
(150, 2, 2, 13, '2024-12-05', 1),
(152, 2, 2, 15, '2024-12-05', 1),
(153, 2, 2, 16, '2024-12-05', 1),
(154, 2, 2, 17, '2024-12-05', 1),
(155, 2, 2, 18, '2024-12-05', 1),
(156, 2, 2, 19, '2024-12-05', 1),
(157, 2, 2, 20, '2024-12-07', 1),
(158, 2, 2, 12, '2024-12-07', 1),
(159, 2, 2, 14, '2024-12-07', 1),
(160, 2, 3, 10, '2024-12-07', 1),
(161, 2, 3, 11, '2024-12-07', 1),
(162, 2, 3, 12, '2024-12-07', 1),
(163, 2, 3, 13, '2024-12-07', 1),
(164, 2, 3, 14, '2024-12-07', 1),
(165, 2, 3, 15, '2024-12-07', 1),
(166, 2, 3, 16, '2024-12-07', 1),
(167, 2, 3, 17, '2024-12-07', 1),
(168, 2, 3, 18, '2024-12-07', 1),
(169, 2, 3, 19, '2024-12-07', 1),
(170, 1, 3, 1, '2024-12-07', 1),
(171, 1, 3, 2, '2024-12-07', 1),
(172, 1, 3, 3, '2024-12-07', 1),
(173, 1, 3, 4, '2024-12-07', 1),
(174, 1, 3, 5, '2024-12-07', 1),
(175, 1, 3, 6, '2024-12-07', 1),
(176, 1, 3, 7, '2024-12-07', 1),
(177, 1, 3, 8, '2024-12-07', 1),
(178, 1, 3, 9, '2024-12-07', 1),
(179, 1, 3, 124, '2024-12-07', 1),
(180, 1, 2, 1, '2024-12-07', 1),
(181, 1, 2, 2, '2024-12-07', 1),
(182, 1, 2, 3, '2024-12-07', 1),
(183, 1, 2, 4, '2024-12-07', 1),
(184, 1, 2, 5, '2024-12-07', 1),
(185, 1, 2, 6, '2024-12-07', 1),
(186, 1, 2, 7, '2024-12-07', 1),
(187, 1, 2, 8, '2024-12-07', 1),
(188, 1, 2, 9, '2024-12-07', 1),
(189, 1, 2, 124, '2024-12-07', 1),
(190, 3, 3, 21, '2024-12-07', 1),
(191, 3, 3, 22, '2024-12-07', 1),
(192, 3, 3, 23, '2024-12-07', 1),
(193, 3, 3, 24, '2024-12-07', 1),
(194, 3, 3, 25, '2024-12-07', 1),
(195, 3, 3, 26, '2024-12-07', 1),
(196, 3, 3, 27, '2024-12-07', 1),
(197, 3, 3, 28, '2024-12-07', 1),
(198, 3, 3, 29, '2024-12-07', 1),
(200, 3, 2, 21, '2024-12-07', 1),
(201, 3, 2, 22, '2024-12-07', 1),
(202, 3, 2, 23, '2024-12-07', 1),
(203, 3, 2, 24, '2024-12-07', 1),
(204, 3, 2, 25, '2024-12-07', 1),
(205, 3, 2, 26, '2024-12-07', 1),
(206, 3, 2, 27, '2024-12-07', 1),
(207, 3, 2, 28, '2024-12-07', 1),
(208, 3, 2, 29, '2024-12-07', 1),
(209, 3, 2, 30, '2024-12-07', 1),
(210, 4, 3, 31, '2024-12-07', 1),
(211, 4, 3, 32, '2024-12-07', 1),
(212, 4, 3, 33, '2024-12-07', 1),
(213, 4, 3, 34, '2024-12-07', 1),
(214, 4, 3, 35, '2024-12-07', 1),
(215, 4, 3, 36, '2024-12-07', 1),
(216, 4, 3, 37, '2024-12-07', 1),
(217, 4, 3, 38, '2024-12-07', 1),
(218, 4, 3, 39, '2024-12-07', 1),
(219, 4, 3, 40, '2024-12-07', 1),
(220, 4, 2, 31, '2024-12-07', 1),
(221, 4, 2, 32, '2024-12-07', 1),
(222, 4, 2, 33, '2024-12-07', 1),
(223, 4, 2, 34, '2024-12-07', 1),
(224, 4, 2, 35, '2024-12-07', 1),
(225, 4, 2, 36, '2024-12-07', 1),
(226, 4, 2, 37, '2024-12-07', 1),
(227, 4, 2, 38, '2024-12-07', 1),
(229, 4, 2, 40, '2024-12-07', 1),
(230, 4, 2, 39, '2024-12-07', 1),
(231, 5, 2, 41, '2024-12-09', 1),
(232, 5, 2, 42, '2024-12-09', 1),
(233, 5, 2, 43, '2024-12-09', 1),
(234, 5, 2, 44, '2024-12-09', 1),
(235, 5, 2, 45, '2024-12-09', 1),
(236, 5, 2, 46, '2024-12-09', 1),
(237, 5, 2, 47, '2024-12-09', 1),
(238, 5, 2, 48, '2024-12-09', 1),
(239, 5, 2, 49, '2024-12-09', 1),
(240, 5, 2, 50, '2024-12-09', 1),
(241, 5, 3, 41, '2024-12-09', 1),
(242, 5, 3, 42, '2024-12-09', 1),
(243, 5, 3, 43, '2024-12-09', 1),
(244, 5, 3, 44, '2024-12-09', 1),
(245, 5, 3, 45, '2024-12-09', 1),
(246, 5, 3, 46, '2024-12-09', 1),
(247, 5, 3, 47, '2024-12-09', 1),
(248, 5, 3, 48, '2024-12-09', 1),
(249, 5, 3, 49, '2024-12-09', 1),
(250, 12, 2, 69, '2024-12-09', 1),
(251, 12, 2, 70, '2024-12-09', 1),
(252, 12, 2, 71, '2024-12-09', 1),
(253, 12, 2, 72, '2024-12-09', 1),
(254, 12, 2, 73, '2024-12-09', 1),
(255, 12, 2, 74, '2024-12-09', 1),
(256, 12, 2, 75, '2024-12-09', 1),
(257, 12, 2, 76, '2024-12-09', 1),
(258, 12, 2, 77, '2024-12-09', 1),
(259, 12, 2, 78, '2024-12-09', 1),
(260, 12, 3, 69, '2024-12-09', 1),
(261, 12, 3, 70, '2024-12-09', 1),
(262, 12, 3, 71, '2024-12-09', 1),
(263, 12, 3, 72, '2024-12-09', 1),
(264, 12, 3, 73, '2024-12-09', 1),
(265, 12, 3, 74, '2024-12-09', 1),
(266, 12, 3, 75, '2024-12-09', 1),
(267, 12, 3, 76, '2024-12-09', 1),
(268, 12, 3, 77, '2024-12-09', 1),
(269, 8, 2, 60, '2024-12-09', 1),
(270, 8, 2, 61, '2024-12-09', 1),
(271, 8, 2, 62, '2024-12-09', 1),
(272, 8, 2, 63, '2024-12-09', 1),
(273, 8, 2, 64, '2024-12-09', 1),
(278, 8, 3, 60, '2024-12-09', 1),
(279, 8, 3, 61, '2024-12-09', 1),
(280, 8, 3, 62, '2024-12-09', 1),
(281, 8, 3, 63, '2024-12-09', 1),
(282, 8, 3, 64, '2024-12-09', 1),
(283, 8, 3, 65, '2024-12-09', 1),
(285, 8, 3, 67, '2024-12-09', 1),
(286, 8, 2, 65, '2024-12-09', 1),
(287, 8, 2, 66, '2024-12-09', 1),
(288, 8, 2, 67, '2024-12-09', 1),
(289, 6, 2, 51, '2024-12-10', 1),
(290, 6, 2, 52, '2024-12-10', 1),
(291, 6, 2, 53, '2024-12-10', 1),
(292, 6, 2, 54, '2024-12-10', 1),
(293, 6, 2, 55, '2024-12-10', 1),
(294, 6, 2, 56, '2024-12-10', 1),
(295, 6, 2, 57, '2024-12-10', 1),
(296, 6, 2, 58, '2024-12-10', 1),
(297, 6, 2, 59, '2024-12-10', 1),
(298, 6, 3, 51, '2024-12-10', 1),
(299, 6, 3, 52, '2024-12-10', 1),
(300, 6, 3, 53, '2024-12-10', 1),
(301, 6, 3, 54, '2024-12-10', 1),
(302, 6, 3, 55, '2024-12-10', 1),
(303, 6, 3, 56, '2024-12-10', 1),
(304, 6, 3, 57, '2024-12-10', 1),
(305, 6, 3, 58, '2024-12-10', 1),
(307, 13, 2, 79, '2024-12-11', 1),
(308, 13, 2, 80, '2024-12-11', 1),
(309, 13, 2, 81, '2024-12-11', 1),
(310, 13, 2, 82, '2024-12-11', 1),
(311, 13, 2, 83, '2024-12-11', 1),
(312, 13, 2, 84, '2024-12-11', 1),
(313, 13, 2, 85, '2024-12-11', 1),
(314, 13, 2, 86, '2024-12-11', 1),
(315, 13, 2, 87, '2024-12-11', 1),
(316, 13, 3, 79, '2024-12-11', 1),
(317, 13, 3, 80, '2024-12-11', 1),
(318, 13, 3, 81, '2024-12-11', 1),
(319, 13, 3, 82, '2024-12-11', 1),
(320, 13, 3, 83, '2024-12-11', 1),
(321, 13, 3, 84, '2024-12-11', 1),
(322, 13, 3, 85, '2024-12-11', 1),
(323, 13, 3, 86, '2024-12-11', 1),
(324, 15, 2, 115, '2024-12-11', 1),
(325, 15, 2, 116, '2024-12-11', 1),
(326, 15, 2, 117, '2024-12-11', 1),
(327, 15, 2, 118, '2024-12-11', 1),
(328, 15, 2, 119, '2024-12-11', 1),
(329, 15, 2, 120, '2024-12-11', 1),
(330, 15, 2, 121, '2024-12-11', 1),
(331, 15, 2, 122, '2024-12-11', 1),
(332, 15, 2, 123, '2024-12-11', 1),
(333, 15, 3, 115, '2024-12-11', 1),
(334, 15, 3, 116, '2024-12-11', 1),
(335, 15, 3, 117, '2024-12-11', 1),
(336, 15, 3, 118, '2024-12-11', 1),
(337, 15, 3, 119, '2024-12-11', 1),
(338, 15, 3, 121, '2024-12-11', 1),
(339, 15, 3, 122, '2024-12-11', 1),
(340, 15, 3, 123, '2024-12-11', 1),
(341, 9, 2, 97, '2024-12-11', 1),
(342, 9, 2, 98, '2024-12-11', 1),
(343, 9, 2, 99, '2024-12-11', 1),
(344, 9, 2, 100, '2024-12-11', 1),
(345, 9, 2, 101, '2024-12-11', 1),
(346, 9, 2, 102, '2024-12-11', 1),
(347, 9, 2, 103, '2024-12-11', 1),
(348, 9, 2, 104, '2024-12-11', 1),
(349, 9, 2, 105, '2024-12-11', 1),
(350, 9, 3, 97, '2024-12-11', 1),
(351, 9, 3, 98, '2024-12-11', 1),
(352, 9, 3, 99, '2024-12-11', 1),
(353, 9, 3, 100, '2024-12-11', 1),
(354, 9, 3, 101, '2024-12-11', 1),
(355, 9, 3, 102, '2024-12-11', 1),
(356, 9, 3, 103, '2024-12-11', 1),
(357, 9, 3, 104, '2024-12-11', 1),
(358, 14, 2, 88, '2024-12-11', 1),
(359, 14, 2, 89, '2024-12-11', 1),
(360, 14, 2, 90, '2024-12-11', 1),
(361, 14, 2, 91, '2024-12-11', 1),
(362, 14, 2, 92, '2024-12-11', 1),
(363, 14, 2, 93, '2024-12-11', 1),
(364, 14, 2, 94, '2024-12-11', 1),
(365, 14, 2, 95, '2024-12-11', 1),
(366, 14, 2, 96, '2024-12-11', 1),
(367, 1, 1, 124, '2024-12-11', 1),
(368, 2, 1, 18, '2024-12-11', 1),
(369, 8, 1, 65, '2024-12-11', 1),
(370, 8, 2, 68, '2024-12-11', 1),
(371, 8, 3, 66, '2024-12-11', 1),
(372, 14, 3, 88, '2024-12-12', 1),
(373, 14, 3, 89, '2024-12-12', 1),
(374, 14, 3, 91, '2024-12-12', 1),
(375, 14, 3, 92, '2024-12-12', 1),
(376, 14, 3, 93, '2024-12-12', 1),
(377, 14, 3, 94, '2024-12-12', 1),
(378, 14, 3, 95, '2024-12-12', 1),
(379, 14, 3, 90, '2024-12-12', 1),
(380, 11, 2, 106, '2024-12-12', 1),
(381, 11, 2, 107, '2024-12-12', 1),
(382, 11, 2, 108, '2024-12-12', 1),
(383, 11, 2, 109, '2024-12-12', 1),
(384, 11, 2, 110, '2024-12-12', 1),
(385, 11, 2, 111, '2024-12-12', 1),
(386, 11, 2, 112, '2024-12-12', 1),
(387, 11, 2, 113, '2024-12-12', 1),
(388, 11, 2, 114, '2024-12-12', 1),
(389, 11, 3, 106, '2024-12-12', 1),
(390, 11, 3, 107, '2024-12-12', 1),
(391, 11, 3, 108, '2024-12-12', 1),
(392, 11, 3, 109, '2024-12-12', 1),
(393, 11, 3, 110, '2024-12-12', 1),
(394, 11, 3, 111, '2024-12-12', 1),
(395, 11, 3, 112, '2024-12-12', 1),
(396, 11, 3, 113, '2024-12-12', 1);

-- --------------------------------------------------------

--
-- Structure de la table `matieres`
--

DROP TABLE IF EXISTS `matieres`;
CREATE TABLE IF NOT EXISTS `matieres` (
  `id` int NOT NULL AUTO_INCREMENT,
  `nom` varchar(255) COLLATE utf8mb4_unicode_ci NOT NULL,
  PRIMARY KEY (`id`)
) ENGINE=InnoDB AUTO_INCREMENT=125 DEFAULT CHARSET=utf8mb4 COLLATE=utf8mb4_unicode_ci;

--
-- Déchargement des données de la table `matieres`
--

INSERT INTO `matieres` (`id`, `nom`) VALUES
(1, 'Communication Ecrite'),
(2, 'Lecture'),
(3, 'Histoire Géographie'),
(4, 'Anglais'),
(5, 'SVT'),
(6, 'PCT'),
(7, 'Mathématiques'),
(8, 'EPS'),
(9, 'Conduite'),
(10, 'Communication Ecrite'),
(11, 'Lecture'),
(12, 'Histoire Géographie'),
(13, 'Anglais'),
(14, 'SVT'),
(15, 'PCT'),
(16, 'Mathématiques'),
(17, 'Espagnol'),
(18, 'Informatique'),
(19, 'EPS'),
(20, 'Conduite'),
(21, 'Communication Ecrite'),
(22, 'Lecture'),
(23, 'Histoire Géographie'),
(24, 'Anglais'),
(25, 'SVT'),
(26, 'PCT'),
(27, 'Mathématiques'),
(28, 'Allemand/Espagnol'),
(29, 'EPS'),
(30, 'Conduite'),
(31, 'Communication Ecrite'),
(32, 'Lecture'),
(33, 'Histoire Géographie'),
(34, 'Anglais'),
(35, 'SVT'),
(36, 'PCT'),
(37, 'Mathématiques'),
(38, 'Allemand/Espagnol'),
(39, 'EPS'),
(40, 'Conduite'),
(41, 'Français'),
(42, 'Anglais'),
(43, 'Histoire Géographie'),
(44, 'Philosophie'),
(45, 'Allemand/Espagnol'),
(46, 'SVT'),
(47, 'Mathématiques'),
(48, 'Economie'),
(49, 'EPS'),
(50, 'Conduite'),
(51, 'Français'),
(52, 'Anglais'),
(53, 'Histoire Géographie'),
(54, 'Philosophie'),
(55, 'PCT'),
(56, 'SVT'),
(57, 'Mathématiques'),
(58, 'EPS'),
(59, 'Conduite'),
(60, 'Français'),
(61, 'Anglais'),
(62, 'Histoire Géographie'),
(63, 'Philosophie'),
(64, 'LV2'),
(65, 'SVT'),
(66, 'Mathématiques'),
(67, 'EPS'),
(68, 'Conduite'),
(69, 'Français'),
(70, 'LV1'),
(71, 'Histoire Géographie'),
(72, 'Philosophie'),
(73, 'LV2'),
(74, 'SVT'),
(75, 'Mathématiques'),
(76, 'Economie'),
(77, 'EPS'),
(78, 'Conduite'),
(79, 'Français'),
(80, 'Anglais'),
(81, 'Histoire Géographie'),
(82, 'Philosophie'),
(83, 'PCT'),
(84, 'SVT'),
(85, 'Mathématiques'),
(86, 'EPS'),
(87, 'Conduite'),
(88, 'Français'),
(89, 'LV1'),
(90, 'Histoire Géographie'),
(91, 'Philosophie'),
(92, 'LV2'),
(93, 'SVT'),
(94, 'Mathématiques'),
(95, 'EPS'),
(96, 'Conduite'),
(97, 'Français'),
(98, 'LV1'),
(99, 'Histoire Géographie'),
(100, 'Philosophie'),
(101, 'SVT'),
(102, 'Mathématiques'),
(103, 'Economie'),
(104, 'EPS'),
(105, 'Conduite'),
(106, 'Français'),
(107, 'Anglais'),
(108, 'Histoire Géographie'),
(109, 'Philosophie'),
(110, 'PCT'),
(111, 'SVT'),
(112, 'Mathématiques'),
(113, 'EPS'),
(114, 'Conduite'),
(115, 'Français'),
(116, 'Histoire Géographie'),
(117, 'SVT'),
(118, 'Mathématiques'),
(119, 'EPS'),
(120, 'Conduite'),
(121, 'PCT'),
(122, 'Philosophie'),
(123, 'Anglais'),
(124, 'informatique');

-- --------------------------------------------------------

--
-- Structure de la table `messenger_messages`
--

DROP TABLE IF EXISTS `messenger_messages`;
CREATE TABLE IF NOT EXISTS `messenger_messages` (
  `id` bigint NOT NULL AUTO_INCREMENT,
  `body` longtext COLLATE utf8mb4_unicode_ci NOT NULL,
  `headers` longtext COLLATE utf8mb4_unicode_ci NOT NULL,
  `queue_name` varchar(190) COLLATE utf8mb4_unicode_ci NOT NULL,
  `created_at` datetime NOT NULL COMMENT '(DC2Type:datetime_immutable)',
  `available_at` datetime NOT NULL COMMENT '(DC2Type:datetime_immutable)',
  `delivered_at` datetime DEFAULT NULL COMMENT '(DC2Type:datetime_immutable)',
  PRIMARY KEY (`id`),
  KEY `IDX_75EA56E0FB7336F0` (`queue_name`),
  KEY `IDX_75EA56E0E3BD61CE` (`available_at`),
  KEY `IDX_75EA56E016BA31DB` (`delivered_at`)
) ENGINE=InnoDB DEFAULT CHARSET=utf8mb4 COLLATE=utf8mb4_unicode_ci;

-- --------------------------------------------------------

--
-- Structure de la table `notes`
--

DROP TABLE IF EXISTS `notes`;
CREATE TABLE IF NOT EXISTS `notes` (
  `id` int NOT NULL AUTO_INCREMENT,
  `eleve_id` int NOT NULL,
  `matiere_id` int NOT NULL,
  `evaluation_id` int NOT NULL,
  `examinations_id` int NOT NULL,
  `note` double NOT NULL,
  `date_evaluation` date NOT NULL,
  `created_at` datetime NOT NULL DEFAULT CURRENT_TIMESTAMP COMMENT '(DC2Type:datetime_immutable)',
  `trimestre` int NOT NULL,
  PRIMARY KEY (`id`),
  KEY `IDX_11BA68CA6CC7B2` (`eleve_id`),
  KEY `IDX_11BA68CF46CD258` (`matiere_id`),
  KEY `IDX_11BA68C456C5646` (`evaluation_id`),
  KEY `IDX_11BA68CBC75C3F7` (`examinations_id`)
) ENGINE=InnoDB AUTO_INCREMENT=5446 DEFAULT CHARSET=utf8mb4 COLLATE=utf8mb4_unicode_ci;

--
-- Déchargement des données de la table `notes`
--

INSERT INTO `notes` (`id`, `eleve_id`, `matiere_id`, `evaluation_id`, `examinations_id`, `note`, `date_evaluation`, `created_at`, `trimestre`) VALUES
(29, 1, 1, 1, 39, 8, '2024-11-08', '2024-11-08 07:38:14', 1),
(30, 3, 1, 1, 39, 8, '2024-11-08', '2024-11-08 07:38:14', 1),
(31, 4, 1, 1, 39, 11, '2024-11-08', '2024-11-08 07:38:14', 1),
(32, 5, 1, 1, 39, 8, '2024-11-08', '2024-11-08 07:38:14', 1),
(33, 6, 1, 1, 39, 10, '2024-11-08', '2024-11-08 07:38:14', 1),
(34, 7, 1, 1, 39, 13, '2024-11-08', '2024-11-08 07:38:14', 1),
(35, 8, 1, 1, 39, 15, '2024-11-08', '2024-11-08 07:38:14', 1),
(36, 9, 1, 1, 39, 15, '2024-11-08', '2024-11-08 07:38:14', 1),
(37, 10, 1, 1, 39, 13, '2024-11-08', '2024-11-08 07:38:14', 1),
(38, 11, 1, 1, 39, 11, '2024-11-08', '2024-11-08 07:38:14', 1),
(39, 12, 1, 1, 39, 11, '2024-11-08', '2024-11-08 07:38:14', 1),
(40, 13, 1, 1, 39, 8, '2024-11-08', '2024-11-08 07:38:14', 1),
(41, 14, 1, 1, 39, 8, '2024-11-08', '2024-11-08 07:38:14', 1),
(42, 15, 1, 1, 39, 11, '2024-11-08', '2024-11-08 07:38:14', 1),
(43, 16, 1, 1, 39, 6, '2024-11-08', '2024-11-08 07:38:14', 1),
(44, 17, 1, 1, 39, 8, '2024-11-08', '2024-11-08 07:38:14', 1),
(45, 18, 1, 1, 39, 13, '2024-11-08', '2024-11-08 07:38:14', 1),
(46, 19, 1, 1, 39, 13, '2024-11-08', '2024-11-08 07:38:14', 1),
(47, 20, 1, 1, 39, 6, '2024-11-08', '2024-11-08 07:38:14', 1),
(48, 21, 1, 1, 39, 13, '2024-11-08', '2024-11-08 07:38:14', 1),
(49, 22, 1, 1, 39, 10, '2024-11-08', '2024-11-08 07:38:15', 1),
(50, 23, 1, 1, 39, 7, '2024-11-08', '2024-11-08 07:38:15', 1),
(51, 24, 1, 1, 39, 12, '2024-11-08', '2024-11-08 07:38:15', 1),
(52, 25, 1, 1, 39, 10, '2024-11-08', '2024-11-08 07:38:15', 1),
(53, 1, 3, 1, 41, 12, '2024-11-08', '2024-11-08 07:46:41', 1),
(54, 3, 3, 1, 41, 16, '2024-11-08', '2024-11-08 07:46:41', 1),
(55, 4, 3, 1, 41, 14, '2024-11-08', '2024-11-08 07:46:41', 1),
(56, 5, 3, 1, 41, 10, '2024-11-08', '2024-11-08 07:46:41', 1),
(57, 6, 3, 1, 41, 14, '2024-11-08', '2024-11-08 07:46:41', 1),
(58, 7, 3, 1, 41, 14, '2024-11-08', '2024-11-08 07:46:41', 1),
(59, 8, 3, 1, 41, 11, '2024-11-08', '2024-11-08 07:46:41', 1),
(60, 9, 3, 1, 41, 18, '2024-11-08', '2024-11-08 07:46:41', 1),
(61, 10, 3, 1, 41, 16, '2024-11-08', '2024-11-08 07:46:41', 1),
(62, 11, 3, 1, 41, 14, '2024-11-08', '2024-11-08 07:46:41', 1),
(63, 12, 3, 1, 41, 15, '2024-11-08', '2024-11-08 07:46:41', 1),
(64, 13, 3, 1, 41, 16, '2024-11-08', '2024-11-08 07:46:41', 1),
(65, 14, 3, 1, 41, 15, '2024-11-08', '2024-11-08 07:46:41', 1),
(66, 15, 3, 1, 41, 16, '2024-11-08', '2024-11-08 07:46:41', 1),
(67, 16, 3, 1, 41, 12, '2024-11-08', '2024-11-08 07:46:41', 1),
(68, 17, 3, 1, 41, 14, '2024-11-08', '2024-11-08 07:46:41', 1),
(69, 18, 3, 1, 41, 10, '2024-11-08', '2024-11-08 07:46:41', 1),
(70, 19, 3, 1, 41, 12, '2024-11-08', '2024-11-08 07:46:41', 1),
(71, 20, 3, 1, 41, 16, '2024-11-08', '2024-11-08 07:46:41', 1),
(72, 21, 3, 1, 41, 17, '2024-11-08', '2024-11-08 07:46:41', 1),
(73, 22, 3, 1, 41, 13, '2024-11-08', '2024-11-08 07:46:41', 1),
(74, 23, 3, 1, 41, 7, '2024-11-08', '2024-11-08 07:46:41', 1),
(75, 24, 3, 1, 41, 18, '2024-11-08', '2024-11-08 07:46:41', 1),
(76, 25, 3, 1, 41, 20, '2024-11-08', '2024-11-08 07:46:41', 1),
(77, 1, 4, 1, 42, 9, '2024-11-08', '2024-11-08 07:53:40', 1),
(78, 3, 4, 1, 42, 17, '2024-11-08', '2024-11-08 07:53:40', 1),
(79, 4, 4, 1, 42, 16, '2024-11-08', '2024-11-08 07:53:40', 1),
(80, 5, 4, 1, 42, 17, '2024-11-08', '2024-11-08 07:53:40', 1),
(81, 6, 4, 1, 42, 18, '2024-11-08', '2024-11-08 07:53:40', 1),
(82, 7, 4, 1, 42, 18, '2024-11-08', '2024-11-08 07:53:40', 1),
(83, 8, 4, 1, 42, 9, '2024-11-08', '2024-11-08 07:53:40', 1),
(84, 9, 4, 1, 42, 19.5, '2024-11-08', '2024-11-08 07:53:40', 1),
(85, 10, 4, 1, 42, 18, '2024-11-08', '2024-11-08 07:53:40', 1),
(86, 11, 4, 1, 42, 19, '2024-11-08', '2024-11-08 07:53:40', 1),
(87, 12, 4, 1, 42, 19, '2024-11-08', '2024-11-08 07:53:40', 1),
(88, 13, 4, 1, 42, 18, '2024-11-08', '2024-11-08 07:53:40', 1),
(89, 14, 4, 1, 42, 16, '2024-11-08', '2024-11-08 07:53:40', 1),
(90, 15, 4, 1, 42, 19.5, '2024-11-08', '2024-11-08 07:53:40', 1),
(91, 16, 4, 1, 42, 9, '2024-11-08', '2024-11-08 07:53:40', 1),
(92, 17, 4, 1, 42, 17, '2024-11-08', '2024-11-08 07:53:40', 1),
(93, 18, 4, 1, 42, 19.5, '2024-11-08', '2024-11-08 07:53:40', 1),
(94, 19, 4, 1, 42, 17, '2024-11-08', '2024-11-08 07:53:40', 1),
(95, 20, 4, 1, 42, 16, '2024-11-08', '2024-11-08 07:53:40', 1),
(96, 21, 4, 1, 42, 20, '2024-11-08', '2024-11-08 07:53:40', 1),
(97, 22, 4, 1, 42, 19.5, '2024-11-08', '2024-11-08 07:53:40', 1),
(98, 23, 4, 1, 42, 17.5, '2024-11-08', '2024-11-08 07:53:40', 1),
(99, 24, 4, 1, 42, 15.5, '2024-11-08', '2024-11-08 07:53:40', 1),
(100, 25, 4, 1, 42, 16, '2024-11-08', '2024-11-08 07:53:40', 1),
(101, 1, 5, 1, 43, 6, '2024-11-08', '2024-11-08 08:00:43', 1),
(102, 3, 5, 1, 43, 10, '2024-11-08', '2024-11-08 08:00:43', 1),
(103, 4, 5, 1, 43, 17, '2024-11-08', '2024-11-08 08:00:43', 1),
(104, 5, 5, 1, 43, 6, '2024-11-08', '2024-11-08 08:00:43', 1),
(105, 6, 5, 1, 43, 8, '2024-11-08', '2024-11-08 08:00:43', 1),
(106, 7, 5, 1, 43, 14, '2024-11-08', '2024-11-08 08:00:43', 1),
(107, 8, 5, 1, 43, 17, '2024-11-08', '2024-11-08 08:00:43', 1),
(108, 9, 5, 1, 43, 19, '2024-11-08', '2024-11-08 08:00:43', 1),
(109, 10, 5, 1, 43, 16, '2024-11-08', '2024-11-08 08:00:43', 1),
(110, 11, 5, 1, 43, 16, '2024-11-08', '2024-11-08 08:00:43', 1),
(111, 12, 5, 1, 43, 17, '2024-11-08', '2024-11-08 08:00:43', 1),
(112, 13, 5, 1, 43, 6, '2024-11-08', '2024-11-08 08:00:43', 1),
(113, 14, 5, 1, 43, 4, '2024-11-08', '2024-11-08 08:00:43', 1),
(114, 15, 5, 1, 43, 16, '2024-11-08', '2024-11-08 08:00:43', 1),
(115, 16, 5, 1, 43, 14, '2024-11-08', '2024-11-08 08:00:43', 1),
(116, 17, 5, 1, 43, 4, '2024-11-08', '2024-11-08 08:00:43', 1),
(117, 18, 5, 1, 43, 16, '2024-11-08', '2024-11-08 08:00:43', 1),
(118, 19, 5, 1, 43, 11, '2024-11-08', '2024-11-08 08:00:43', 1),
(119, 20, 5, 1, 43, 12, '2024-11-08', '2024-11-08 08:00:43', 1),
(120, 21, 5, 1, 43, 17, '2024-11-08', '2024-11-08 08:00:43', 1),
(121, 22, 5, 1, 43, 14, '2024-11-08', '2024-11-08 08:00:43', 1),
(122, 23, 5, 1, 43, 12, '2024-11-08', '2024-11-08 08:00:43', 1),
(123, 24, 5, 1, 43, 18, '2024-11-08', '2024-11-08 08:00:43', 1),
(124, 25, 5, 1, 43, 16, '2024-11-08', '2024-11-08 08:00:43', 1),
(125, 1, 6, 1, 44, 13, '2024-11-08', '2024-11-08 08:07:33', 1),
(126, 3, 6, 1, 44, 15, '2024-11-08', '2024-11-08 08:07:33', 1),
(127, 4, 6, 1, 44, 20, '2024-11-08', '2024-11-08 08:07:33', 1),
(128, 5, 6, 1, 44, 17, '2024-11-08', '2024-11-08 08:07:33', 1),
(129, 6, 6, 1, 44, 19, '2024-11-08', '2024-11-08 08:07:33', 1),
(130, 7, 6, 1, 44, 12, '2024-11-08', '2024-11-08 08:07:33', 1),
(131, 8, 6, 1, 44, 14, '2024-11-08', '2024-11-08 08:07:33', 1),
(132, 9, 6, 1, 44, 16, '2024-11-08', '2024-11-08 08:07:33', 1),
(133, 10, 6, 1, 44, 20, '2024-11-08', '2024-11-08 08:07:33', 1),
(134, 11, 6, 1, 44, 14, '2024-11-08', '2024-11-08 08:07:33', 1),
(135, 12, 6, 1, 44, 18, '2024-11-08', '2024-11-08 08:07:33', 1),
(136, 13, 6, 1, 44, 18, '2024-11-08', '2024-11-08 08:07:33', 1),
(137, 14, 6, 1, 44, 15, '2024-11-08', '2024-11-08 08:07:33', 1),
(138, 15, 6, 1, 44, 18, '2024-11-08', '2024-11-08 08:07:33', 1),
(139, 16, 6, 1, 44, 19, '2024-11-08', '2024-11-08 08:07:33', 1),
(140, 17, 6, 1, 44, 13, '2024-11-08', '2024-11-08 08:07:33', 1),
(141, 18, 6, 1, 44, 20, '2024-11-08', '2024-11-08 08:07:33', 1),
(142, 19, 6, 1, 44, 18, '2024-11-08', '2024-11-08 08:07:33', 1),
(143, 20, 6, 1, 44, 11, '2024-11-08', '2024-11-08 08:07:33', 1),
(144, 21, 6, 1, 44, 20, '2024-11-08', '2024-11-08 08:07:33', 1),
(145, 22, 6, 1, 44, 15, '2024-11-08', '2024-11-08 08:07:33', 1),
(146, 23, 6, 1, 44, 16, '2024-11-08', '2024-11-08 08:07:33', 1),
(147, 24, 6, 1, 44, 18, '2024-11-08', '2024-11-08 08:07:33', 1),
(148, 25, 6, 1, 44, 20, '2024-11-08', '2024-11-08 08:07:33', 1),
(149, 1, 7, 1, 45, 7, '2024-11-08', '2024-11-08 08:13:14', 1),
(150, 3, 7, 1, 45, 8, '2024-11-08', '2024-11-08 08:13:14', 1),
(151, 4, 7, 1, 45, 10, '2024-11-08', '2024-11-08 08:13:14', 1),
(152, 5, 7, 1, 45, 15, '2024-11-08', '2024-11-08 08:13:14', 1),
(153, 6, 7, 1, 45, 12, '2024-11-08', '2024-11-08 08:13:14', 1),
(154, 7, 7, 1, 45, 13, '2024-11-08', '2024-11-08 08:13:14', 1),
(155, 8, 7, 1, 45, 15, '2024-11-08', '2024-11-08 08:13:14', 1),
(156, 9, 7, 1, 45, 17, '2024-11-08', '2024-11-08 08:13:14', 1),
(157, 10, 7, 1, 45, 15, '2024-11-08', '2024-11-08 08:13:14', 1),
(158, 11, 7, 1, 45, 12, '2024-11-08', '2024-11-08 08:13:14', 1),
(159, 12, 7, 1, 45, 10, '2024-11-08', '2024-11-08 08:13:14', 1),
(160, 13, 7, 1, 45, 12, '2024-11-08', '2024-11-08 08:13:14', 1),
(161, 14, 7, 1, 45, 7, '2024-11-08', '2024-11-08 08:13:14', 1),
(162, 15, 7, 1, 45, 12, '2024-11-08', '2024-11-08 08:13:14', 1),
(163, 16, 7, 1, 45, 15, '2024-11-08', '2024-11-08 08:13:14', 1),
(164, 17, 7, 1, 45, 10, '2024-11-08', '2024-11-08 08:13:14', 1),
(165, 18, 7, 1, 45, 17, '2024-11-08', '2024-11-08 08:13:14', 1),
(166, 19, 7, 1, 45, 10, '2024-11-08', '2024-11-08 08:13:14', 1),
(167, 20, 7, 1, 45, 13, '2024-11-08', '2024-11-08 08:13:14', 1),
(168, 21, 7, 1, 45, 12, '2024-11-08', '2024-11-08 08:13:14', 1),
(169, 22, 7, 1, 45, 13, '2024-11-08', '2024-11-08 08:13:14', 1),
(170, 23, 7, 1, 45, 12, '2024-11-08', '2024-11-08 08:13:14', 1),
(171, 24, 7, 1, 45, 11, '2024-11-08', '2024-11-08 08:13:14', 1),
(172, 25, 7, 1, 45, 17, '2024-11-08', '2024-11-08 08:13:14', 1),
(173, 1, 8, 1, 46, 15, '2024-11-08', '2024-11-08 08:23:43', 1),
(174, 3, 8, 1, 46, 13, '2024-11-08', '2024-11-08 08:23:43', 1),
(175, 4, 8, 1, 46, 10, '2024-11-08', '2024-11-08 08:23:43', 1),
(176, 5, 8, 1, 46, 13, '2024-11-08', '2024-11-08 08:23:43', 1),
(177, 6, 8, 1, 46, 13, '2024-11-08', '2024-11-08 08:23:43', 1),
(178, 27, 10, 1, 47, 14, '2024-11-08', '2024-11-08 13:37:33', 1),
(179, 28, 10, 1, 47, 10, '2024-11-08', '2024-11-08 13:37:33', 1),
(180, 31, 10, 1, 47, 12, '2024-11-08', '2024-11-08 13:37:33', 1),
(181, 32, 10, 1, 47, 10, '2024-11-08', '2024-11-08 13:37:33', 1),
(182, 33, 10, 1, 47, 11, '2024-11-08', '2024-11-08 13:37:33', 1),
(183, 34, 10, 1, 47, 17, '2024-11-08', '2024-11-08 13:37:33', 1),
(184, 35, 10, 1, 47, 13, '2024-11-08', '2024-11-08 13:37:33', 1),
(185, 36, 10, 1, 47, 12, '2024-11-08', '2024-11-08 13:37:33', 1),
(186, 37, 10, 1, 47, 11, '2024-11-08', '2024-11-08 13:37:33', 1),
(187, 38, 10, 1, 47, 15, '2024-11-08', '2024-11-08 13:37:33', 1),
(188, 39, 10, 1, 47, 15, '2024-11-08', '2024-11-08 13:37:33', 1),
(189, 41, 10, 1, 47, 12, '2024-11-08', '2024-11-08 13:37:33', 1),
(190, 42, 10, 1, 47, 10, '2024-11-08', '2024-11-08 13:37:33', 1),
(191, 43, 10, 1, 47, 12, '2024-11-08', '2024-11-08 13:37:33', 1),
(192, 44, 10, 1, 47, 14, '2024-11-08', '2024-11-08 13:37:33', 1),
(193, 45, 10, 1, 47, 10, '2024-11-08', '2024-11-08 13:37:33', 1),
(194, 47, 10, 1, 47, 10, '2024-11-08', '2024-11-08 13:37:33', 1),
(195, 48, 10, 1, 47, 12, '2024-11-08', '2024-11-08 13:37:33', 1),
(196, 49, 10, 1, 47, 13, '2024-11-08', '2024-11-08 13:37:33', 1),
(197, 50, 10, 1, 47, 15, '2024-11-08', '2024-11-08 13:37:33', 1),
(198, 51, 10, 1, 47, 10, '2024-11-08', '2024-11-08 13:37:33', 1),
(199, 52, 10, 1, 47, 12, '2024-11-08', '2024-11-08 13:37:33', 1),
(200, 53, 10, 1, 47, 12, '2024-11-08', '2024-11-08 13:37:33', 1),
(201, 54, 10, 1, 47, 12, '2024-11-08', '2024-11-08 13:37:33', 1),
(202, 55, 10, 1, 47, 13, '2024-11-08', '2024-11-08 13:37:33', 1),
(203, 56, 10, 1, 47, 9, '2024-11-08', '2024-11-08 13:37:33', 1),
(204, 57, 10, 1, 47, 11, '2024-11-08', '2024-11-08 13:37:33', 1),
(205, 58, 10, 1, 47, 13, '2024-11-08', '2024-11-08 13:37:33', 1),
(206, 59, 10, 1, 47, 10, '2024-11-08', '2024-11-08 13:37:33', 1),
(207, 60, 10, 1, 47, 11, '2024-11-08', '2024-11-08 13:37:33', 1),
(208, 61, 10, 1, 47, 11, '2024-11-08', '2024-11-08 13:37:33', 1),
(209, 62, 10, 1, 47, 14, '2024-11-08', '2024-11-08 13:37:33', 1),
(210, 65, 10, 1, 47, 11, '2024-11-08', '2024-11-08 13:37:33', 1),
(211, 88, 10, 1, 47, 10, '2024-11-08', '2024-11-08 13:37:33', 1),
(212, 93, 10, 1, 47, 12, '2024-11-08', '2024-11-08 13:37:33', 1),
(213, 101, 10, 1, 47, 10, '2024-11-08', '2024-11-08 13:37:33', 1),
(214, 27, 11, 1, 48, 16.25, '2024-11-08', '2024-11-08 13:53:11', 1),
(215, 28, 11, 1, 48, 11.5, '2024-11-08', '2024-11-08 13:53:11', 1),
(216, 31, 11, 1, 48, 9, '2024-11-08', '2024-11-08 13:53:11', 1),
(217, 32, 11, 1, 48, 10.5, '2024-11-08', '2024-11-08 13:53:11', 1),
(218, 33, 11, 1, 48, 14.5, '2024-11-08', '2024-11-08 13:53:11', 1),
(219, 34, 11, 1, 48, 17.25, '2024-11-08', '2024-11-08 13:53:11', 1),
(220, 35, 11, 1, 48, 14, '2024-11-08', '2024-11-08 13:53:11', 1),
(221, 36, 11, 1, 48, 11, '2024-11-08', '2024-11-08 13:53:11', 1),
(222, 37, 11, 1, 48, 11.25, '2024-11-08', '2024-11-08 13:53:11', 1),
(223, 38, 11, 1, 48, 14.5, '2024-11-08', '2024-11-08 13:53:11', 1),
(224, 39, 11, 1, 48, 15.5, '2024-11-08', '2024-11-08 13:53:11', 1),
(225, 41, 11, 1, 48, 11, '2024-11-08', '2024-11-08 13:53:11', 1),
(226, 42, 11, 1, 48, 11, '2024-11-08', '2024-11-08 13:53:11', 1),
(227, 43, 11, 1, 48, 9, '2024-11-08', '2024-11-08 13:53:11', 1),
(228, 44, 11, 1, 48, 11, '2024-11-08', '2024-11-08 13:53:11', 1),
(229, 45, 11, 1, 48, 11.75, '2024-11-08', '2024-11-08 13:53:12', 1),
(230, 47, 11, 1, 48, 13, '2024-11-08', '2024-11-08 13:53:12', 1),
(231, 48, 11, 1, 48, 11.5, '2024-11-08', '2024-11-08 13:53:12', 1),
(232, 49, 11, 1, 48, 11, '2024-11-08', '2024-11-08 13:53:12', 1),
(233, 50, 11, 1, 48, 17.75, '2024-11-08', '2024-11-08 13:53:12', 1),
(234, 51, 11, 1, 48, 9, '2024-11-08', '2024-11-08 13:53:12', 1),
(235, 52, 11, 1, 48, 13.25, '2024-11-08', '2024-11-08 13:53:12', 1),
(236, 53, 11, 1, 48, 16.25, '2024-11-08', '2024-11-08 13:53:12', 1),
(237, 54, 11, 1, 48, 10, '2024-11-08', '2024-11-08 13:53:12', 1),
(238, 55, 11, 1, 48, 16.75, '2024-11-08', '2024-11-08 13:53:12', 1),
(239, 56, 11, 1, 48, 11.25, '2024-11-08', '2024-11-08 13:53:12', 1),
(240, 57, 11, 1, 48, 15.25, '2024-11-08', '2024-11-08 13:53:12', 1),
(241, 58, 11, 1, 48, 15.5, '2024-11-08', '2024-11-08 13:53:12', 1),
(242, 59, 11, 1, 48, 11.75, '2024-11-08', '2024-11-08 13:53:12', 1),
(243, 60, 11, 1, 48, 8, '2024-11-08', '2024-11-08 13:53:12', 1),
(244, 61, 11, 1, 48, 14.75, '2024-11-08', '2024-11-08 13:53:12', 1),
(245, 62, 11, 1, 48, 16.25, '2024-11-08', '2024-11-08 13:53:12', 1),
(246, 65, 11, 1, 48, 11, '2024-11-08', '2024-11-08 13:53:12', 1),
(247, 88, 11, 1, 48, 8, '2024-11-08', '2024-11-08 13:53:12', 1),
(248, 93, 11, 1, 48, 10, '2024-11-08', '2024-11-08 13:53:12', 1),
(249, 101, 11, 1, 48, 11, '2024-11-08', '2024-11-08 13:53:12', 1),
(250, 27, 13, 1, 49, 18.5, '2024-11-08', '2024-11-08 14:05:12', 1),
(251, 28, 13, 1, 49, 16, '2024-11-08', '2024-11-08 14:05:12', 1),
(252, 31, 13, 1, 49, 5.5, '2024-11-08', '2024-11-08 14:05:12', 1),
(253, 32, 13, 1, 49, 16.25, '2024-11-08', '2024-11-08 14:05:12', 1),
(254, 33, 13, 1, 49, 13.5, '2024-11-08', '2024-11-08 14:05:12', 1),
(255, 34, 13, 1, 49, 19.5, '2024-11-08', '2024-11-08 14:05:12', 1),
(256, 35, 13, 1, 49, 17.5, '2024-11-08', '2024-11-08 14:05:12', 1),
(257, 36, 13, 1, 49, 13.5, '2024-11-08', '2024-11-08 14:05:12', 1),
(258, 37, 13, 1, 49, 10.5, '2024-11-08', '2024-11-08 14:05:12', 1),
(259, 38, 13, 1, 49, 19, '2024-11-08', '2024-11-08 14:05:12', 1),
(260, 39, 13, 1, 49, 17.5, '2024-11-08', '2024-11-08 14:05:12', 1),
(261, 41, 13, 1, 49, 9.5, '2024-11-08', '2024-11-08 14:05:12', 1),
(262, 42, 13, 1, 49, 17, '2024-11-08', '2024-11-08 14:05:12', 1),
(263, 43, 13, 1, 49, 9.5, '2024-11-08', '2024-11-08 14:05:12', 1),
(264, 44, 13, 1, 49, 19.5, '2024-11-08', '2024-11-08 14:05:12', 1),
(265, 45, 13, 1, 49, 9.5, '2024-11-08', '2024-11-08 14:05:12', 1),
(266, 47, 13, 1, 49, 9.25, '2024-11-08', '2024-11-08 14:05:12', 1),
(267, 48, 13, 1, 49, 7, '2024-11-08', '2024-11-08 14:05:12', 1),
(268, 49, 13, 1, 49, 17, '2024-11-08', '2024-11-08 14:05:12', 1),
(269, 50, 13, 1, 49, 11.5, '2024-11-08', '2024-11-08 14:05:12', 1),
(270, 51, 13, 1, 49, 10.75, '2024-11-08', '2024-11-08 14:05:12', 1),
(271, 52, 13, 1, 49, 2.25, '2024-11-08', '2024-11-08 14:05:12', 1),
(272, 53, 13, 1, 49, 16.5, '2024-11-08', '2024-11-08 14:05:12', 1),
(273, 54, 13, 1, 49, 13.5, '2024-11-08', '2024-11-08 14:05:12', 1),
(274, 55, 13, 1, 49, 17.75, '2024-11-08', '2024-11-08 14:05:12', 1),
(275, 56, 13, 1, 49, 10, '2024-11-08', '2024-11-08 14:05:12', 1),
(276, 57, 13, 1, 49, 12, '2024-11-08', '2024-11-08 14:05:12', 1),
(277, 58, 13, 1, 49, 18, '2024-11-08', '2024-11-08 14:05:12', 1),
(278, 59, 13, 1, 49, 18.5, '2024-11-08', '2024-11-08 14:05:12', 1),
(279, 60, 13, 1, 49, 9.25, '2024-11-08', '2024-11-08 14:05:12', 1),
(280, 61, 13, 1, 49, 15, '2024-11-08', '2024-11-08 14:05:12', 1),
(281, 62, 13, 1, 49, 18.5, '2024-11-08', '2024-11-08 14:05:12', 1),
(282, 65, 13, 1, 49, 11, '2024-11-08', '2024-11-08 14:05:12', 1),
(283, 88, 13, 1, 49, 10, '2024-11-08', '2024-11-08 14:05:12', 1),
(284, 93, 13, 1, 49, 11.5, '2024-11-08', '2024-11-08 14:05:12', 1),
(285, 101, 13, 1, 49, 10.5, '2024-11-08', '2024-11-08 14:05:12', 1),
(286, 27, 14, 1, 50, 16.5, '2024-11-08', '2024-11-08 14:23:19', 1),
(287, 28, 14, 1, 50, 15.5, '2024-11-08', '2024-11-08 14:23:19', 1),
(288, 31, 14, 1, 50, 10.25, '2024-11-08', '2024-11-08 14:23:19', 1),
(289, 32, 14, 1, 50, 12.75, '2024-11-08', '2024-11-08 14:23:19', 1),
(290, 33, 14, 1, 50, 13, '2024-11-08', '2024-11-08 14:23:19', 1),
(291, 34, 14, 1, 50, 17.25, '2024-11-08', '2024-11-08 14:23:19', 1),
(292, 35, 14, 1, 50, 14.5, '2024-11-08', '2024-11-08 14:23:19', 1),
(293, 36, 14, 1, 50, 17.5, '2024-11-08', '2024-11-08 14:23:19', 1),
(294, 37, 14, 1, 50, 17.75, '2024-11-08', '2024-11-08 14:23:19', 1),
(295, 38, 14, 1, 50, 14.5, '2024-11-08', '2024-11-08 14:23:19', 1),
(296, 39, 14, 1, 50, 13.5, '2024-11-08', '2024-11-08 14:23:19', 1),
(297, 41, 14, 1, 50, 8.5, '2024-11-08', '2024-11-08 14:23:19', 1),
(298, 42, 14, 1, 50, 10.75, '2024-11-08', '2024-11-08 14:23:19', 1),
(299, 43, 14, 1, 50, 14.5, '2024-11-08', '2024-11-08 14:23:19', 1),
(300, 44, 14, 1, 50, 14.5, '2024-11-08', '2024-11-08 14:23:19', 1),
(301, 45, 14, 1, 50, 12.5, '2024-11-08', '2024-11-08 14:23:19', 1),
(302, 47, 14, 1, 50, 13.5, '2024-11-08', '2024-11-08 14:23:19', 1),
(303, 48, 14, 1, 50, 9.5, '2024-11-08', '2024-11-08 14:23:19', 1),
(304, 49, 14, 1, 50, 11, '2024-11-08', '2024-11-08 14:23:19', 1),
(305, 50, 14, 1, 50, 13.5, '2024-11-08', '2024-11-08 14:23:19', 1),
(306, 51, 14, 1, 50, 9, '2024-11-08', '2024-11-08 14:23:19', 1),
(307, 52, 14, 1, 50, 12.5, '2024-11-08', '2024-11-08 14:23:19', 1),
(308, 53, 14, 1, 50, 13, '2024-11-08', '2024-11-08 14:23:19', 1),
(309, 54, 14, 1, 50, 11, '2024-11-08', '2024-11-08 14:23:19', 1),
(310, 55, 14, 1, 50, 20, '2024-11-08', '2024-11-08 14:23:19', 1),
(311, 56, 14, 1, 50, 12.5, '2024-11-08', '2024-11-08 14:23:19', 1),
(312, 57, 14, 1, 50, 15, '2024-11-08', '2024-11-08 14:23:19', 1),
(313, 58, 14, 1, 50, 17.5, '2024-11-08', '2024-11-08 14:23:19', 1),
(314, 59, 14, 1, 50, 16.5, '2024-11-08', '2024-11-08 14:23:19', 1),
(315, 60, 14, 1, 50, 9.5, '2024-11-08', '2024-11-08 14:23:20', 1),
(316, 61, 14, 1, 50, 12.5, '2024-11-08', '2024-11-08 14:23:20', 1),
(317, 62, 14, 1, 50, 13.75, '2024-11-08', '2024-11-08 14:23:20', 1),
(318, 65, 14, 1, 50, 11, '2024-11-08', '2024-11-08 14:23:20', 1),
(319, 88, 14, 1, 50, 11.25, '2024-11-08', '2024-11-08 14:23:20', 1),
(320, 93, 14, 1, 50, 10.5, '2024-11-08', '2024-11-08 14:23:20', 1),
(321, 101, 14, 1, 50, 10, '2024-11-08', '2024-11-08 14:23:20', 1),
(322, 27, 15, 1, 51, 18, '2024-11-08', '2024-11-08 14:28:12', 1),
(323, 28, 15, 1, 51, 17, '2024-11-08', '2024-11-08 14:28:12', 1),
(324, 31, 15, 1, 51, 6, '2024-11-08', '2024-11-08 14:28:12', 1),
(325, 32, 15, 1, 51, 9, '2024-11-08', '2024-11-08 14:28:13', 1),
(326, 33, 15, 1, 51, 10, '2024-11-08', '2024-11-08 14:28:13', 1),
(327, 34, 15, 1, 51, 19, '2024-11-08', '2024-11-08 14:28:13', 1),
(328, 35, 15, 1, 51, 17, '2024-11-08', '2024-11-08 14:28:13', 1),
(329, 36, 15, 1, 51, 19, '2024-11-08', '2024-11-08 14:28:13', 1),
(330, 37, 15, 1, 51, 20, '2024-11-08', '2024-11-08 14:28:13', 1),
(331, 38, 15, 1, 51, 20, '2024-11-08', '2024-11-08 14:28:13', 1),
(332, 39, 15, 1, 51, 17, '2024-11-08', '2024-11-08 14:28:13', 1),
(333, 41, 15, 1, 51, 7, '2024-11-08', '2024-11-08 14:28:13', 1),
(334, 42, 15, 1, 51, 9, '2024-11-08', '2024-11-08 14:28:13', 1),
(335, 43, 15, 1, 51, 19, '2024-11-08', '2024-11-08 14:28:13', 1),
(336, 44, 15, 1, 51, 11, '2024-11-08', '2024-11-08 14:28:13', 1),
(337, 45, 15, 1, 51, 19, '2024-11-08', '2024-11-08 14:28:13', 1),
(338, 47, 15, 1, 51, 5, '2024-11-08', '2024-11-08 14:28:13', 1),
(339, 48, 15, 1, 51, 9, '2024-11-08', '2024-11-08 14:28:13', 1),
(340, 49, 15, 1, 51, 18, '2024-11-08', '2024-11-08 14:28:13', 1),
(341, 50, 15, 1, 51, 15, '2024-11-08', '2024-11-08 14:28:13', 1),
(342, 51, 15, 1, 51, 10, '2024-11-08', '2024-11-08 14:28:13', 1),
(343, 52, 15, 1, 51, 18, '2024-11-08', '2024-11-08 14:28:13', 1),
(344, 53, 15, 1, 51, 17, '2024-11-08', '2024-11-08 14:28:13', 1),
(345, 54, 15, 1, 51, 8, '2024-11-08', '2024-11-08 14:28:13', 1),
(346, 55, 15, 1, 51, 19, '2024-11-08', '2024-11-08 14:28:13', 1),
(347, 56, 15, 1, 51, 12, '2024-11-08', '2024-11-08 14:28:13', 1),
(348, 57, 15, 1, 51, 18, '2024-11-08', '2024-11-08 14:28:13', 1),
(349, 58, 15, 1, 51, 20, '2024-11-08', '2024-11-08 14:28:13', 1),
(350, 59, 15, 1, 51, 18, '2024-11-08', '2024-11-08 14:28:13', 1),
(351, 60, 15, 1, 51, 2, '2024-11-08', '2024-11-08 14:28:13', 1),
(352, 61, 15, 1, 51, 16, '2024-11-08', '2024-11-08 14:28:13', 1),
(353, 62, 15, 1, 51, 20, '2024-11-08', '2024-11-08 14:28:13', 1),
(354, 65, 15, 1, 51, 11, '2024-11-08', '2024-11-08 14:28:13', 1),
(355, 88, 15, 1, 51, 8, '2024-11-08', '2024-11-08 14:28:13', 1),
(356, 93, 15, 1, 51, 6, '2024-11-08', '2024-11-08 14:28:13', 1),
(357, 101, 15, 1, 51, 19, '2024-11-08', '2024-11-08 14:28:13', 1),
(358, 27, 16, 1, 52, 15, '2024-11-08', '2024-11-08 14:33:01', 1),
(359, 28, 16, 1, 52, 4, '2024-11-08', '2024-11-08 14:33:01', 1),
(360, 31, 16, 1, 52, 8, '2024-11-08', '2024-11-08 14:33:01', 1),
(361, 32, 16, 1, 52, 8, '2024-11-08', '2024-11-08 14:33:01', 1),
(362, 33, 16, 1, 52, 8, '2024-11-08', '2024-11-08 14:33:01', 1),
(363, 34, 16, 1, 52, 18, '2024-11-08', '2024-11-08 14:33:01', 1),
(364, 35, 16, 1, 52, 13, '2024-11-08', '2024-11-08 14:33:01', 1),
(365, 36, 16, 1, 52, 7, '2024-11-08', '2024-11-08 14:33:01', 1),
(366, 37, 16, 1, 52, 8, '2024-11-08', '2024-11-08 14:33:01', 1),
(367, 38, 16, 1, 52, 13, '2024-11-08', '2024-11-08 14:33:01', 1),
(368, 39, 16, 1, 52, 13, '2024-11-08', '2024-11-08 14:33:01', 1),
(369, 41, 16, 1, 52, 6, '2024-11-08', '2024-11-08 14:33:01', 1),
(370, 42, 16, 1, 52, 10, '2024-11-08', '2024-11-08 14:33:01', 1),
(371, 43, 16, 1, 52, 11, '2024-11-08', '2024-11-08 14:33:01', 1),
(372, 44, 16, 1, 52, 11, '2024-11-08', '2024-11-08 14:33:01', 1),
(373, 45, 16, 1, 52, 16, '2024-11-08', '2024-11-08 14:33:01', 1),
(374, 47, 16, 1, 52, 6, '2024-11-08', '2024-11-08 14:33:01', 1),
(375, 48, 16, 1, 52, 6, '2024-11-08', '2024-11-08 14:33:01', 1),
(376, 49, 16, 1, 52, 6, '2024-11-08', '2024-11-08 14:33:01', 1),
(377, 50, 16, 1, 52, 13, '2024-11-08', '2024-11-08 14:33:01', 1),
(378, 51, 16, 1, 52, 10, '2024-11-08', '2024-11-08 14:33:01', 1),
(379, 52, 16, 1, 52, 7, '2024-11-08', '2024-11-08 14:33:01', 1),
(380, 53, 16, 1, 52, 9, '2024-11-08', '2024-11-08 14:33:01', 1),
(381, 54, 16, 1, 52, 11, '2024-11-08', '2024-11-08 14:33:01', 1),
(382, 55, 16, 1, 52, 11, '2024-11-08', '2024-11-08 14:33:02', 1),
(383, 56, 16, 1, 52, 4, '2024-11-08', '2024-11-08 14:33:02', 1),
(384, 57, 16, 1, 52, 13, '2024-11-08', '2024-11-08 14:33:02', 1),
(385, 58, 16, 1, 52, 11, '2024-11-08', '2024-11-08 14:33:02', 1),
(386, 59, 16, 1, 52, 10, '2024-11-08', '2024-11-08 14:33:02', 1),
(387, 60, 16, 1, 52, 6, '2024-11-08', '2024-11-08 14:33:02', 1),
(388, 61, 16, 1, 52, 5, '2024-11-08', '2024-11-08 14:33:02', 1),
(389, 62, 16, 1, 52, 14, '2024-11-08', '2024-11-08 14:33:02', 1),
(390, 65, 16, 1, 52, 8, '2024-11-08', '2024-11-08 14:33:02', 1),
(391, 88, 16, 1, 52, 6, '2024-11-08', '2024-11-08 14:33:02', 1),
(392, 93, 16, 1, 52, 6, '2024-11-08', '2024-11-08 14:33:02', 1),
(393, 101, 16, 1, 52, 7, '2024-11-08', '2024-11-08 14:33:02', 1),
(394, 27, 12, 1, 53, 18, '2024-11-08', '2024-11-08 14:36:52', 1),
(395, 28, 12, 1, 53, 13.5, '2024-11-08', '2024-11-08 14:36:52', 1),
(396, 31, 12, 1, 53, 10.5, '2024-11-08', '2024-11-08 14:36:52', 1),
(397, 32, 12, 1, 53, 10, '2024-11-08', '2024-11-08 14:36:52', 1),
(398, 33, 12, 1, 53, 11.5, '2024-11-08', '2024-11-08 14:36:52', 1),
(399, 34, 12, 1, 53, 15.5, '2024-11-08', '2024-11-08 14:36:52', 1),
(400, 35, 12, 1, 53, 14.5, '2024-11-08', '2024-11-08 14:36:52', 1),
(401, 36, 12, 1, 53, 14, '2024-11-08', '2024-11-08 14:36:52', 1),
(402, 37, 12, 1, 53, 10, '2024-11-08', '2024-11-08 14:36:52', 1),
(403, 38, 12, 1, 53, 14, '2024-11-08', '2024-11-08 14:36:52', 1),
(404, 39, 12, 1, 53, 13.5, '2024-11-08', '2024-11-08 14:36:52', 1),
(405, 41, 12, 1, 53, 12, '2024-11-08', '2024-11-08 14:36:52', 1),
(406, 42, 12, 1, 53, 13, '2024-11-08', '2024-11-08 14:36:52', 1),
(407, 43, 12, 1, 53, 11.5, '2024-11-08', '2024-11-08 14:36:52', 1),
(408, 44, 12, 1, 53, 14, '2024-11-08', '2024-11-08 14:36:52', 1),
(409, 45, 12, 1, 53, 13, '2024-11-08', '2024-11-08 14:36:52', 1),
(410, 47, 12, 1, 53, 12, '2024-11-08', '2024-11-08 14:36:52', 1),
(411, 48, 12, 1, 53, 7.5, '2024-11-08', '2024-11-08 14:36:52', 1),
(412, 49, 12, 1, 53, 11.5, '2024-11-08', '2024-11-08 14:36:52', 1),
(413, 50, 12, 1, 53, 15, '2024-11-08', '2024-11-08 14:36:52', 1),
(414, 51, 12, 1, 53, 6.5, '2024-11-08', '2024-11-08 14:36:52', 1),
(415, 52, 12, 1, 53, 9, '2024-11-08', '2024-11-08 14:36:52', 1),
(416, 53, 12, 1, 53, 10.5, '2024-11-08', '2024-11-08 14:36:52', 1),
(417, 54, 12, 1, 53, 12.5, '2024-11-08', '2024-11-08 14:36:52', 1),
(418, 55, 12, 1, 53, 14.5, '2024-11-08', '2024-11-08 14:36:52', 1),
(419, 56, 12, 1, 53, 8, '2024-11-08', '2024-11-08 14:36:52', 1),
(420, 57, 12, 1, 53, 12, '2024-11-08', '2024-11-08 14:36:52', 1),
(421, 58, 12, 1, 53, 15.5, '2024-11-08', '2024-11-08 14:36:52', 1),
(422, 59, 12, 1, 53, 11, '2024-11-08', '2024-11-08 14:36:52', 1),
(423, 60, 12, 1, 53, 8.5, '2024-11-08', '2024-11-08 14:36:52', 1),
(424, 61, 12, 1, 53, 15, '2024-11-08', '2024-11-08 14:36:52', 1),
(425, 62, 12, 1, 53, 15, '2024-11-08', '2024-11-08 14:36:52', 1),
(426, 65, 12, 1, 53, 10.5, '2024-11-08', '2024-11-08 14:36:52', 1),
(427, 88, 12, 1, 53, 6.5, '2024-11-08', '2024-11-08 14:36:52', 1),
(428, 93, 12, 1, 53, 9, '2024-11-08', '2024-11-08 14:36:52', 1),
(429, 101, 12, 1, 53, 7.5, '2024-11-08', '2024-11-08 14:36:52', 1),
(430, 27, 17, 1, 54, 18, '2024-11-08', '2024-11-08 14:40:24', 1),
(431, 28, 17, 1, 54, 17, '2024-11-08', '2024-11-08 14:40:24', 1),
(432, 31, 17, 1, 54, 16, '2024-11-08', '2024-11-08 14:40:24', 1),
(433, 32, 17, 1, 54, 16, '2024-11-08', '2024-11-08 14:40:24', 1),
(434, 33, 17, 1, 54, 19, '2024-11-08', '2024-11-08 14:40:24', 1),
(435, 34, 17, 1, 54, 20, '2024-11-08', '2024-11-08 14:40:24', 1),
(436, 35, 17, 1, 54, 20, '2024-11-08', '2024-11-08 14:40:24', 1),
(437, 36, 17, 1, 54, 17.5, '2024-11-08', '2024-11-08 14:40:24', 1),
(438, 37, 17, 1, 54, 17, '2024-11-08', '2024-11-08 14:40:24', 1),
(439, 38, 17, 1, 54, 18, '2024-11-08', '2024-11-08 14:40:24', 1),
(440, 39, 17, 1, 54, 16, '2024-11-08', '2024-11-08 14:40:24', 1),
(441, 41, 17, 1, 54, 19, '2024-11-08', '2024-11-08 14:40:24', 1),
(442, 42, 17, 1, 54, 17, '2024-11-08', '2024-11-08 14:40:24', 1),
(443, 43, 17, 1, 54, 16, '2024-11-08', '2024-11-08 14:40:24', 1),
(444, 44, 17, 1, 54, 20, '2024-11-08', '2024-11-08 14:40:24', 1),
(445, 45, 17, 1, 54, 15, '2024-11-08', '2024-11-08 14:40:24', 1),
(446, 47, 17, 1, 54, 9, '2024-11-08', '2024-11-08 14:40:24', 1),
(447, 48, 17, 1, 54, 17, '2024-11-08', '2024-11-08 14:40:24', 1),
(448, 49, 17, 1, 54, 14.5, '2024-11-08', '2024-11-08 14:40:24', 1),
(449, 50, 17, 1, 54, 20, '2024-11-08', '2024-11-08 14:40:24', 1),
(450, 51, 17, 1, 54, 10, '2024-11-08', '2024-11-08 14:40:24', 1),
(451, 52, 17, 1, 54, 15.5, '2024-11-08', '2024-11-08 14:40:24', 1),
(452, 53, 17, 1, 54, 17, '2024-11-08', '2024-11-08 14:40:24', 1),
(453, 54, 17, 1, 54, 16, '2024-11-08', '2024-11-08 14:40:24', 1),
(454, 55, 17, 1, 54, 17, '2024-11-08', '2024-11-08 14:40:24', 1),
(455, 56, 17, 1, 54, 16, '2024-11-08', '2024-11-08 14:40:24', 1),
(456, 57, 17, 1, 54, 16.5, '2024-11-08', '2024-11-08 14:40:24', 1),
(457, 58, 17, 1, 54, 18, '2024-11-08', '2024-11-08 14:40:24', 1),
(458, 59, 17, 1, 54, 15, '2024-11-08', '2024-11-08 14:40:24', 1),
(459, 60, 17, 1, 54, 16, '2024-11-08', '2024-11-08 14:40:24', 1),
(460, 61, 17, 1, 54, 18, '2024-11-08', '2024-11-08 14:40:24', 1),
(461, 62, 17, 1, 54, 18, '2024-11-08', '2024-11-08 14:40:24', 1),
(462, 65, 17, 1, 54, 15.5, '2024-11-08', '2024-11-08 14:40:24', 1),
(463, 88, 17, 1, 54, 18, '2024-11-08', '2024-11-08 14:40:24', 1),
(464, 93, 17, 1, 54, 10, '2024-11-08', '2024-11-08 14:40:24', 1),
(465, 101, 17, 1, 54, 14, '2024-11-08', '2024-11-08 14:40:24', 1),
(466, 27, 19, 1, 55, 15, '2024-11-08', '2024-11-08 14:43:55', 1),
(467, 28, 19, 1, 55, 16, '2024-11-08', '2024-11-08 14:43:55', 1),
(468, 31, 19, 1, 55, 15, '2024-11-08', '2024-11-08 14:43:55', 1),
(469, 32, 19, 1, 55, 14, '2024-11-08', '2024-11-08 14:43:55', 1),
(470, 33, 19, 1, 55, 15, '2024-11-08', '2024-11-08 14:43:55', 1),
(471, 70, 21, 1, 56, 13, '2024-11-12', '2024-11-12 07:46:25', 1),
(472, 71, 21, 1, 56, 12, '2024-11-12', '2024-11-12 07:46:25', 1),
(473, 72, 21, 1, 56, 14, '2024-11-12', '2024-11-12 07:46:25', 1),
(474, 73, 21, 1, 56, 14, '2024-11-12', '2024-11-12 07:46:25', 1),
(475, 74, 21, 1, 56, 11, '2024-11-12', '2024-11-12 07:46:25', 1),
(476, 75, 21, 1, 56, 11, '2024-11-12', '2024-11-12 07:46:25', 1),
(477, 78, 21, 1, 56, 10, '2024-11-12', '2024-11-12 07:46:25', 1),
(478, 80, 21, 1, 56, 10, '2024-11-12', '2024-11-12 07:46:25', 1),
(479, 81, 21, 1, 56, 11, '2024-11-12', '2024-11-12 07:46:25', 1),
(480, 82, 21, 1, 56, 9, '2024-11-12', '2024-11-12 07:46:25', 1),
(481, 83, 21, 1, 56, 10, '2024-11-12', '2024-11-12 07:46:25', 1),
(482, 84, 21, 1, 56, 13, '2024-11-12', '2024-11-12 07:46:25', 1),
(483, 103, 21, 1, 56, 13, '2024-11-12', '2024-11-12 07:46:25', 1),
(484, 104, 21, 1, 56, 11, '2024-11-12', '2024-11-12 07:46:25', 1),
(485, 105, 21, 1, 56, 14, '2024-11-12', '2024-11-12 07:46:25', 1),
(486, 106, 21, 1, 56, 15, '2024-11-12', '2024-11-12 07:46:25', 1),
(487, 108, 21, 1, 56, 13, '2024-11-12', '2024-11-12 07:46:25', 1),
(488, 109, 21, 1, 56, 11, '2024-11-12', '2024-11-12 07:46:25', 1),
(489, 263, 21, 1, 56, 8, '2024-11-12', '2024-11-12 07:46:25', 1),
(490, 264, 21, 1, 56, 11, '2024-11-12', '2024-11-12 07:46:25', 1),
(491, 265, 21, 1, 56, 12, '2024-11-12', '2024-11-12 07:46:25', 1),
(492, 266, 21, 1, 56, 10, '2024-11-12', '2024-11-12 07:46:25', 1),
(493, 70, 22, 1, 57, 14, '2024-11-12', '2024-11-12 09:43:35', 1),
(494, 71, 22, 1, 57, 10, '2024-11-12', '2024-11-12 09:43:35', 1),
(495, 72, 22, 1, 57, 14, '2024-11-12', '2024-11-12 09:43:35', 1),
(496, 73, 22, 1, 57, 9, '2024-11-12', '2024-11-12 09:43:35', 1),
(497, 74, 22, 1, 57, 15, '2024-11-12', '2024-11-12 09:43:35', 1),
(498, 75, 22, 1, 57, 11, '2024-11-12', '2024-11-12 09:43:35', 1),
(499, 78, 22, 1, 57, 13, '2024-11-12', '2024-11-12 09:43:35', 1),
(500, 80, 22, 1, 57, 12, '2024-11-12', '2024-11-12 09:43:35', 1),
(501, 81, 22, 1, 57, 13, '2024-11-12', '2024-11-12 09:43:35', 1),
(502, 82, 22, 1, 57, 8, '2024-11-12', '2024-11-12 09:43:35', 1),
(503, 83, 22, 1, 57, 11, '2024-11-12', '2024-11-12 09:43:35', 1),
(504, 84, 22, 1, 57, 18, '2024-11-12', '2024-11-12 09:43:35', 1),
(505, 103, 22, 1, 57, 11, '2024-11-12', '2024-11-12 09:43:35', 1),
(506, 104, 22, 1, 57, 13, '2024-11-12', '2024-11-12 09:43:35', 1),
(507, 105, 22, 1, 57, 12, '2024-11-12', '2024-11-12 09:43:35', 1),
(508, 106, 22, 1, 57, 17, '2024-11-12', '2024-11-12 09:43:35', 1),
(509, 108, 22, 1, 57, 13, '2024-11-12', '2024-11-12 09:43:35', 1),
(510, 109, 22, 1, 57, 12, '2024-11-12', '2024-11-12 09:43:35', 1),
(511, 263, 22, 1, 57, 10, '2024-11-12', '2024-11-12 09:43:35', 1),
(512, 264, 22, 1, 57, 12, '2024-11-12', '2024-11-12 09:43:35', 1),
(513, 265, 22, 1, 57, 15, '2024-11-12', '2024-11-12 09:43:35', 1),
(514, 266, 22, 1, 57, 11, '2024-11-12', '2024-11-12 09:43:35', 1),
(515, 70, 23, 1, 58, 12, '2024-11-12', '2024-11-12 09:48:49', 1),
(516, 71, 23, 1, 58, 17, '2024-11-12', '2024-11-12 09:48:49', 1),
(517, 72, 23, 1, 58, 17, '2024-11-12', '2024-11-12 09:48:49', 1),
(518, 73, 23, 1, 58, 9, '2024-11-12', '2024-11-12 09:48:49', 1),
(519, 74, 23, 1, 58, 17, '2024-11-12', '2024-11-12 09:48:49', 1),
(520, 75, 23, 1, 58, 12, '2024-11-12', '2024-11-12 09:48:49', 1),
(521, 78, 23, 1, 58, 15, '2024-11-12', '2024-11-12 09:48:49', 1),
(522, 80, 23, 1, 58, 8, '2024-11-12', '2024-11-12 09:48:49', 1),
(523, 81, 23, 1, 58, 13, '2024-11-12', '2024-11-12 09:48:49', 1),
(524, 82, 23, 1, 58, 10, '2024-11-12', '2024-11-12 09:48:49', 1),
(525, 83, 23, 1, 58, 16, '2024-11-12', '2024-11-12 09:48:49', 1),
(526, 84, 23, 1, 58, 17, '2024-11-12', '2024-11-12 09:48:49', 1),
(527, 103, 23, 1, 58, 17, '2024-11-12', '2024-11-12 09:48:49', 1),
(528, 104, 23, 1, 58, 16, '2024-11-12', '2024-11-12 09:48:49', 1),
(529, 105, 23, 1, 58, 15, '2024-11-12', '2024-11-12 09:48:49', 1),
(530, 106, 23, 1, 58, 17, '2024-11-12', '2024-11-12 09:48:49', 1),
(531, 108, 23, 1, 58, 17, '2024-11-12', '2024-11-12 09:48:49', 1),
(532, 109, 23, 1, 58, 15, '2024-11-12', '2024-11-12 09:48:49', 1),
(533, 263, 23, 1, 58, 11, '2024-11-12', '2024-11-12 09:48:49', 1),
(534, 264, 23, 1, 58, 11, '2024-11-12', '2024-11-12 09:48:49', 1),
(535, 265, 23, 1, 58, 13, '2024-11-12', '2024-11-12 09:48:49', 1),
(536, 266, 23, 1, 58, 14, '2024-11-12', '2024-11-12 09:48:49', 1),
(537, 70, 24, 1, 59, 15, '2024-11-12', '2024-11-12 09:54:26', 1),
(538, 71, 24, 1, 59, 17.5, '2024-11-12', '2024-11-12 09:54:26', 1),
(539, 72, 24, 1, 59, 18, '2024-11-12', '2024-11-12 09:54:26', 1),
(540, 73, 24, 1, 59, 5, '2024-11-12', '2024-11-12 09:54:26', 1),
(541, 74, 24, 1, 59, 15, '2024-11-12', '2024-11-12 09:54:26', 1),
(542, 75, 24, 1, 59, 13, '2024-11-12', '2024-11-12 09:54:26', 1),
(543, 78, 24, 1, 59, 17, '2024-11-12', '2024-11-12 09:54:26', 1),
(544, 80, 24, 1, 59, 5.5, '2024-11-12', '2024-11-12 09:54:26', 1),
(545, 81, 24, 1, 59, 18.5, '2024-11-12', '2024-11-12 09:54:26', 1),
(546, 82, 24, 1, 59, 10, '2024-11-12', '2024-11-12 09:54:26', 1),
(547, 83, 24, 1, 59, 5, '2024-11-12', '2024-11-12 09:54:26', 1),
(548, 84, 24, 1, 59, 16, '2024-11-12', '2024-11-12 09:54:26', 1),
(549, 103, 24, 1, 59, 15.5, '2024-11-12', '2024-11-12 09:54:26', 1),
(550, 104, 24, 1, 59, 16, '2024-11-12', '2024-11-12 09:54:26', 1),
(551, 105, 24, 1, 59, 10, '2024-11-12', '2024-11-12 09:54:26', 1),
(552, 106, 24, 1, 59, 16, '2024-11-12', '2024-11-12 09:54:26', 1),
(553, 108, 24, 1, 59, 18.75, '2024-11-12', '2024-11-12 09:54:26', 1),
(554, 109, 24, 1, 59, 10.5, '2024-11-12', '2024-11-12 09:54:26', 1),
(555, 263, 24, 1, 59, 8, '2024-11-12', '2024-11-12 09:54:26', 1),
(556, 264, 24, 1, 59, 18.5, '2024-11-12', '2024-11-12 09:54:26', 1),
(557, 265, 24, 1, 59, 16, '2024-11-12', '2024-11-12 09:54:26', 1),
(558, 266, 24, 1, 59, 10.5, '2024-11-12', '2024-11-12 09:54:26', 1),
(559, 267, 24, 1, 59, 10, '2024-11-12', '2024-11-12 09:54:26', 1),
(560, 268, 24, 1, 59, 14, '2024-11-12', '2024-11-12 09:54:26', 1),
(561, 269, 24, 1, 59, 14.75, '2024-11-12', '2024-11-12 09:54:26', 1),
(562, 70, 25, 1, 60, 11, '2024-11-12', '2024-11-12 10:11:34', 1),
(563, 71, 25, 1, 60, 10.75, '2024-11-12', '2024-11-12 10:11:34', 1),
(564, 72, 25, 1, 60, 11.5, '2024-11-12', '2024-11-12 10:11:34', 1),
(565, 73, 25, 1, 60, 5.25, '2024-11-12', '2024-11-12 10:11:34', 1),
(566, 74, 25, 1, 60, 17.5, '2024-11-12', '2024-11-12 10:11:34', 1),
(567, 75, 25, 1, 60, 10.25, '2024-11-12', '2024-11-12 10:11:34', 1),
(568, 78, 25, 1, 60, 16, '2024-11-12', '2024-11-12 10:11:34', 1),
(569, 80, 25, 1, 60, 7.5, '2024-11-12', '2024-11-12 10:11:34', 1),
(570, 81, 25, 1, 60, 12.5, '2024-11-12', '2024-11-12 10:11:34', 1),
(571, 82, 25, 1, 60, 4.75, '2024-11-12', '2024-11-12 10:11:34', 1),
(572, 83, 25, 1, 60, 4.75, '2024-11-12', '2024-11-12 10:11:34', 1),
(573, 84, 25, 1, 60, 17.25, '2024-11-12', '2024-11-12 10:11:34', 1),
(574, 103, 25, 1, 60, 9.25, '2024-11-12', '2024-11-12 10:11:34', 1),
(575, 104, 25, 1, 60, 11.25, '2024-11-12', '2024-11-12 10:11:34', 1),
(576, 105, 25, 1, 60, 9.5, '2024-11-12', '2024-11-12 10:11:34', 1),
(577, 106, 25, 1, 60, 13.25, '2024-11-12', '2024-11-12 10:11:34', 1),
(578, 108, 25, 1, 60, 10.25, '2024-11-12', '2024-11-12 10:11:34', 1),
(579, 109, 25, 1, 60, 10.5, '2024-11-12', '2024-11-12 10:11:34', 1),
(580, 263, 25, 1, 60, 8.75, '2024-11-12', '2024-11-12 10:11:34', 1),
(581, 264, 25, 1, 60, 8.25, '2024-11-12', '2024-11-12 10:11:34', 1),
(582, 265, 25, 1, 60, 8, '2024-11-12', '2024-11-12 10:11:34', 1),
(583, 266, 25, 1, 60, 7, '2024-11-12', '2024-11-12 10:11:34', 1),
(584, 267, 25, 1, 60, 6.5, '2024-11-12', '2024-11-12 10:11:34', 1),
(585, 268, 25, 1, 60, 8, '2024-11-12', '2024-11-12 10:11:34', 1),
(586, 269, 25, 1, 60, 13.5, '2024-11-12', '2024-11-12 10:11:34', 1),
(587, 70, 26, 1, 61, 9, '2024-11-12', '2024-11-12 10:25:27', 1),
(588, 71, 26, 1, 61, 11, '2024-11-12', '2024-11-12 10:25:27', 1),
(589, 72, 26, 1, 61, 12, '2024-11-12', '2024-11-12 10:25:27', 1),
(590, 73, 26, 1, 61, 9, '2024-11-12', '2024-11-12 10:25:27', 1),
(591, 74, 26, 1, 61, 16, '2024-11-12', '2024-11-12 10:25:27', 1),
(592, 75, 26, 1, 61, 9, '2024-11-12', '2024-11-12 10:25:27', 1),
(593, 78, 26, 1, 61, 9, '2024-11-12', '2024-11-12 10:25:27', 1),
(594, 80, 26, 1, 61, 16, '2024-11-12', '2024-11-12 10:25:27', 1),
(595, 81, 26, 1, 61, 11, '2024-11-12', '2024-11-12 10:25:27', 1),
(596, 82, 26, 1, 61, 7, '2024-11-12', '2024-11-12 10:25:27', 1),
(597, 83, 26, 1, 61, 6, '2024-11-12', '2024-11-12 10:25:27', 1),
(598, 84, 26, 1, 61, 16, '2024-11-12', '2024-11-12 10:25:27', 1),
(599, 103, 26, 1, 61, 14, '2024-11-12', '2024-11-12 10:25:27', 1),
(600, 104, 26, 1, 61, 11, '2024-11-12', '2024-11-12 10:25:27', 1),
(601, 105, 26, 1, 61, 12, '2024-11-12', '2024-11-12 10:25:27', 1),
(602, 106, 26, 1, 61, 18, '2024-11-12', '2024-11-12 10:25:27', 1),
(603, 108, 26, 1, 61, 11, '2024-11-12', '2024-11-12 10:25:27', 1),
(604, 109, 26, 1, 61, 12, '2024-11-12', '2024-11-12 10:25:27', 1),
(605, 263, 26, 1, 61, 5, '2024-11-12', '2024-11-12 10:25:27', 1),
(606, 264, 26, 1, 61, 4, '2024-11-12', '2024-11-12 10:25:27', 1),
(607, 265, 26, 1, 61, 9, '2024-11-12', '2024-11-12 10:25:27', 1),
(608, 266, 26, 1, 61, 8, '2024-11-12', '2024-11-12 10:25:27', 1),
(609, 267, 26, 1, 61, 5, '2024-11-12', '2024-11-12 10:25:27', 1),
(610, 268, 26, 1, 61, 8, '2024-11-12', '2024-11-12 10:25:27', 1),
(611, 269, 26, 1, 61, 11, '2024-11-12', '2024-11-12 10:25:27', 1),
(612, 70, 27, 1, 62, 7, '2024-11-12', '2024-11-12 15:23:34', 1),
(613, 71, 27, 1, 62, 11, '2024-11-12', '2024-11-12 15:23:34', 1),
(614, 72, 27, 1, 62, 10, '2024-11-12', '2024-11-12 15:23:34', 1),
(615, 73, 27, 1, 62, 10, '2024-11-12', '2024-11-12 15:23:34', 1),
(616, 74, 27, 1, 62, 13, '2024-11-12', '2024-11-12 15:23:34', 1),
(617, 75, 27, 1, 62, 7, '2024-11-12', '2024-11-12 15:23:34', 1),
(618, 78, 27, 1, 62, 7, '2024-11-12', '2024-11-12 15:23:34', 1),
(619, 80, 27, 1, 62, 10, '2024-11-12', '2024-11-12 15:23:34', 1),
(620, 81, 27, 1, 62, 7, '2024-11-12', '2024-11-12 15:23:34', 1),
(621, 82, 27, 1, 62, 10, '2024-11-12', '2024-11-12 15:23:34', 1),
(622, 83, 27, 1, 62, 9, '2024-11-12', '2024-11-12 15:23:34', 1),
(623, 84, 27, 1, 62, 17, '2024-11-12', '2024-11-12 15:23:34', 1),
(624, 103, 27, 1, 62, 7, '2024-11-12', '2024-11-12 15:23:34', 1),
(625, 104, 27, 1, 62, 8, '2024-11-12', '2024-11-12 15:23:34', 1),
(626, 105, 27, 1, 62, 13, '2024-11-12', '2024-11-12 15:23:34', 1),
(627, 106, 27, 1, 62, 10, '2024-11-12', '2024-11-12 15:23:34', 1),
(628, 108, 27, 1, 62, 11, '2024-11-12', '2024-11-12 15:23:34', 1),
(629, 109, 27, 1, 62, 14, '2024-11-12', '2024-11-12 15:23:34', 1),
(630, 263, 27, 1, 62, 5, '2024-11-12', '2024-11-12 15:23:34', 1),
(631, 264, 27, 1, 62, 7, '2024-11-12', '2024-11-12 15:23:34', 1),
(632, 265, 27, 1, 62, 9, '2024-11-12', '2024-11-12 15:23:34', 1),
(633, 266, 27, 1, 62, 8, '2024-11-12', '2024-11-12 15:23:34', 1),
(634, 267, 27, 1, 62, 5, '2024-11-12', '2024-11-12 15:23:34', 1),
(635, 268, 27, 1, 62, 6, '2024-11-12', '2024-11-12 15:23:34', 1),
(636, 269, 27, 1, 62, 7, '2024-11-12', '2024-11-12 15:23:34', 1),
(637, 70, 28, 1, 63, 14, '2024-11-12', '2024-11-12 15:30:30', 1),
(638, 71, 28, 1, 63, 14, '2024-11-12', '2024-11-12 15:30:30', 1),
(639, 72, 28, 1, 63, 13, '2024-11-12', '2024-11-12 15:30:30', 1),
(640, 73, 28, 1, 63, 11, '2024-11-12', '2024-11-12 15:30:30', 1),
(641, 74, 28, 1, 63, 16, '2024-11-12', '2024-11-12 15:30:30', 1),
(642, 75, 28, 1, 63, 17, '2024-11-12', '2024-11-12 15:30:30', 1),
(643, 78, 28, 1, 63, 13, '2024-11-12', '2024-11-12 15:30:30', 1),
(644, 80, 28, 1, 63, 11, '2024-11-12', '2024-11-12 15:30:30', 1),
(645, 81, 28, 1, 63, 10, '2024-11-12', '2024-11-12 15:30:30', 1),
(646, 82, 28, 1, 63, 9, '2024-11-12', '2024-11-12 15:30:30', 1),
(647, 83, 28, 1, 63, 14, '2024-11-12', '2024-11-12 15:30:30', 1),
(648, 84, 28, 1, 63, 16, '2024-11-12', '2024-11-12 15:30:30', 1),
(649, 103, 28, 1, 63, 15, '2024-11-12', '2024-11-12 15:30:30', 1),
(650, 104, 28, 1, 63, 14, '2024-11-12', '2024-11-12 15:30:30', 1),
(651, 105, 28, 1, 63, 14, '2024-11-12', '2024-11-12 15:30:30', 1),
(652, 106, 28, 1, 63, 12, '2024-11-12', '2024-11-12 15:30:30', 1),
(653, 108, 28, 1, 63, 10, '2024-11-12', '2024-11-12 15:30:30', 1),
(654, 109, 28, 1, 63, 12, '2024-11-12', '2024-11-12 15:30:30', 1),
(655, 263, 28, 1, 63, 8, '2024-11-12', '2024-11-12 15:30:30', 1),
(656, 264, 28, 1, 63, 14, '2024-11-12', '2024-11-12 15:30:30', 1),
(657, 265, 28, 1, 63, 18.5, '2024-11-12', '2024-11-12 15:30:30', 1),
(658, 266, 28, 1, 63, 15, '2024-11-12', '2024-11-12 15:30:30', 1),
(659, 267, 28, 1, 63, 15, '2024-11-12', '2024-11-12 15:30:30', 1),
(660, 268, 28, 1, 63, 16, '2024-11-12', '2024-11-12 15:30:30', 1),
(661, 269, 28, 1, 63, 16, '2024-11-12', '2024-11-12 15:30:30', 1),
(662, 70, 29, 1, 64, 15, '2024-11-12', '2024-11-12 15:34:39', 1),
(663, 85, 31, 1, 65, 6, '2024-11-12', '2024-11-12 16:01:35', 1),
(664, 86, 31, 1, 65, 14, '2024-11-12', '2024-11-12 16:01:35', 1),
(665, 110, 31, 1, 65, 8, '2024-11-12', '2024-11-12 16:01:35', 1),
(666, 111, 31, 1, 65, 9, '2024-11-12', '2024-11-12 16:01:35', 1),
(667, 112, 31, 1, 65, 5, '2024-11-12', '2024-11-12 16:01:35', 1),
(668, 113, 31, 1, 65, 6, '2024-11-12', '2024-11-12 16:01:35', 1),
(669, 115, 31, 1, 65, 7, '2024-11-12', '2024-11-15 09:43:17', 1),
(670, 116, 31, 1, 65, 10, '2024-11-12', '2024-11-15 09:43:17', 1),
(671, 117, 31, 1, 65, 6, '2024-11-12', '2024-11-15 09:43:17', 1),
(672, 118, 31, 1, 65, 11, '2024-11-12', '2024-11-15 09:43:17', 1),
(673, 119, 31, 1, 65, 9, '2024-11-12', '2024-11-15 09:43:17', 1),
(674, 120, 31, 1, 65, 10, '2024-11-12', '2024-11-15 09:43:18', 1),
(675, 141, 31, 1, 65, 8, '2024-11-12', '2024-11-15 09:43:18', 1),
(676, 143, 31, 1, 65, 10, '2024-11-12', '2024-11-15 09:43:18', 1),
(677, 144, 31, 1, 65, 8, '2024-11-12', '2024-11-15 09:43:18', 1),
(678, 148, 31, 1, 65, 8, '2024-11-12', '2024-11-15 09:43:18', 1),
(679, 149, 31, 1, 65, 9, '2024-11-12', '2024-11-15 09:43:18', 1),
(680, 150, 31, 1, 65, 8, '2024-11-12', '2024-11-15 09:43:18', 1),
(681, 151, 31, 1, 65, 14, '2024-11-12', '2024-11-15 09:43:18', 1),
(682, 152, 31, 1, 65, 10, '2024-11-12', '2024-11-15 09:43:18', 1),
(683, 153, 31, 1, 65, 7, '2024-11-12', '2024-11-15 09:43:18', 1),
(684, 155, 31, 1, 65, 8, '2024-11-12', '2024-11-15 09:43:18', 1),
(685, 156, 31, 1, 65, 5, '2024-11-12', '2024-11-15 09:43:18', 1),
(686, 270, 31, 1, 65, 3, '2024-11-12', '2024-11-15 09:43:18', 1),
(687, 271, 31, 1, 65, 4, '2024-11-12', '2024-11-15 09:43:18', 1),
(688, 272, 31, 1, 65, 9, '2024-11-12', '2024-11-15 09:43:18', 1),
(689, 273, 31, 1, 65, 5, '2024-11-12', '2024-11-15 09:43:18', 1),
(690, 274, 31, 1, 65, 8, '2024-11-12', '2024-11-15 09:43:18', 1),
(691, 275, 31, 1, 65, 16, '2024-11-12', '2024-11-15 09:43:18', 1),
(692, 276, 31, 1, 65, 8, '2024-11-12', '2024-11-15 09:43:18', 1),
(693, 277, 31, 1, 65, 8, '2024-11-12', '2024-11-15 09:43:18', 1),
(694, 85, 32, 1, 66, 5.5, '2024-11-15', '2024-11-15 09:49:54', 1),
(695, 86, 32, 1, 66, 12.5, '2024-11-15', '2024-11-15 09:49:54', 1),
(696, 110, 32, 1, 66, 7.5, '2024-11-15', '2024-11-15 09:49:54', 1),
(697, 111, 32, 1, 66, 7.5, '2024-11-15', '2024-11-15 09:49:54', 1),
(698, 112, 32, 1, 66, 7, '2024-11-15', '2024-11-15 09:49:54', 1),
(699, 113, 32, 1, 66, 12, '2024-11-15', '2024-11-15 09:49:54', 1),
(700, 115, 32, 1, 66, 10, '2024-11-15', '2024-11-15 09:49:54', 1),
(701, 116, 32, 1, 66, 11, '2024-11-15', '2024-11-15 09:49:54', 1),
(702, 117, 32, 1, 66, 8.5, '2024-11-15', '2024-11-15 09:49:54', 1),
(703, 118, 32, 1, 66, 12.5, '2024-11-15', '2024-11-15 09:49:54', 1),
(704, 119, 32, 1, 66, 10.5, '2024-11-15', '2024-11-15 09:49:54', 1),
(705, 120, 32, 1, 66, 11.5, '2024-11-15', '2024-11-15 09:49:54', 1),
(706, 141, 32, 1, 66, 11.5, '2024-11-15', '2024-11-15 09:49:54', 1),
(707, 143, 32, 1, 66, 10, '2024-11-15', '2024-11-15 09:49:54', 1),
(708, 144, 32, 1, 66, 9.5, '2024-11-15', '2024-11-15 09:49:54', 1),
(709, 148, 32, 1, 66, 5.5, '2024-11-15', '2024-11-15 09:49:54', 1),
(710, 149, 32, 1, 66, 8, '2024-11-15', '2024-11-15 09:49:54', 1),
(711, 150, 32, 1, 66, 9.5, '2024-11-15', '2024-11-15 09:49:55', 1),
(712, 151, 32, 1, 66, 14, '2024-11-15', '2024-11-15 09:49:55', 1),
(713, 152, 32, 1, 66, 13, '2024-11-15', '2024-11-15 09:49:55', 1),
(714, 153, 32, 1, 66, 12, '2024-11-15', '2024-11-15 09:49:55', 1),
(715, 155, 32, 1, 66, 12, '2024-11-15', '2024-11-15 09:49:55', 1),
(716, 156, 32, 1, 66, 10.5, '2024-11-15', '2024-11-15 09:49:55', 1),
(717, 270, 32, 1, 66, 7, '2024-11-15', '2024-11-15 09:49:55', 1),
(718, 271, 32, 1, 66, 9, '2024-11-15', '2024-11-15 09:49:55', 1),
(719, 272, 32, 1, 66, 7.5, '2024-11-15', '2024-11-15 09:49:55', 1),
(720, 273, 32, 1, 66, 7.5, '2024-11-15', '2024-11-15 09:49:55', 1),
(721, 274, 32, 1, 66, 7.5, '2024-11-15', '2024-11-15 09:49:55', 1),
(722, 275, 32, 1, 66, 14.5, '2024-11-15', '2024-11-15 09:49:55', 1),
(723, 276, 32, 1, 66, 11.5, '2024-11-15', '2024-11-15 09:49:55', 1),
(724, 277, 32, 1, 66, 12.5, '2024-11-15', '2024-11-15 09:49:55', 1),
(725, 85, 33, 1, 67, 7, '2024-11-15', '2024-11-15 09:55:10', 1),
(726, 86, 33, 1, 67, 10, '2024-11-15', '2024-11-15 09:55:10', 1),
(727, 110, 33, 1, 67, 9, '2024-11-15', '2024-11-15 09:55:10', 1),
(728, 111, 33, 1, 67, 7, '2024-11-15', '2024-11-15 09:55:10', 1),
(729, 112, 33, 1, 67, 11, '2024-11-15', '2024-11-15 09:55:10', 1),
(730, 113, 33, 1, 67, 12, '2024-11-15', '2024-11-15 09:55:10', 1),
(731, 115, 33, 1, 67, 7, '2024-11-15', '2024-11-15 09:55:10', 1),
(732, 116, 33, 1, 67, 7, '2024-11-15', '2024-11-15 09:55:10', 1),
(733, 117, 33, 1, 67, 7, '2024-11-15', '2024-11-15 09:55:10', 1),
(734, 118, 33, 1, 67, 14, '2024-11-15', '2024-11-15 09:55:10', 1),
(735, 119, 33, 1, 67, 12, '2024-11-15', '2024-11-15 09:55:10', 1),
(736, 120, 33, 1, 67, 6, '2024-11-15', '2024-11-15 09:55:10', 1),
(737, 141, 33, 1, 67, 17, '2024-11-15', '2024-11-15 09:55:10', 1),
(738, 143, 33, 1, 67, 12, '2024-11-15', '2024-11-15 09:55:10', 1),
(739, 144, 33, 1, 67, 11, '2024-11-15', '2024-11-15 09:55:10', 1),
(740, 148, 33, 1, 67, 7, '2024-11-15', '2024-11-15 09:55:10', 1),
(741, 149, 33, 1, 67, 6, '2024-11-15', '2024-11-15 09:55:10', 1),
(742, 150, 33, 1, 67, 9, '2024-11-15', '2024-11-15 09:55:10', 1),
(743, 151, 33, 1, 67, 16, '2024-11-15', '2024-11-15 09:55:10', 1),
(744, 152, 33, 1, 67, 9, '2024-11-15', '2024-11-15 09:55:10', 1),
(745, 153, 33, 1, 67, 16, '2024-11-15', '2024-11-15 09:55:10', 1),
(746, 155, 33, 1, 67, 14, '2024-11-15', '2024-11-15 09:55:10', 1),
(747, 156, 33, 1, 67, 17, '2024-11-15', '2024-11-15 09:55:10', 1),
(748, 270, 33, 1, 67, 11, '2024-11-15', '2024-11-15 09:55:10', 1),
(749, 271, 33, 1, 67, 10, '2024-11-15', '2024-11-15 09:55:10', 1),
(750, 272, 33, 1, 67, 12, '2024-11-15', '2024-11-15 09:55:10', 1),
(751, 273, 33, 1, 67, 8, '2024-11-15', '2024-11-15 09:55:10', 1),
(752, 274, 33, 1, 67, 10, '2024-11-15', '2024-11-15 09:55:10', 1),
(753, 275, 33, 1, 67, 15, '2024-11-15', '2024-11-15 09:55:10', 1),
(754, 276, 33, 1, 67, 17, '2024-11-15', '2024-11-15 09:55:10', 1),
(755, 277, 33, 1, 67, 14, '2024-11-15', '2024-11-15 09:55:10', 1),
(756, 85, 34, 1, 68, 9, '2024-11-15', '2024-11-15 10:00:23', 1),
(757, 86, 34, 1, 68, 18.5, '2024-11-15', '2024-11-15 10:00:23', 1),
(758, 110, 34, 1, 68, 6.5, '2024-11-15', '2024-11-15 10:00:23', 1),
(759, 111, 34, 1, 68, 7, '2024-11-15', '2024-11-15 10:00:23', 1),
(760, 112, 34, 1, 68, 10, '2024-11-15', '2024-11-15 10:00:23', 1),
(761, 113, 34, 1, 68, 10, '2024-11-15', '2024-11-15 10:00:23', 1),
(762, 115, 34, 1, 68, 15.5, '2024-11-15', '2024-11-15 10:00:23', 1),
(763, 116, 34, 1, 68, 14.5, '2024-11-15', '2024-11-15 10:00:23', 1),
(764, 117, 34, 1, 68, 7.5, '2024-11-15', '2024-11-15 10:00:23', 1),
(765, 118, 34, 1, 68, 18, '2024-11-15', '2024-11-15 10:00:23', 1),
(766, 119, 34, 1, 68, 11, '2024-11-15', '2024-11-15 10:00:23', 1),
(767, 120, 34, 1, 68, 3, '2024-11-15', '2024-11-15 10:00:23', 1),
(768, 141, 34, 1, 68, 11.5, '2024-11-15', '2024-11-15 10:00:23', 1),
(769, 143, 34, 1, 68, 9.5, '2024-11-15', '2024-11-15 10:00:23', 1),
(770, 144, 34, 1, 68, 4.5, '2024-11-15', '2024-11-15 10:00:23', 1),
(771, 148, 34, 1, 68, 8, '2024-11-15', '2024-11-15 10:00:23', 1),
(772, 149, 34, 1, 68, 16, '2024-11-15', '2024-11-15 10:00:23', 1),
(773, 150, 34, 1, 68, 7.5, '2024-11-15', '2024-11-15 10:00:23', 1),
(774, 151, 34, 1, 68, 16.5, '2024-11-15', '2024-11-15 10:00:23', 1),
(775, 152, 34, 1, 68, 11, '2024-11-15', '2024-11-15 10:00:23', 1),
(776, 153, 34, 1, 68, 10.5, '2024-11-15', '2024-11-15 10:00:23', 1),
(777, 155, 34, 1, 68, 6.5, '2024-11-15', '2024-11-15 10:00:23', 1),
(778, 156, 34, 1, 68, 16, '2024-11-15', '2024-11-15 10:00:23', 1),
(779, 270, 34, 1, 68, 7.5, '2024-11-15', '2024-11-15 10:00:23', 1),
(780, 271, 34, 1, 68, 10, '2024-11-15', '2024-11-15 10:00:23', 1),
(781, 272, 34, 1, 68, 7, '2024-11-15', '2024-11-15 10:00:23', 1),
(782, 273, 34, 1, 68, 7, '2024-11-15', '2024-11-15 10:00:23', 1),
(783, 274, 34, 1, 68, 7.5, '2024-11-15', '2024-11-15 10:00:23', 1),
(784, 275, 34, 1, 68, 18.5, '2024-11-15', '2024-11-15 10:00:24', 1),
(785, 276, 34, 1, 68, 6.5, '2024-11-15', '2024-11-15 10:00:24', 1),
(786, 277, 34, 1, 68, 15, '2024-11-15', '2024-11-15 10:00:24', 1),
(787, 85, 35, 1, 69, 7, '2024-11-15', '2024-11-15 10:40:42', 1),
(788, 86, 35, 1, 69, 18, '2024-11-15', '2024-11-15 10:40:42', 1),
(789, 110, 35, 1, 69, 6, '2024-11-15', '2024-11-15 10:40:42', 1),
(790, 111, 35, 1, 69, 7, '2024-11-15', '2024-11-15 10:40:42', 1),
(791, 112, 35, 1, 69, 9, '2024-11-15', '2024-11-15 10:40:42', 1),
(792, 113, 35, 1, 69, 14, '2024-11-15', '2024-11-15 10:40:42', 1),
(793, 115, 35, 1, 69, 5, '2024-11-15', '2024-11-15 10:40:42', 1),
(794, 116, 35, 1, 69, 9, '2024-11-15', '2024-11-15 10:40:42', 1),
(795, 117, 35, 1, 69, 8, '2024-11-15', '2024-11-15 10:40:42', 1),
(796, 118, 35, 1, 69, 14, '2024-11-15', '2024-11-15 10:40:42', 1),
(797, 119, 35, 1, 69, 7, '2024-11-15', '2024-11-15 10:40:42', 1),
(798, 120, 35, 1, 69, 12, '2024-11-15', '2024-11-15 10:40:42', 1),
(799, 141, 35, 1, 69, 17, '2024-11-15', '2024-11-15 10:40:42', 1),
(800, 143, 35, 1, 69, 6, '2024-11-15', '2024-11-15 10:40:42', 1),
(801, 144, 35, 1, 69, 7, '2024-11-15', '2024-11-15 10:40:42', 1),
(802, 148, 35, 1, 69, 7, '2024-11-15', '2024-11-15 10:40:42', 1),
(803, 149, 35, 1, 69, 10, '2024-11-15', '2024-11-15 10:40:42', 1),
(804, 150, 35, 1, 69, 12, '2024-11-15', '2024-11-15 10:40:42', 1);
INSERT INTO `notes` (`id`, `eleve_id`, `matiere_id`, `evaluation_id`, `examinations_id`, `note`, `date_evaluation`, `created_at`, `trimestre`) VALUES
(805, 151, 35, 1, 69, 14, '2024-11-15', '2024-11-15 10:40:42', 1),
(806, 152, 35, 1, 69, 9, '2024-11-15', '2024-11-15 10:40:42', 1),
(807, 153, 35, 1, 69, 10, '2024-11-15', '2024-11-15 10:40:42', 1),
(808, 155, 35, 1, 69, 10, '2024-11-15', '2024-11-15 10:40:42', 1),
(809, 156, 35, 1, 69, 14, '2024-11-15', '2024-11-15 10:40:42', 1),
(810, 270, 35, 1, 69, 6, '2024-11-15', '2024-11-15 10:40:42', 1),
(811, 271, 35, 1, 69, 10, '2024-11-15', '2024-11-15 10:40:42', 1),
(812, 272, 35, 1, 69, 12, '2024-11-15', '2024-11-15 10:40:42', 1),
(813, 273, 35, 1, 69, 10, '2024-11-15', '2024-11-15 10:40:42', 1),
(814, 274, 35, 1, 69, 4, '2024-11-15', '2024-11-15 10:40:42', 1),
(815, 275, 35, 1, 69, 15, '2024-11-15', '2024-11-15 10:40:42', 1),
(816, 276, 35, 1, 69, 9, '2024-11-15', '2024-11-15 10:40:42', 1),
(817, 277, 35, 1, 69, 12, '2024-11-15', '2024-11-15 10:40:42', 1),
(818, 85, 36, 1, 70, 7, '2024-11-15', '2024-11-15 10:45:53', 1),
(819, 86, 36, 1, 70, 12, '2024-11-15', '2024-11-15 10:45:53', 1),
(820, 110, 36, 1, 70, 15, '2024-11-15', '2024-11-15 10:45:53', 1),
(821, 111, 36, 1, 70, 9, '2024-11-15', '2024-11-15 10:45:53', 1),
(822, 112, 36, 1, 70, 16, '2024-11-15', '2024-11-15 10:45:53', 1),
(823, 113, 36, 1, 70, 18, '2024-11-15', '2024-11-15 10:45:53', 1),
(824, 115, 36, 1, 70, 9, '2024-11-15', '2024-11-15 10:45:53', 1),
(825, 116, 36, 1, 70, 11, '2024-11-15', '2024-11-15 10:45:53', 1),
(826, 117, 36, 1, 70, 10, '2024-11-15', '2024-11-15 10:45:53', 1),
(827, 118, 36, 1, 70, 16, '2024-11-15', '2024-11-15 10:45:53', 1),
(828, 119, 36, 1, 70, 11, '2024-11-15', '2024-11-15 10:45:53', 1),
(829, 120, 36, 1, 70, 10, '2024-11-15', '2024-11-15 10:45:53', 1),
(830, 141, 36, 1, 70, 18, '2024-11-15', '2024-11-15 10:45:53', 1),
(831, 143, 36, 1, 70, 10, '2024-11-15', '2024-11-15 10:45:53', 1),
(832, 144, 36, 1, 70, 11, '2024-11-15', '2024-11-15 10:45:53', 1),
(833, 148, 36, 1, 70, 6, '2024-11-15', '2024-11-15 10:45:53', 1),
(834, 149, 36, 1, 70, 14, '2024-11-15', '2024-11-15 10:45:53', 1),
(835, 150, 36, 1, 70, 10, '2024-11-15', '2024-11-15 10:45:53', 1),
(836, 151, 36, 1, 70, 19.5, '2024-11-15', '2024-11-15 10:45:53', 1),
(837, 152, 36, 1, 70, 19, '2024-11-15', '2024-11-15 10:45:53', 1),
(838, 153, 36, 1, 70, 14, '2024-11-15', '2024-11-15 10:45:53', 1),
(839, 155, 36, 1, 70, 11, '2024-11-15', '2024-11-15 10:45:53', 1),
(840, 156, 36, 1, 70, 15, '2024-11-15', '2024-11-15 10:45:53', 1),
(841, 270, 36, 1, 70, 16, '2024-11-15', '2024-11-15 10:45:53', 1),
(842, 271, 36, 1, 70, 6, '2024-11-15', '2024-11-15 10:45:53', 1),
(843, 272, 36, 1, 70, 10, '2024-11-15', '2024-11-15 10:45:53', 1),
(844, 273, 36, 1, 70, 10, '2024-11-15', '2024-11-15 10:45:53', 1),
(845, 274, 36, 1, 70, 9, '2024-11-15', '2024-11-15 10:45:53', 1),
(846, 275, 36, 1, 70, 20, '2024-11-15', '2024-11-15 10:45:53', 1),
(847, 276, 36, 1, 70, 11, '2024-11-15', '2024-11-15 10:45:53', 1),
(848, 277, 36, 1, 70, 14, '2024-11-15', '2024-11-15 10:45:53', 1),
(849, 85, 37, 1, 71, 4, '2024-11-15', '2024-11-15 10:47:51', 1),
(850, 86, 37, 1, 71, 16, '2024-11-15', '2024-11-15 10:47:51', 1),
(851, 110, 37, 1, 71, 12, '2024-11-15', '2024-11-15 10:47:51', 1),
(852, 111, 37, 1, 71, 7, '2024-11-15', '2024-11-15 10:47:51', 1),
(853, 112, 37, 1, 71, 16, '2024-11-15', '2024-11-15 10:47:51', 1),
(854, 113, 37, 1, 71, 16, '2024-11-15', '2024-11-15 10:47:51', 1),
(855, 115, 37, 1, 71, 16, '2024-11-15', '2024-11-15 10:47:51', 1),
(856, 116, 37, 1, 71, 16, '2024-11-15', '2024-11-15 10:47:51', 1),
(857, 117, 37, 1, 71, 10, '2024-11-15', '2024-11-15 10:47:51', 1),
(858, 118, 37, 1, 71, 13, '2024-11-15', '2024-11-15 10:47:51', 1),
(859, 119, 37, 1, 71, 7, '2024-11-15', '2024-11-15 10:53:33', 1),
(860, 120, 37, 1, 71, 16, '2024-11-15', '2024-11-15 10:53:33', 1),
(861, 141, 37, 1, 71, 17, '2024-11-15', '2024-11-15 10:53:33', 1),
(862, 143, 37, 1, 71, 4, '2024-11-15', '2024-11-15 10:53:33', 1),
(863, 144, 37, 1, 71, 12, '2024-11-15', '2024-11-15 10:53:33', 1),
(864, 148, 37, 1, 71, 5, '2024-11-15', '2024-11-15 10:53:33', 1),
(865, 149, 37, 1, 71, 16, '2024-11-15', '2024-11-15 10:53:33', 1),
(866, 150, 37, 1, 71, 8, '2024-11-15', '2024-11-15 10:53:33', 1),
(867, 151, 37, 1, 71, 19, '2024-11-15', '2024-11-15 10:53:33', 1),
(868, 152, 37, 1, 71, 18, '2024-11-15', '2024-11-15 10:53:33', 1),
(869, 153, 37, 1, 71, 7, '2024-11-15', '2024-11-15 10:53:33', 1),
(870, 155, 37, 1, 71, 5, '2024-11-15', '2024-11-15 10:53:33', 1),
(871, 156, 37, 1, 71, 19, '2024-11-15', '2024-11-15 10:53:33', 1),
(872, 270, 37, 1, 71, 10, '2024-11-15', '2024-11-15 10:53:33', 1),
(873, 271, 37, 1, 71, 4, '2024-11-15', '2024-11-15 10:53:33', 1),
(874, 272, 37, 1, 71, 12, '2024-11-15', '2024-11-15 10:53:33', 1),
(875, 273, 37, 1, 71, 7, '2024-11-15', '2024-11-15 10:53:33', 1),
(876, 274, 37, 1, 71, 5, '2024-11-15', '2024-11-15 10:53:33', 1),
(877, 275, 37, 1, 71, 18, '2024-11-15', '2024-11-15 10:53:33', 1),
(878, 276, 37, 1, 71, 12, '2024-11-15', '2024-11-15 10:53:33', 1),
(879, 277, 37, 1, 71, 11, '2024-11-15', '2024-11-15 10:53:33', 1),
(880, 85, 38, 1, 72, 7, '2024-11-15', '2024-11-15 10:56:52', 1),
(881, 86, 38, 1, 72, 15, '2024-11-15', '2024-11-15 10:56:52', 1),
(882, 110, 38, 1, 72, 9, '2024-11-15', '2024-11-15 10:56:52', 1),
(883, 111, 38, 1, 72, 5, '2024-11-15', '2024-11-15 10:56:52', 1),
(884, 112, 38, 1, 72, 7, '2024-11-15', '2024-11-15 10:56:52', 1),
(885, 113, 38, 1, 72, 11, '2024-11-15', '2024-11-15 10:56:52', 1),
(886, 115, 38, 1, 72, 7, '2024-11-15', '2024-11-15 10:56:52', 1),
(887, 116, 38, 1, 72, 9, '2024-11-15', '2024-11-15 10:56:52', 1),
(888, 117, 38, 1, 72, 8, '2024-11-15', '2024-11-15 10:56:52', 1),
(889, 118, 38, 1, 72, 14, '2024-11-15', '2024-11-15 10:56:52', 1),
(890, 119, 38, 1, 72, 9, '2024-11-15', '2024-11-15 10:56:52', 1),
(891, 120, 38, 1, 72, 9, '2024-11-15', '2024-11-15 10:56:52', 1),
(892, 141, 38, 1, 72, 12, '2024-11-15', '2024-11-15 10:56:52', 1),
(893, 143, 38, 1, 72, 11, '2024-11-15', '2024-11-15 10:56:52', 1),
(894, 144, 38, 1, 72, 8, '2024-11-15', '2024-11-15 10:56:52', 1),
(895, 148, 38, 1, 72, 9, '2024-11-15', '2024-11-15 10:56:52', 1),
(896, 149, 38, 1, 72, 10, '2024-11-15', '2024-11-15 10:56:52', 1),
(897, 150, 38, 1, 72, 10, '2024-11-15', '2024-11-15 10:56:52', 1),
(898, 151, 38, 1, 72, 16, '2024-11-15', '2024-11-15 10:56:52', 1),
(899, 152, 38, 1, 72, 14, '2024-11-15', '2024-11-15 10:56:52', 1),
(900, 153, 38, 1, 72, 8, '2024-11-15', '2024-11-15 10:56:52', 1),
(901, 155, 38, 1, 72, 12, '2024-11-15', '2024-11-15 10:56:52', 1),
(902, 156, 38, 1, 72, 12, '2024-11-15', '2024-11-15 10:56:52', 1),
(903, 270, 38, 1, 72, 8, '2024-11-15', '2024-11-15 10:56:52', 1),
(904, 271, 38, 1, 72, 8, '2024-11-15', '2024-11-15 10:56:52', 1),
(905, 272, 38, 1, 72, 9, '2024-11-15', '2024-11-15 10:56:52', 1),
(906, 273, 38, 1, 72, 6, '2024-11-15', '2024-11-15 10:56:52', 1),
(907, 274, 38, 1, 72, 10, '2024-11-15', '2024-11-15 10:56:52', 1),
(908, 275, 38, 1, 72, 17, '2024-11-15', '2024-11-15 10:56:52', 1),
(909, 276, 38, 1, 72, 9, '2024-11-15', '2024-11-15 10:56:52', 1),
(910, 277, 38, 1, 72, 11, '2024-11-15', '2024-11-15 10:56:52', 1),
(911, 85, 39, 1, 73, 17, '2024-11-15', '2024-11-15 11:01:31', 1),
(912, 86, 39, 1, 73, 16, '2024-11-15', '2024-11-15 11:01:31', 1),
(913, 110, 39, 1, 73, 14, '2024-11-15', '2024-11-15 11:01:31', 1),
(914, 111, 39, 1, 73, 8, '2024-11-15', '2024-11-15 11:01:31', 1),
(915, 112, 39, 1, 73, 19, '2024-11-15', '2024-11-15 11:01:31', 1),
(916, 113, 39, 1, 73, 15, '2024-11-15', '2024-11-15 11:01:31', 1),
(917, 115, 39, 1, 73, 18, '2024-11-15', '2024-11-15 11:01:31', 1),
(918, 116, 39, 1, 73, 18, '2024-11-15', '2024-11-15 11:01:31', 1),
(919, 117, 39, 1, 73, 15, '2024-11-15', '2024-11-15 11:01:31', 1),
(920, 118, 39, 1, 73, 13, '2024-11-15', '2024-11-15 11:01:31', 1),
(921, 119, 39, 1, 73, 15, '2024-11-15', '2024-11-15 11:01:31', 1),
(922, 120, 39, 1, 73, 14, '2024-11-15', '2024-11-15 11:01:31', 1),
(923, 141, 39, 1, 73, 14, '2024-11-15', '2024-11-15 11:01:31', 1),
(924, 143, 39, 1, 73, 15, '2024-11-15', '2024-11-15 11:01:31', 1),
(925, 144, 39, 1, 73, 12, '2024-11-15', '2024-11-15 11:01:31', 1),
(926, 148, 39, 1, 73, 13, '2024-11-15', '2024-11-15 11:01:31', 1),
(927, 149, 39, 1, 73, 16, '2024-11-15', '2024-11-15 11:01:31', 1),
(928, 150, 39, 1, 73, 16, '2024-11-15', '2024-11-15 11:01:31', 1),
(929, 151, 39, 1, 73, 18, '2024-11-15', '2024-11-15 11:01:31', 1),
(930, 152, 39, 1, 73, 13, '2024-11-15', '2024-11-15 11:01:31', 1),
(931, 153, 39, 1, 73, 15, '2024-11-15', '2024-11-15 11:01:31', 1),
(932, 155, 39, 1, 73, 16, '2024-11-15', '2024-11-15 11:01:31', 1),
(933, 156, 39, 1, 73, 12, '2024-11-15', '2024-11-15 11:01:31', 1),
(934, 270, 39, 1, 73, 18, '2024-11-15', '2024-11-15 11:01:31', 1),
(935, 271, 39, 1, 73, 17, '2024-11-15', '2024-11-15 11:01:31', 1),
(936, 272, 39, 1, 73, 17, '2024-11-15', '2024-11-15 11:01:31', 1),
(937, 273, 39, 1, 73, 17, '2024-11-15', '2024-11-15 11:01:31', 1),
(938, 274, 39, 1, 73, 19, '2024-11-15', '2024-11-15 11:01:31', 1),
(939, 275, 39, 1, 73, 12, '2024-11-15', '2024-11-15 11:01:31', 1),
(940, 276, 39, 1, 73, 13, '2024-11-15', '2024-11-15 11:01:31', 1),
(941, 277, 39, 1, 73, 15, '2024-11-15', '2024-11-15 11:01:31', 1),
(942, 161, 41, 1, 74, 10.5, '2024-11-18', '2024-11-18 08:09:06', 1),
(943, 162, 41, 1, 74, 13.5, '2024-11-18', '2024-11-18 08:09:06', 1),
(944, 163, 41, 1, 74, 13, '2024-11-18', '2024-11-18 08:09:06', 1),
(945, 165, 41, 1, 74, 11, '2024-11-18', '2024-11-18 08:09:06', 1),
(946, 166, 41, 1, 74, 13, '2024-11-18', '2024-11-18 08:09:06', 1),
(947, 168, 41, 1, 74, 14, '2024-11-18', '2024-11-18 08:09:06', 1),
(948, 173, 41, 1, 74, 10, '2024-11-18', '2024-11-18 08:09:06', 1),
(949, 174, 41, 1, 74, 13, '2024-11-18', '2024-11-18 08:09:06', 1),
(950, 176, 41, 1, 74, 8.5, '2024-11-18', '2024-11-18 08:09:06', 1),
(951, 177, 41, 1, 74, 12, '2024-11-18', '2024-11-18 08:09:06', 1),
(952, 197, 41, 1, 74, 8, '2024-11-18', '2024-11-18 08:09:06', 1),
(953, 201, 41, 1, 74, 11, '2024-11-18', '2024-11-18 08:09:06', 1),
(954, 202, 41, 1, 74, 12.5, '2024-11-18', '2024-11-18 08:09:06', 1),
(955, 278, 41, 1, 74, 9, '2024-11-18', '2024-11-18 08:09:07', 1),
(956, 279, 41, 1, 74, 11, '2024-11-18', '2024-11-18 08:09:07', 1),
(957, 280, 41, 1, 74, 12, '2024-11-18', '2024-11-18 08:09:07', 1),
(958, 161, 42, 1, 75, 12, '2024-11-18', '2024-11-18 08:11:13', 1),
(959, 162, 42, 1, 75, 15, '2024-11-18', '2024-11-18 08:11:13', 1),
(960, 163, 42, 1, 75, 15, '2024-11-18', '2024-11-18 08:11:13', 1),
(961, 165, 42, 1, 75, 9, '2024-11-18', '2024-11-18 08:11:13', 1),
(962, 166, 42, 1, 75, 10, '2024-11-18', '2024-11-18 08:11:13', 1),
(963, 168, 42, 1, 75, 14, '2024-11-18', '2024-11-18 08:11:13', 1),
(964, 173, 42, 1, 75, 9, '2024-11-18', '2024-11-18 08:11:13', 1),
(965, 174, 42, 1, 75, 16, '2024-11-18', '2024-11-18 08:11:13', 1),
(966, 176, 42, 1, 75, 10, '2024-11-18', '2024-11-18 08:11:13', 1),
(967, 177, 42, 1, 75, 15, '2024-11-18', '2024-11-18 08:11:13', 1),
(968, 197, 42, 1, 75, 9, '2024-11-18', '2024-11-18 08:11:13', 1),
(969, 201, 42, 1, 75, 10, '2024-11-18', '2024-11-18 08:11:13', 1),
(970, 202, 42, 1, 75, 14, '2024-11-18', '2024-11-18 08:11:13', 1),
(971, 278, 42, 1, 75, 10, '2024-11-18', '2024-11-18 08:11:13', 1),
(972, 279, 42, 1, 75, 16, '2024-11-18', '2024-11-18 08:11:13', 1),
(973, 280, 42, 1, 75, 15, '2024-11-18', '2024-11-18 08:11:13', 1),
(974, 161, 43, 1, 76, 12.5, '2024-11-18', '2024-11-18 08:12:37', 1),
(975, 162, 43, 1, 76, 6.5, '2024-11-18', '2024-11-18 08:12:37', 1),
(976, 163, 43, 1, 76, 15.5, '2024-11-18', '2024-11-18 08:12:37', 1),
(977, 165, 43, 1, 76, 7.5, '2024-11-18', '2024-11-18 08:12:37', 1),
(978, 166, 43, 1, 76, 6, '2024-11-18', '2024-11-18 08:14:35', 1),
(979, 168, 43, 1, 76, 14.5, '2024-11-18', '2024-11-18 08:14:35', 1),
(980, 173, 43, 1, 76, 8.5, '2024-11-18', '2024-11-18 08:14:35', 1),
(981, 174, 43, 1, 76, 16.5, '2024-11-18', '2024-11-18 08:14:35', 1),
(982, 176, 43, 1, 76, 7, '2024-11-18', '2024-11-18 08:14:35', 1),
(983, 177, 43, 1, 76, 10, '2024-11-18', '2024-11-18 08:14:35', 1),
(984, 197, 43, 1, 76, 7, '2024-11-18', '2024-11-18 08:14:35', 1),
(985, 201, 43, 1, 76, 8, '2024-11-18', '2024-11-18 08:14:35', 1),
(986, 202, 43, 1, 76, 13.5, '2024-11-18', '2024-11-18 08:14:35', 1),
(987, 278, 43, 1, 76, 7.5, '2024-11-18', '2024-11-18 08:14:35', 1),
(988, 279, 43, 1, 76, 8, '2024-11-18', '2024-11-18 08:14:35', 1),
(989, 280, 43, 1, 76, 8, '2024-11-18', '2024-11-18 08:14:35', 1),
(990, 161, 44, 1, 77, 5, '2024-11-18', '2024-11-18 08:17:08', 1),
(991, 162, 44, 1, 77, 15, '2024-11-18', '2024-11-18 08:17:08', 1),
(992, 163, 44, 1, 77, 10, '2024-11-18', '2024-11-18 08:17:08', 1),
(993, 165, 44, 1, 77, 8, '2024-11-18', '2024-11-18 08:17:08', 1),
(994, 166, 44, 1, 77, 12, '2024-11-18', '2024-11-18 08:17:08', 1),
(995, 168, 44, 1, 77, 12, '2024-11-18', '2024-11-18 08:17:08', 1),
(996, 173, 44, 1, 77, 9, '2024-11-18', '2024-11-18 08:17:08', 1),
(997, 174, 44, 1, 77, 14, '2024-11-18', '2024-11-18 08:17:08', 1),
(998, 176, 44, 1, 77, 8, '2024-11-18', '2024-11-18 08:17:08', 1),
(999, 177, 44, 1, 77, 12, '2024-11-18', '2024-11-18 08:17:08', 1),
(1000, 197, 44, 1, 77, 6, '2024-11-18', '2024-11-18 08:17:08', 1),
(1001, 201, 44, 1, 77, 13, '2024-11-18', '2024-11-18 08:17:08', 1),
(1002, 202, 44, 1, 77, 14, '2024-11-18', '2024-11-18 08:17:08', 1),
(1003, 278, 44, 1, 77, 5, '2024-11-18', '2024-11-18 08:17:08', 1),
(1004, 279, 44, 1, 77, 11, '2024-11-18', '2024-11-18 08:17:08', 1),
(1005, 280, 44, 1, 77, 7, '2024-11-18', '2024-11-18 08:17:08', 1),
(1006, 161, 45, 1, 78, 10, '2024-11-18', '2024-11-18 08:22:55', 1),
(1007, 162, 45, 1, 78, 9, '2024-11-18', '2024-11-18 08:22:55', 1),
(1008, 163, 45, 1, 78, 12, '2024-11-18', '2024-11-18 08:22:55', 1),
(1009, 165, 45, 1, 78, 10, '2024-11-18', '2024-11-18 08:22:55', 1),
(1010, 166, 45, 1, 78, 7, '2024-11-18', '2024-11-18 08:22:55', 1),
(1011, 168, 45, 1, 78, 10.5, '2024-11-18', '2024-11-18 08:22:55', 1),
(1012, 173, 45, 1, 78, 6.5, '2024-11-18', '2024-11-18 08:22:55', 1),
(1013, 174, 45, 1, 78, 15, '2024-11-18', '2024-11-18 08:22:55', 1),
(1014, 176, 45, 1, 78, 10.5, '2024-11-18', '2024-11-18 08:22:55', 1),
(1015, 177, 45, 1, 78, 8, '2024-11-18', '2024-11-18 08:22:55', 1),
(1016, 197, 45, 1, 78, 6, '2024-11-18', '2024-11-18 08:22:55', 1),
(1017, 201, 45, 1, 78, 10, '2024-11-18', '2024-11-18 08:22:55', 1),
(1018, 202, 45, 1, 78, 11.5, '2024-11-18', '2024-11-18 08:22:55', 1),
(1019, 278, 45, 1, 78, 11, '2024-11-18', '2024-11-18 08:22:55', 1),
(1020, 279, 45, 1, 78, 7, '2024-11-18', '2024-11-18 08:22:55', 1),
(1021, 280, 45, 1, 78, 12, '2024-11-18', '2024-11-18 08:22:55', 1),
(1022, 161, 46, 1, 79, 7.5, '2024-11-18', '2024-11-18 08:24:43', 1),
(1023, 162, 46, 1, 79, 12.5, '2024-11-18', '2024-11-18 08:24:43', 1),
(1024, 163, 46, 1, 79, 16, '2024-11-18', '2024-11-18 08:24:43', 1),
(1025, 165, 46, 1, 79, 11.5, '2024-11-18', '2024-11-18 08:24:43', 1),
(1026, 166, 46, 1, 79, 9.5, '2024-11-18', '2024-11-18 08:24:43', 1),
(1027, 168, 46, 1, 79, 14.5, '2024-11-18', '2024-11-18 08:24:43', 1),
(1028, 173, 46, 1, 79, 10, '2024-11-18', '2024-11-18 08:24:43', 1),
(1029, 174, 46, 1, 79, 17, '2024-11-18', '2024-11-18 08:24:43', 1),
(1030, 176, 46, 1, 79, 10.75, '2024-11-18', '2024-11-18 08:24:43', 1),
(1031, 177, 46, 1, 79, 12.5, '2024-11-18', '2024-11-18 08:24:43', 1),
(1032, 197, 46, 1, 79, 9, '2024-11-18', '2024-11-18 08:24:43', 1),
(1033, 201, 46, 1, 79, 10, '2024-11-18', '2024-11-18 08:24:43', 1),
(1034, 202, 46, 1, 79, 11, '2024-11-18', '2024-11-18 08:24:43', 1),
(1035, 278, 46, 1, 79, 8, '2024-11-18', '2024-11-18 08:24:43', 1),
(1036, 279, 46, 1, 79, 5.5, '2024-11-18', '2024-11-18 08:24:43', 1),
(1037, 280, 46, 1, 79, 14, '2024-11-18', '2024-11-18 08:24:43', 1),
(1038, 161, 47, 1, 80, 12, '2024-11-18', '2024-11-18 08:26:07', 1),
(1039, 162, 47, 1, 80, 5, '2024-11-18', '2024-11-18 08:26:07', 1),
(1040, 163, 47, 1, 80, 14, '2024-11-18', '2024-11-18 08:26:07', 1),
(1041, 165, 47, 1, 80, 14, '2024-11-18', '2024-11-18 08:26:07', 1),
(1042, 166, 47, 1, 80, 14, '2024-11-18', '2024-11-18 08:26:07', 1),
(1043, 168, 47, 1, 80, 10, '2024-11-18', '2024-11-18 08:26:07', 1),
(1044, 173, 47, 1, 80, 14, '2024-11-18', '2024-11-18 08:26:07', 1),
(1045, 174, 47, 1, 80, 14, '2024-11-18', '2024-11-18 08:26:07', 1),
(1046, 176, 47, 1, 80, 14, '2024-11-18', '2024-11-18 08:26:07', 1),
(1047, 177, 47, 1, 80, 12, '2024-11-18', '2024-11-18 08:26:07', 1),
(1048, 197, 47, 1, 80, 10, '2024-11-18', '2024-11-18 08:26:07', 1),
(1049, 201, 47, 1, 80, 2, '2024-11-18', '2024-11-18 08:26:07', 1),
(1050, 202, 47, 1, 80, 5, '2024-11-18', '2024-11-18 08:26:07', 1),
(1051, 278, 47, 1, 80, 4, '2024-11-18', '2024-11-18 08:26:07', 1),
(1052, 279, 47, 1, 80, 7, '2024-11-18', '2024-11-18 08:26:07', 1),
(1053, 280, 47, 1, 80, 7, '2024-11-18', '2024-11-18 08:26:07', 1),
(1054, 161, 48, 1, 81, 9, '2024-11-18', '2024-11-18 08:28:49', 1),
(1055, 162, 48, 1, 81, 11, '2024-11-18', '2024-11-18 08:28:49', 1),
(1056, 163, 48, 1, 81, 12.75, '2024-11-18', '2024-11-18 08:28:49', 1),
(1057, 165, 48, 1, 81, 13, '2024-11-18', '2024-11-18 08:28:49', 1),
(1058, 166, 48, 1, 81, 12, '2024-11-18', '2024-11-18 08:28:49', 1),
(1059, 168, 48, 1, 81, 14.25, '2024-11-18', '2024-11-18 08:28:49', 1),
(1060, 173, 48, 1, 81, 14.25, '2024-11-18', '2024-11-18 08:28:49', 1),
(1061, 174, 48, 1, 81, 16.25, '2024-11-18', '2024-11-18 08:28:49', 1),
(1062, 176, 48, 1, 81, 13.25, '2024-11-18', '2024-11-18 08:28:49', 1),
(1063, 177, 48, 1, 81, 12, '2024-11-18', '2024-11-18 08:28:49', 1),
(1064, 197, 48, 1, 81, 12, '2024-11-18', '2024-11-18 08:28:49', 1),
(1065, 201, 48, 1, 81, 12.75, '2024-11-18', '2024-11-18 08:28:49', 1),
(1066, 202, 48, 1, 81, 12.5, '2024-11-18', '2024-11-18 08:28:49', 1),
(1067, 278, 48, 1, 81, 11.75, '2024-11-18', '2024-11-18 08:28:49', 1),
(1068, 279, 48, 1, 81, 8.25, '2024-11-18', '2024-11-18 08:28:49', 1),
(1069, 280, 48, 1, 81, 11, '2024-11-18', '2024-11-18 08:28:49', 1),
(1070, 161, 49, 1, 82, 16, '2024-11-18', '2024-11-18 08:30:09', 1),
(1071, 162, 49, 1, 82, 15, '2024-11-18', '2024-11-18 08:30:09', 1),
(1072, 163, 49, 1, 82, 16, '2024-11-18', '2024-11-18 08:30:09', 1),
(1073, 165, 49, 1, 82, 15, '2024-11-18', '2024-11-18 08:30:09', 1),
(1074, 166, 49, 1, 82, 13, '2024-11-18', '2024-11-18 08:30:09', 1),
(1075, 168, 49, 1, 82, 15, '2024-11-18', '2024-11-18 08:30:09', 1),
(1076, 173, 49, 1, 82, 12, '2024-11-18', '2024-11-18 08:30:09', 1),
(1077, 174, 49, 1, 82, 14, '2024-11-18', '2024-11-18 08:30:09', 1),
(1078, 176, 49, 1, 82, 15, '2024-11-18', '2024-11-18 08:30:09', 1),
(1079, 177, 49, 1, 82, 15, '2024-11-18', '2024-11-18 08:30:09', 1),
(1080, 197, 49, 1, 82, 15, '2024-11-18', '2024-11-18 08:30:09', 1),
(1081, 201, 49, 1, 82, 15, '2024-11-18', '2024-11-18 08:30:09', 1),
(1082, 202, 49, 1, 82, 15, '2024-11-18', '2024-11-18 08:30:09', 1),
(1083, 278, 49, 1, 82, 17, '2024-11-18', '2024-11-18 08:30:09', 1),
(1084, 279, 49, 1, 82, 16, '2024-11-18', '2024-11-18 08:30:09', 1),
(1085, 280, 49, 1, 82, 15, '2024-11-18', '2024-11-18 08:30:09', 1),
(1086, 227, 88, 1, 83, 16.5, '2024-11-19', '2024-11-19 08:34:56', 1),
(1087, 231, 88, 1, 83, 11, '2024-11-19', '2024-11-19 08:34:56', 1),
(1088, 232, 88, 1, 83, 8, '2024-11-19', '2024-11-19 08:34:56', 1),
(1089, 306, 88, 1, 83, 6.5, '2024-11-19', '2024-11-19 08:34:56', 1),
(1090, 307, 88, 1, 83, 11.5, '2024-11-19', '2024-11-19 08:34:56', 1),
(1091, 227, 94, 1, 89, 13, '2024-11-19', '2024-11-19 08:37:07', 1),
(1092, 231, 94, 1, 89, 6, '2024-11-19', '2024-11-19 08:37:07', 1),
(1093, 232, 94, 1, 89, 3, '2024-11-19', '2024-11-19 08:37:07', 1),
(1094, 306, 94, 1, 89, 6, '2024-11-19', '2024-11-19 08:37:07', 1),
(1095, 307, 94, 1, 89, 13, '2024-11-19', '2024-11-19 08:37:07', 1),
(1096, 227, 89, 1, 84, 16, '2024-11-19', '2024-11-19 08:39:03', 1),
(1097, 231, 89, 1, 84, 15, '2024-11-19', '2024-11-19 08:39:03', 1),
(1098, 232, 89, 1, 84, 15, '2024-11-19', '2024-11-19 08:39:03', 1),
(1099, 306, 89, 1, 84, 9, '2024-11-19', '2024-11-19 08:39:03', 1),
(1100, 307, 89, 1, 84, 10.25, '2024-11-19', '2024-11-19 08:39:03', 1),
(1101, 227, 90, 1, 85, 15, '2024-11-19', '2024-11-19 08:40:50', 1),
(1102, 231, 90, 1, 85, 10, '2024-11-19', '2024-11-19 08:40:50', 1),
(1103, 232, 90, 1, 85, 7, '2024-11-19', '2024-11-19 08:40:50', 1),
(1104, 306, 90, 1, 85, 4, '2024-11-19', '2024-11-19 08:40:50', 1),
(1105, 307, 90, 1, 85, 12, '2024-11-19', '2024-11-19 08:40:50', 1),
(1106, 227, 91, 1, 86, 7, '2024-11-19', '2024-11-19 08:42:14', 1),
(1107, 231, 91, 1, 86, 6, '2024-11-19', '2024-11-19 08:42:14', 1),
(1108, 232, 91, 1, 86, 10, '2024-11-19', '2024-11-19 08:42:14', 1),
(1109, 306, 91, 1, 86, 3, '2024-11-19', '2024-11-19 08:42:14', 1),
(1110, 307, 91, 1, 86, 11, '2024-11-19', '2024-11-19 08:42:14', 1),
(1111, 227, 93, 1, 88, 15.5, '2024-11-19', '2024-11-19 08:45:12', 1),
(1112, 231, 93, 1, 88, 6, '2024-11-19', '2024-11-19 08:45:12', 1),
(1113, 232, 93, 1, 88, 8, '2024-11-19', '2024-11-19 08:45:12', 1),
(1114, 306, 93, 1, 88, 3, '2024-11-19', '2024-11-19 08:45:12', 1),
(1115, 307, 93, 1, 88, 13, '2024-11-19', '2024-11-19 08:45:12', 1),
(1116, 227, 92, 1, 87, 12, '2024-11-19', '2024-11-19 08:46:53', 1),
(1117, 231, 92, 1, 87, 10.5, '2024-11-19', '2024-11-19 08:46:53', 1),
(1118, 232, 92, 1, 87, 7, '2024-11-19', '2024-11-19 08:46:53', 1),
(1119, 306, 92, 1, 87, 11.5, '2024-11-19', '2024-11-19 08:46:53', 1),
(1120, 307, 92, 1, 87, 11, '2024-11-19', '2024-11-19 08:46:53', 1),
(1121, 227, 95, 1, 90, 15, '2024-11-19', '2024-11-19 08:48:30', 1),
(1122, 231, 95, 1, 90, 12, '2024-11-19', '2024-11-19 08:48:30', 1),
(1123, 232, 95, 1, 90, 14, '2024-11-19', '2024-11-19 08:48:30', 1),
(1124, 225, 103, 1, 97, 15.75, '2024-11-19', '2024-11-19 08:50:42', 1),
(1125, 226, 103, 1, 97, 14, '2024-11-19', '2024-11-19 08:50:42', 1),
(1126, 229, 103, 1, 97, 12.25, '2024-11-19', '2024-11-19 08:50:42', 1),
(1127, 304, 103, 1, 97, 12.75, '2024-11-19', '2024-11-19 08:50:42', 1),
(1128, 305, 103, 1, 97, 14.75, '2024-11-19', '2024-11-19 08:50:42', 1),
(1129, 225, 102, 1, 96, 13, '2024-11-19', '2024-11-19 08:54:34', 1),
(1130, 226, 102, 1, 96, 7, '2024-11-19', '2024-11-19 08:54:34', 1),
(1131, 229, 102, 1, 96, 4, '2024-11-19', '2024-11-19 08:54:34', 1),
(1132, 304, 102, 1, 96, 3, '2024-11-19', '2024-11-19 08:54:34', 1),
(1133, 305, 102, 1, 96, 5, '2024-11-19', '2024-11-19 08:54:34', 1),
(1134, 225, 101, 1, 95, 15, '2024-11-19', '2024-11-19 08:55:41', 1),
(1135, 226, 101, 1, 95, 3.5, '2024-11-19', '2024-11-19 08:55:41', 1),
(1136, 229, 101, 1, 95, 6.5, '2024-11-19', '2024-11-19 08:55:41', 1),
(1137, 304, 101, 1, 95, 3.5, '2024-11-19', '2024-11-19 08:55:41', 1),
(1138, 305, 101, 1, 95, 6.5, '2024-11-19', '2024-11-19 08:55:41', 1),
(1139, 225, 100, 1, 94, 10, '2024-11-19', '2024-11-19 08:56:43', 1),
(1140, 226, 100, 1, 94, 4, '2024-11-19', '2024-11-19 08:56:43', 1),
(1141, 229, 100, 1, 94, 6, '2024-11-19', '2024-11-19 08:56:43', 1),
(1142, 304, 100, 1, 94, 4, '2024-11-19', '2024-11-19 08:56:43', 1),
(1143, 305, 100, 1, 94, 7, '2024-11-19', '2024-11-19 08:56:43', 1),
(1144, 225, 99, 1, 93, 12, '2024-11-19', '2024-11-19 08:58:06', 1),
(1145, 226, 99, 1, 93, 5, '2024-11-19', '2024-11-19 08:58:07', 1),
(1146, 229, 99, 1, 93, 11, '2024-11-19', '2024-11-19 08:58:07', 1),
(1147, 304, 99, 1, 93, 8, '2024-11-19', '2024-11-19 08:58:07', 1),
(1148, 305, 99, 1, 93, 5, '2024-11-19', '2024-11-19 08:58:07', 1),
(1149, 225, 98, 1, 92, 11.75, '2024-11-19', '2024-11-19 08:59:12', 1),
(1150, 226, 98, 1, 92, 12, '2024-11-19', '2024-11-19 08:59:12', 1),
(1151, 229, 98, 1, 92, 12, '2024-11-19', '2024-11-19 08:59:12', 1),
(1152, 304, 98, 1, 92, 8.75, '2024-11-19', '2024-11-19 08:59:12', 1),
(1153, 305, 98, 1, 92, 7.75, '2024-11-19', '2024-11-19 08:59:12', 1),
(1154, 225, 97, 1, 91, 9, '2024-11-19', '2024-11-19 09:00:57', 1),
(1155, 226, 97, 1, 91, 6, '2024-11-19', '2024-11-19 09:00:57', 1),
(1156, 229, 97, 1, 91, 9, '2024-11-19', '2024-11-19 09:00:57', 1),
(1157, 304, 97, 1, 91, 10, '2024-11-19', '2024-11-19 09:00:57', 1),
(1158, 305, 97, 1, 91, 7, '2024-11-19', '2024-11-19 09:00:57', 1),
(1159, 225, 104, 1, 98, 12, '2024-11-19', '2024-11-19 09:08:25', 1),
(1160, 226, 104, 1, 98, 12, '2024-11-19', '2024-11-19 09:08:25', 1),
(1161, 229, 104, 1, 98, 14, '2024-11-19', '2024-11-19 09:08:25', 1),
(1162, 304, 104, 1, 98, 13, '2024-11-19', '2024-11-19 09:08:25', 1),
(1163, 305, 104, 1, 98, 13, '2024-11-19', '2024-11-19 09:08:25', 1),
(1164, 233, 106, 1, 99, 10, '2024-11-19', '2024-11-19 10:23:51', 1),
(1165, 234, 106, 1, 99, 10.5, '2024-11-19', '2024-11-19 10:23:51', 1),
(1166, 235, 106, 1, 99, 8.5, '2024-11-19', '2024-11-19 10:23:51', 1),
(1167, 236, 106, 1, 99, 13, '2024-11-19', '2024-11-19 10:23:51', 1),
(1168, 237, 106, 1, 99, 13.5, '2024-11-19', '2024-11-19 10:23:51', 1),
(1169, 238, 106, 1, 99, 9, '2024-11-19', '2024-11-19 10:23:51', 1),
(1170, 240, 106, 1, 99, 15.5, '2024-11-19', '2024-11-19 10:23:51', 1),
(1171, 241, 106, 1, 99, 10, '2024-11-19', '2024-11-19 10:23:51', 1),
(1172, 242, 106, 1, 99, 17, '2024-11-19', '2024-11-19 10:23:51', 1),
(1173, 244, 106, 1, 99, 14.5, '2024-11-19', '2024-11-19 10:23:51', 1),
(1174, 252, 106, 1, 99, 6.5, '2024-11-19', '2024-11-19 10:23:51', 1),
(1175, 261, 106, 1, 99, 8.5, '2024-11-19', '2024-11-19 10:23:51', 1),
(1176, 262, 106, 1, 99, 9, '2024-11-19', '2024-11-19 10:23:51', 1),
(1177, 308, 106, 1, 99, 16, '2024-11-19', '2024-11-19 10:23:51', 1),
(1178, 233, 107, 1, 100, 13, '2024-11-19', '2024-11-19 10:26:17', 1),
(1179, 234, 107, 1, 100, 11.5, '2024-11-19', '2024-11-19 10:26:17', 1),
(1180, 235, 107, 1, 100, 10, '2024-11-19', '2024-11-19 10:26:17', 1),
(1181, 236, 107, 1, 100, 5.5, '2024-11-19', '2024-11-19 10:26:17', 1),
(1182, 237, 107, 1, 100, 12.5, '2024-11-19', '2024-11-19 10:26:17', 1),
(1183, 238, 107, 1, 100, 9.5, '2024-11-19', '2024-11-19 10:26:17', 1),
(1184, 240, 107, 1, 100, 14.5, '2024-11-19', '2024-11-19 10:26:17', 1),
(1185, 241, 107, 1, 100, 12.25, '2024-11-19', '2024-11-19 10:26:17', 1),
(1186, 242, 107, 1, 100, 15.75, '2024-11-19', '2024-11-19 10:26:17', 1),
(1187, 244, 107, 1, 100, 12.75, '2024-11-19', '2024-11-19 10:26:17', 1),
(1188, 252, 107, 1, 100, 6.5, '2024-11-19', '2024-11-19 10:26:17', 1),
(1189, 261, 107, 1, 100, 5.5, '2024-11-19', '2024-11-19 10:26:17', 1),
(1190, 262, 107, 1, 100, 11.5, '2024-11-19', '2024-11-19 10:26:17', 1),
(1191, 308, 107, 1, 100, 16, '2024-11-19', '2024-11-19 10:26:17', 1),
(1192, 233, 108, 1, 101, 16, '2024-11-19', '2024-11-19 10:28:04', 1),
(1193, 234, 108, 1, 101, 12, '2024-11-19', '2024-11-19 10:28:04', 1),
(1194, 235, 108, 1, 101, 7, '2024-11-19', '2024-11-19 10:28:05', 1),
(1195, 236, 108, 1, 101, 12, '2024-11-19', '2024-11-19 10:28:05', 1),
(1196, 237, 108, 1, 101, 6, '2024-11-19', '2024-11-19 10:28:05', 1),
(1197, 238, 108, 1, 101, 6, '2024-11-19', '2024-11-19 10:28:05', 1),
(1198, 240, 108, 1, 101, 7, '2024-11-19', '2024-11-19 10:28:05', 1),
(1199, 241, 108, 1, 101, 12, '2024-11-19', '2024-11-19 10:28:05', 1),
(1200, 242, 108, 1, 101, 11, '2024-11-19', '2024-11-19 10:28:05', 1),
(1201, 244, 108, 1, 101, 7, '2024-11-19', '2024-11-19 10:28:05', 1),
(1202, 252, 108, 1, 101, 14, '2024-11-19', '2024-11-19 10:28:05', 1),
(1203, 261, 108, 1, 101, 11, '2024-11-19', '2024-11-19 10:28:05', 1),
(1204, 262, 108, 1, 101, 9, '2024-11-19', '2024-11-19 10:28:05', 1),
(1205, 308, 108, 1, 101, 12, '2024-11-19', '2024-11-19 10:28:05', 1),
(1206, 233, 109, 1, 102, 6, '2024-11-19', '2024-11-19 10:30:20', 1),
(1207, 234, 109, 1, 102, 11, '2024-11-19', '2024-11-19 10:30:20', 1),
(1208, 235, 109, 1, 102, 8, '2024-11-19', '2024-11-19 10:30:20', 1),
(1209, 236, 109, 1, 102, 7, '2024-11-19', '2024-11-19 10:30:20', 1),
(1210, 237, 109, 1, 102, 10, '2024-11-19', '2024-11-19 10:30:20', 1),
(1211, 238, 109, 1, 102, 6, '2024-11-19', '2024-11-19 10:30:20', 1),
(1212, 240, 109, 1, 102, 7, '2024-11-19', '2024-11-19 10:30:20', 1),
(1213, 241, 109, 1, 102, 10, '2024-11-19', '2024-11-19 10:30:20', 1),
(1214, 242, 109, 1, 102, 9, '2024-11-19', '2024-11-19 10:30:20', 1),
(1215, 244, 109, 1, 102, 10, '2024-11-19', '2024-11-19 10:30:20', 1),
(1216, 252, 109, 1, 102, 8, '2024-11-19', '2024-11-19 10:30:20', 1),
(1217, 261, 109, 1, 102, 9, '2024-11-19', '2024-11-19 10:30:20', 1),
(1218, 262, 109, 1, 102, 12, '2024-11-19', '2024-11-19 10:30:20', 1),
(1219, 308, 109, 1, 102, 12, '2024-11-19', '2024-11-19 10:30:20', 1),
(1220, 233, 110, 1, 103, 9, '2024-11-19', '2024-11-19 10:34:01', 1),
(1221, 234, 110, 1, 103, 8, '2024-11-19', '2024-11-19 10:34:02', 1),
(1222, 235, 110, 1, 103, 6, '2024-11-19', '2024-11-19 10:34:02', 1),
(1223, 236, 110, 1, 103, 3, '2024-11-19', '2024-11-19 10:34:02', 1),
(1224, 237, 110, 1, 103, 15, '2024-11-19', '2024-11-19 10:34:02', 1),
(1225, 238, 110, 1, 103, 6, '2024-11-19', '2024-11-19 10:34:02', 1),
(1226, 240, 110, 1, 103, 7, '2024-11-19', '2024-11-19 10:34:02', 1),
(1227, 241, 110, 1, 103, 10, '2024-11-19', '2024-11-19 10:34:02', 1),
(1228, 242, 110, 1, 103, 9, '2024-11-19', '2024-11-19 10:34:02', 1),
(1229, 244, 110, 1, 103, 7, '2024-11-19', '2024-11-19 10:34:02', 1),
(1230, 252, 110, 1, 103, 9, '2024-11-19', '2024-11-19 10:34:02', 1),
(1231, 261, 110, 1, 103, 9, '2024-11-19', '2024-11-19 10:34:02', 1),
(1232, 262, 110, 1, 103, 7, '2024-11-19', '2024-11-19 10:34:02', 1),
(1233, 308, 110, 1, 103, 9, '2024-11-19', '2024-11-19 10:34:02', 1),
(1234, 233, 112, 1, 104, 12, '2024-11-19', '2024-11-19 10:36:33', 1),
(1235, 234, 112, 1, 104, 6, '2024-11-19', '2024-11-19 10:36:33', 1),
(1236, 235, 112, 1, 104, 7, '2024-11-19', '2024-11-19 10:36:33', 1),
(1237, 236, 112, 1, 104, 7, '2024-11-19', '2024-11-19 10:36:33', 1),
(1238, 237, 112, 1, 104, 17, '2024-11-19', '2024-11-19 10:36:33', 1),
(1239, 238, 112, 1, 104, 11, '2024-11-19', '2024-11-19 10:36:33', 1),
(1240, 240, 112, 1, 104, 12, '2024-11-19', '2024-11-19 10:36:33', 1),
(1241, 241, 112, 1, 104, 19, '2024-11-19', '2024-11-19 10:36:33', 1),
(1242, 242, 112, 1, 104, 15, '2024-11-19', '2024-11-19 10:36:33', 1),
(1243, 244, 112, 1, 104, 6, '2024-11-19', '2024-11-19 10:36:33', 1),
(1244, 252, 112, 1, 104, 11, '2024-11-19', '2024-11-19 10:36:34', 1),
(1245, 261, 112, 1, 104, 8, '2024-11-19', '2024-11-19 10:36:34', 1),
(1246, 262, 112, 1, 104, 11, '2024-11-19', '2024-11-19 10:36:34', 1),
(1247, 308, 112, 1, 104, 15, '2024-11-19', '2024-11-19 10:36:34', 1),
(1248, 233, 113, 1, 105, 15, '2024-11-19', '2024-11-19 10:38:43', 1),
(1249, 234, 113, 1, 105, 15, '2024-11-19', '2024-11-19 10:38:43', 1),
(1250, 235, 113, 1, 105, 15, '2024-11-19', '2024-11-19 10:38:43', 1),
(1251, 236, 113, 1, 105, 17, '2024-11-19', '2024-11-19 10:38:43', 1),
(1252, 237, 113, 1, 105, 17, '2024-11-19', '2024-11-19 10:38:43', 1),
(1253, 238, 113, 1, 105, 15, '2024-11-19', '2024-11-19 10:38:43', 1),
(1254, 240, 113, 1, 105, 16, '2024-11-19', '2024-11-19 10:38:43', 1),
(1255, 233, 111, 1, 106, 15, '2024-11-19', '2024-11-19 10:42:00', 1),
(1256, 234, 111, 1, 106, 12, '2024-11-19', '2024-11-19 10:42:00', 1),
(1257, 235, 111, 1, 106, 6, '2024-11-19', '2024-11-19 10:42:00', 1),
(1258, 236, 111, 1, 106, 6, '2024-11-19', '2024-11-19 10:42:00', 1),
(1259, 237, 111, 1, 106, 11, '2024-11-19', '2024-11-19 10:42:00', 1),
(1260, 238, 111, 1, 106, 10, '2024-11-19', '2024-11-19 10:42:00', 1),
(1261, 240, 111, 1, 106, 8, '2024-11-19', '2024-11-19 10:42:00', 1),
(1262, 241, 111, 1, 106, 15, '2024-11-19', '2024-11-19 10:42:00', 1),
(1263, 242, 111, 1, 106, 15, '2024-11-19', '2024-11-19 10:42:00', 1),
(1264, 244, 111, 1, 106, 13, '2024-11-19', '2024-11-19 10:42:00', 1),
(1265, 252, 111, 1, 106, 11, '2024-11-19', '2024-11-19 10:42:00', 1),
(1266, 261, 111, 1, 106, 15, '2024-11-19', '2024-11-19 10:42:00', 1),
(1267, 262, 111, 1, 106, 15, '2024-11-19', '2024-11-19 10:42:00', 1),
(1268, 308, 111, 1, 106, 15, '2024-11-19', '2024-11-19 10:42:00', 1),
(1269, 164, 51, 1, 107, 12.5, '2024-11-20', '2024-11-20 09:53:47', 1),
(1270, 167, 51, 1, 107, 16, '2024-11-20', '2024-11-20 09:53:47', 1),
(1271, 169, 51, 1, 107, 17, '2024-11-20', '2024-11-20 09:53:47', 1),
(1272, 171, 51, 1, 107, 15.5, '2024-11-20', '2024-11-20 09:53:47', 1),
(1273, 172, 51, 1, 107, 11, '2024-11-20', '2024-11-20 09:53:47', 1),
(1274, 191, 51, 1, 107, 7, '2024-11-20', '2024-11-20 09:53:47', 1),
(1275, 192, 51, 1, 107, 13.5, '2024-11-20', '2024-11-20 09:53:47', 1),
(1276, 194, 51, 1, 107, 12, '2024-11-20', '2024-11-20 09:53:47', 1),
(1277, 196, 51, 1, 107, 12, '2024-11-20', '2024-11-20 09:53:47', 1),
(1278, 198, 51, 1, 107, 10, '2024-11-20', '2024-11-20 09:53:47', 1),
(1279, 200, 51, 1, 107, 11, '2024-11-20', '2024-11-20 09:53:47', 1),
(1280, 203, 51, 1, 107, 11.5, '2024-11-20', '2024-11-20 09:53:47', 1),
(1281, 281, 51, 1, 107, 15.5, '2024-11-20', '2024-11-20 09:53:47', 1),
(1282, 282, 51, 1, 107, 14, '2024-11-20', '2024-11-20 09:53:47', 1),
(1283, 283, 51, 1, 107, 13, '2024-11-20', '2024-11-20 09:53:47', 1),
(1284, 284, 51, 1, 107, 12.5, '2024-11-20', '2024-11-20 09:53:47', 1),
(1285, 285, 51, 1, 107, 7, '2024-11-20', '2024-11-20 09:53:47', 1),
(1286, 286, 51, 1, 107, 9, '2024-11-20', '2024-11-20 09:53:47', 1),
(1287, 287, 51, 1, 107, 10, '2024-11-20', '2024-11-20 09:53:47', 1),
(1288, 288, 51, 1, 107, 14.5, '2024-11-20', '2024-11-20 09:53:47', 1),
(1289, 164, 52, 1, 108, 10, '2024-11-20', '2024-11-20 09:57:45', 1),
(1290, 167, 52, 1, 108, 15, '2024-11-20', '2024-11-20 09:57:45', 1),
(1291, 169, 52, 1, 108, 14, '2024-11-20', '2024-11-20 09:57:45', 1),
(1292, 171, 52, 1, 108, 17, '2024-11-20', '2024-11-20 09:57:45', 1),
(1293, 172, 52, 1, 108, 15, '2024-11-20', '2024-11-20 09:57:45', 1),
(1294, 191, 52, 1, 108, 11, '2024-11-20', '2024-11-20 09:57:45', 1),
(1295, 192, 52, 1, 108, 17, '2024-11-20', '2024-11-20 09:57:45', 1),
(1296, 194, 52, 1, 108, 11, '2024-11-20', '2024-11-20 09:57:45', 1),
(1297, 196, 52, 1, 108, 12, '2024-11-20', '2024-11-20 09:57:45', 1),
(1298, 198, 52, 1, 108, 10, '2024-11-20', '2024-11-20 09:57:45', 1),
(1299, 200, 52, 1, 108, 11, '2024-11-20', '2024-11-20 09:57:45', 1),
(1300, 203, 52, 1, 108, 10, '2024-11-20', '2024-11-20 09:57:45', 1),
(1301, 281, 52, 1, 108, 17, '2024-11-20', '2024-11-20 09:57:45', 1),
(1302, 282, 52, 1, 108, 17, '2024-11-20', '2024-11-20 09:57:45', 1),
(1303, 283, 52, 1, 108, 10, '2024-11-20', '2024-11-20 09:57:45', 1),
(1304, 284, 52, 1, 108, 12, '2024-11-20', '2024-11-20 09:57:45', 1),
(1305, 285, 52, 1, 108, 8, '2024-11-20', '2024-11-20 09:57:45', 1),
(1306, 286, 52, 1, 108, 11, '2024-11-20', '2024-11-20 09:57:45', 1),
(1307, 287, 52, 1, 108, 11, '2024-11-20', '2024-11-20 09:57:45', 1),
(1308, 288, 52, 1, 108, 17, '2024-11-20', '2024-11-20 09:57:45', 1),
(1309, 164, 53, 1, 109, 5.5, '2024-11-20', '2024-11-20 10:01:31', 1),
(1310, 167, 53, 1, 109, 15, '2024-11-20', '2024-11-20 10:01:31', 1),
(1311, 169, 53, 1, 109, 15.5, '2024-11-20', '2024-11-20 10:01:31', 1),
(1312, 171, 53, 1, 109, 16, '2024-11-20', '2024-11-20 10:01:31', 1),
(1313, 172, 53, 1, 109, 5, '2024-11-20', '2024-11-20 10:01:31', 1),
(1314, 191, 53, 1, 109, 6, '2024-11-20', '2024-11-20 10:01:31', 1),
(1315, 192, 53, 1, 109, 15, '2024-11-20', '2024-11-20 10:01:31', 1),
(1316, 194, 53, 1, 109, 13, '2024-11-20', '2024-11-20 10:01:31', 1),
(1317, 196, 53, 1, 109, 5, '2024-11-20', '2024-11-20 10:01:31', 1),
(1318, 198, 53, 1, 109, 12.5, '2024-11-20', '2024-11-20 10:01:31', 1),
(1319, 200, 53, 1, 109, 13.5, '2024-11-20', '2024-11-20 10:01:31', 1),
(1320, 203, 53, 1, 109, 10, '2024-11-20', '2024-11-20 10:01:31', 1),
(1321, 281, 53, 1, 109, 15, '2024-11-20', '2024-11-20 10:01:31', 1),
(1322, 282, 53, 1, 109, 13, '2024-11-20', '2024-11-20 10:01:31', 1),
(1323, 283, 53, 1, 109, 10, '2024-11-20', '2024-11-20 10:01:31', 1),
(1324, 284, 53, 1, 109, 11, '2024-11-20', '2024-11-20 10:01:31', 1),
(1325, 285, 53, 1, 109, 2.5, '2024-11-20', '2024-11-20 10:01:31', 1),
(1326, 286, 53, 1, 109, 12, '2024-11-20', '2024-11-20 10:01:31', 1),
(1327, 287, 53, 1, 109, 11, '2024-11-20', '2024-11-20 10:01:31', 1),
(1328, 288, 53, 1, 109, 15, '2024-11-20', '2024-11-20 10:01:31', 1),
(1329, 164, 54, 1, 110, 13, '2024-11-20', '2024-11-20 10:03:26', 1),
(1330, 167, 54, 1, 110, 16, '2024-11-20', '2024-11-20 10:03:26', 1),
(1331, 169, 54, 1, 110, 15, '2024-11-20', '2024-11-20 10:03:26', 1),
(1332, 171, 54, 1, 110, 16, '2024-11-20', '2024-11-20 10:03:26', 1),
(1333, 172, 54, 1, 110, 12, '2024-11-20', '2024-11-20 10:03:26', 1),
(1334, 191, 54, 1, 110, 11, '2024-11-20', '2024-11-20 10:03:26', 1),
(1335, 192, 54, 1, 110, 18, '2024-11-20', '2024-11-20 10:03:26', 1),
(1336, 194, 54, 1, 110, 9, '2024-11-20', '2024-11-20 10:03:26', 1),
(1337, 196, 54, 1, 110, 14, '2024-11-20', '2024-11-20 10:03:26', 1),
(1338, 198, 54, 1, 110, 12, '2024-11-20', '2024-11-20 10:03:26', 1),
(1339, 200, 54, 1, 110, 17, '2024-11-20', '2024-11-20 10:03:26', 1),
(1340, 203, 54, 1, 110, 15, '2024-11-20', '2024-11-20 10:03:26', 1),
(1341, 281, 54, 1, 110, 11, '2024-11-20', '2024-11-20 10:03:27', 1),
(1342, 282, 54, 1, 110, 14, '2024-11-20', '2024-11-20 10:03:27', 1),
(1343, 283, 54, 1, 110, 12, '2024-11-20', '2024-11-20 10:03:27', 1),
(1344, 284, 54, 1, 110, 11, '2024-11-20', '2024-11-20 10:03:27', 1),
(1345, 285, 54, 1, 110, 8, '2024-11-20', '2024-11-20 10:03:27', 1),
(1346, 286, 54, 1, 110, 11, '2024-11-20', '2024-11-20 10:03:27', 1),
(1347, 287, 54, 1, 110, 13, '2024-11-20', '2024-11-20 10:03:27', 1),
(1348, 288, 54, 1, 110, 12, '2024-11-20', '2024-11-20 10:03:27', 1),
(1349, 164, 55, 1, 111, 9, '2024-11-20', '2024-11-20 10:05:11', 1),
(1350, 167, 55, 1, 111, 10, '2024-11-20', '2024-11-20 10:05:11', 1),
(1351, 169, 55, 1, 111, 8, '2024-11-20', '2024-11-20 10:05:11', 1),
(1352, 171, 55, 1, 111, 11, '2024-11-20', '2024-11-20 10:05:11', 1),
(1353, 172, 55, 1, 111, 4, '2024-11-20', '2024-11-20 10:05:11', 1),
(1354, 191, 55, 1, 111, 5, '2024-11-20', '2024-11-20 10:05:11', 1),
(1355, 192, 55, 1, 111, 15, '2024-11-20', '2024-11-20 10:05:11', 1),
(1356, 194, 55, 1, 111, 14, '2024-11-20', '2024-11-20 10:05:11', 1),
(1357, 196, 55, 1, 111, 7, '2024-11-20', '2024-11-20 10:05:11', 1),
(1358, 198, 55, 1, 111, 7, '2024-11-20', '2024-11-20 10:05:11', 1),
(1359, 200, 55, 1, 111, 12, '2024-11-20', '2024-11-20 10:05:11', 1),
(1360, 203, 55, 1, 111, 7, '2024-11-20', '2024-11-20 10:05:11', 1),
(1361, 281, 55, 1, 111, 14, '2024-11-20', '2024-11-20 10:05:11', 1),
(1362, 282, 55, 1, 111, 12, '2024-11-20', '2024-11-20 10:05:11', 1),
(1363, 283, 55, 1, 111, 11, '2024-11-20', '2024-11-20 10:05:11', 1),
(1364, 284, 55, 1, 111, 9, '2024-11-20', '2024-11-20 10:05:11', 1),
(1365, 285, 55, 1, 111, 3, '2024-11-20', '2024-11-20 10:05:11', 1),
(1366, 286, 55, 1, 111, 5, '2024-11-20', '2024-11-20 10:05:11', 1),
(1367, 287, 55, 1, 111, 7, '2024-11-20', '2024-11-20 10:05:11', 1),
(1368, 288, 55, 1, 111, 12, '2024-11-20', '2024-11-20 10:05:11', 1),
(1369, 164, 56, 1, 112, 15, '2024-11-20', '2024-11-20 10:07:37', 1),
(1370, 167, 56, 1, 112, 15.5, '2024-11-20', '2024-11-20 10:07:37', 1),
(1371, 169, 56, 1, 112, 15.5, '2024-11-20', '2024-11-20 10:07:37', 1),
(1372, 171, 56, 1, 112, 15, '2024-11-20', '2024-11-20 10:07:37', 1),
(1373, 172, 56, 1, 112, 9, '2024-11-20', '2024-11-20 10:07:37', 1),
(1374, 191, 56, 1, 112, 11, '2024-11-20', '2024-11-20 10:07:37', 1),
(1375, 192, 56, 1, 112, 15, '2024-11-20', '2024-11-20 10:07:37', 1),
(1376, 194, 56, 1, 112, 11, '2024-11-20', '2024-11-20 10:07:37', 1),
(1377, 196, 56, 1, 112, 9, '2024-11-20', '2024-11-20 10:07:37', 1),
(1378, 198, 56, 1, 112, 14, '2024-11-20', '2024-11-20 10:07:37', 1),
(1379, 200, 56, 1, 112, 14, '2024-11-20', '2024-11-20 10:07:38', 1),
(1380, 203, 56, 1, 112, 10, '2024-11-20', '2024-11-20 10:07:38', 1),
(1381, 281, 56, 1, 112, 11.5, '2024-11-20', '2024-11-20 10:07:38', 1),
(1382, 282, 56, 1, 112, 15.5, '2024-11-20', '2024-11-20 10:07:38', 1),
(1383, 283, 56, 1, 112, 10.5, '2024-11-20', '2024-11-20 10:07:38', 1),
(1384, 284, 56, 1, 112, 11.5, '2024-11-20', '2024-11-20 10:07:38', 1),
(1385, 285, 56, 1, 112, 5.5, '2024-11-20', '2024-11-20 10:07:38', 1),
(1386, 286, 56, 1, 112, 5.5, '2024-11-20', '2024-11-20 10:07:38', 1),
(1387, 287, 56, 1, 112, 11, '2024-11-20', '2024-11-20 10:07:38', 1),
(1388, 288, 56, 1, 112, 16, '2024-11-20', '2024-11-20 10:07:38', 1),
(1389, 164, 57, 1, 113, 9, '2024-11-20', '2024-11-20 10:09:57', 1),
(1390, 167, 57, 1, 113, 13, '2024-11-20', '2024-11-20 10:09:58', 1),
(1391, 169, 57, 1, 113, 12, '2024-11-20', '2024-11-20 10:09:58', 1),
(1392, 171, 57, 1, 113, 16, '2024-11-20', '2024-11-20 10:09:58', 1),
(1393, 172, 57, 1, 113, 4, '2024-11-20', '2024-11-20 10:09:58', 1),
(1394, 191, 57, 1, 113, 3, '2024-11-20', '2024-11-20 10:09:58', 1),
(1395, 192, 57, 1, 113, 18, '2024-11-20', '2024-11-20 10:09:58', 1),
(1396, 194, 57, 1, 113, 8, '2024-11-20', '2024-11-20 10:09:58', 1),
(1397, 196, 57, 1, 113, 7, '2024-11-20', '2024-11-20 10:09:58', 1),
(1398, 164, 58, 1, 114, 16, '2024-11-20', '2024-11-20 10:14:06', 1),
(1399, 167, 58, 1, 114, 16, '2024-11-20', '2024-11-20 10:14:06', 1),
(1400, 169, 58, 1, 114, 14, '2024-11-20', '2024-11-20 10:14:06', 1),
(1401, 171, 58, 1, 114, 14, '2024-11-20', '2024-11-20 10:14:06', 1),
(1402, 205, 60, 1, 115, 10, '2024-11-20', '2024-11-20 10:17:54', 1),
(1403, 295, 60, 1, 115, 13, '2024-11-20', '2024-11-20 10:17:54', 1),
(1404, 205, 61, 1, 116, 11.75, '2024-11-20', '2024-11-20 10:18:29', 1),
(1405, 295, 61, 1, 116, 14.5, '2024-11-20', '2024-11-20 10:18:29', 1),
(1406, 205, 62, 1, 117, 6, '2024-11-20', '2024-11-20 10:18:42', 1),
(1407, 295, 62, 1, 117, 10.5, '2024-11-20', '2024-11-20 10:18:42', 1),
(1408, 205, 63, 1, 118, 13, '2024-11-20', '2024-11-20 10:19:01', 1),
(1409, 295, 63, 1, 118, 10, '2024-11-20', '2024-11-20 10:19:01', 1),
(1410, 205, 64, 1, 119, 13, '2024-11-20', '2024-11-20 10:19:18', 1),
(1411, 295, 64, 1, 119, 15.5, '2024-11-20', '2024-11-20 10:19:18', 1),
(1412, 205, 67, 1, 121, 10, '2024-11-20', '2024-11-20 10:20:15', 1),
(1413, 295, 67, 1, 121, 13, '2024-11-20', '2024-11-20 10:20:15', 1),
(1414, 289, 69, 1, 122, 11, '2024-11-20', '2024-11-20 10:22:37', 1),
(1415, 290, 69, 1, 122, 8, '2024-11-20', '2024-11-20 10:22:37', 1),
(1416, 291, 69, 1, 122, 11, '2024-11-20', '2024-11-20 10:22:38', 1),
(1417, 292, 69, 1, 122, 11, '2024-11-20', '2024-11-20 10:22:38', 1),
(1418, 293, 69, 1, 122, 10, '2024-11-20', '2024-11-20 10:22:38', 1),
(1419, 294, 69, 1, 122, 12, '2024-11-20', '2024-11-20 10:22:38', 1),
(1420, 289, 70, 1, 123, 11.5, '2024-11-20', '2024-11-20 10:23:15', 1),
(1421, 290, 70, 1, 123, 10, '2024-11-20', '2024-11-20 10:23:15', 1),
(1422, 291, 70, 1, 123, 12.5, '2024-11-20', '2024-11-20 10:23:15', 1),
(1423, 292, 70, 1, 123, 17.5, '2024-11-20', '2024-11-20 10:23:15', 1),
(1424, 293, 70, 1, 123, 10, '2024-11-20', '2024-11-20 10:23:15', 1),
(1425, 294, 70, 1, 123, 12.5, '2024-11-20', '2024-11-20 10:23:15', 1),
(1426, 289, 71, 1, 124, 6, '2024-11-20', '2024-11-20 10:24:05', 1),
(1427, 290, 71, 1, 124, 4, '2024-11-20', '2024-11-20 10:24:05', 1),
(1428, 291, 71, 1, 124, 4, '2024-11-20', '2024-11-20 10:24:05', 1),
(1429, 292, 71, 1, 124, 6.5, '2024-11-20', '2024-11-20 10:24:05', 1),
(1430, 293, 71, 1, 124, 1, '2024-11-20', '2024-11-20 10:24:05', 1),
(1431, 294, 71, 1, 124, 5, '2024-11-20', '2024-11-20 10:24:05', 1),
(1432, 289, 72, 1, 125, 11, '2024-11-20', '2024-11-20 10:24:49', 1),
(1433, 290, 72, 1, 125, 7, '2024-11-20', '2024-11-20 10:24:49', 1),
(1434, 291, 72, 1, 125, 6, '2024-11-20', '2024-11-20 10:24:49', 1),
(1435, 292, 72, 1, 125, 3, '2024-11-20', '2024-11-20 10:24:49', 1),
(1436, 293, 72, 1, 125, 2, '2024-11-20', '2024-11-20 10:24:49', 1),
(1437, 294, 72, 1, 125, 6, '2024-11-20', '2024-11-20 10:24:49', 1),
(1438, 289, 73, 1, 126, 5, '2024-11-20', '2024-11-20 10:25:53', 1),
(1439, 290, 73, 1, 126, 11, '2024-11-20', '2024-11-20 10:25:53', 1),
(1440, 291, 73, 1, 126, 10, '2024-11-20', '2024-11-20 10:25:53', 1),
(1441, 292, 73, 1, 126, 10, '2024-11-20', '2024-11-20 10:25:53', 1),
(1442, 293, 73, 1, 126, 11, '2024-11-20', '2024-11-20 10:25:53', 1),
(1443, 294, 73, 1, 126, 6, '2024-11-20', '2024-11-20 10:25:53', 1),
(1444, 289, 74, 1, 127, 8, '2024-11-20', '2024-11-20 10:26:21', 1),
(1445, 290, 74, 1, 127, 10, '2024-11-20', '2024-11-20 10:26:21', 1),
(1446, 291, 74, 1, 127, 7.5, '2024-11-20', '2024-11-20 10:26:21', 1),
(1447, 292, 74, 1, 127, 8.5, '2024-11-20', '2024-11-20 10:26:21', 1),
(1448, 293, 74, 1, 127, 6.5, '2024-11-20', '2024-11-20 10:26:21', 1),
(1449, 294, 74, 1, 127, 10.5, '2024-11-20', '2024-11-20 10:26:21', 1),
(1450, 289, 76, 1, 129, 17, '2024-11-20', '2024-11-20 10:27:07', 1),
(1451, 290, 76, 1, 129, 15, '2024-11-20', '2024-11-20 10:27:07', 1),
(1452, 291, 76, 1, 129, 14, '2024-11-20', '2024-11-20 10:27:07', 1),
(1453, 292, 76, 1, 129, 16, '2024-11-20', '2024-11-20 10:27:07', 1),
(1454, 293, 76, 1, 129, 14, '2024-11-20', '2024-11-20 10:27:07', 1),
(1455, 294, 76, 1, 129, 16, '2024-11-20', '2024-11-20 10:27:07', 1),
(1456, 289, 77, 1, 130, 13, '2024-11-20', '2024-11-20 10:28:01', 1),
(1457, 290, 77, 1, 130, 11, '2024-11-20', '2024-11-20 10:28:01', 1),
(1458, 291, 77, 1, 130, 15, '2024-11-20', '2024-11-20 10:28:01', 1),
(1459, 292, 77, 1, 130, 10, '2024-11-20', '2024-11-20 10:28:01', 1),
(1460, 293, 77, 1, 130, 19, '2024-11-20', '2024-11-20 10:28:01', 1),
(1461, 294, 77, 1, 130, 14, '2024-11-20', '2024-11-20 10:28:01', 1),
(1462, 218, 79, 1, 131, 14, '2024-11-20', '2024-11-20 10:49:04', 1),
(1463, 219, 79, 1, 131, 10, '2024-11-20', '2024-11-20 10:49:04', 1),
(1464, 220, 79, 1, 131, 13, '2024-11-20', '2024-11-20 10:49:04', 1),
(1465, 221, 79, 1, 131, 10, '2024-11-20', '2024-11-20 10:49:04', 1),
(1466, 222, 79, 1, 131, 10, '2024-11-20', '2024-11-20 10:49:04', 1),
(1467, 223, 79, 1, 131, 12, '2024-11-20', '2024-11-20 10:49:04', 1),
(1468, 298, 79, 1, 131, 14, '2024-11-20', '2024-11-20 10:49:04', 1),
(1469, 299, 79, 1, 131, 11, '2024-11-20', '2024-11-20 10:49:04', 1),
(1470, 300, 79, 1, 131, 14, '2024-11-20', '2024-11-20 10:49:04', 1),
(1471, 301, 79, 1, 131, 12, '2024-11-20', '2024-11-20 10:49:04', 1),
(1472, 218, 80, 1, 132, 11.75, '2024-11-20', '2024-11-20 10:50:21', 1),
(1473, 219, 80, 1, 132, 11.25, '2024-11-20', '2024-11-20 10:50:21', 1),
(1474, 220, 80, 1, 132, 12.75, '2024-11-20', '2024-11-20 10:50:21', 1),
(1475, 221, 80, 1, 132, 6.75, '2024-11-20', '2024-11-20 10:50:21', 1),
(1476, 222, 80, 1, 132, 14.5, '2024-11-20', '2024-11-20 10:50:21', 1),
(1477, 223, 80, 1, 132, 17.5, '2024-11-20', '2024-11-20 10:50:21', 1),
(1478, 298, 80, 1, 132, 14.75, '2024-11-20', '2024-11-20 10:50:21', 1),
(1479, 299, 80, 1, 132, 9.75, '2024-11-20', '2024-11-20 10:50:21', 1),
(1480, 300, 80, 1, 132, 14.25, '2024-11-20', '2024-11-20 10:50:21', 1),
(1481, 301, 80, 1, 132, 13.25, '2024-11-20', '2024-11-20 10:50:21', 1),
(1482, 218, 81, 1, 133, 13, '2024-11-20', '2024-11-20 10:51:05', 1),
(1483, 219, 81, 1, 133, 10, '2024-11-20', '2024-11-20 10:51:05', 1),
(1484, 220, 81, 1, 133, 12, '2024-11-20', '2024-11-20 10:51:05', 1),
(1485, 221, 81, 1, 133, 12, '2024-11-20', '2024-11-20 10:51:05', 1),
(1486, 222, 81, 1, 133, 11, '2024-11-20', '2024-11-20 10:51:05', 1),
(1487, 223, 81, 1, 133, 13, '2024-11-20', '2024-11-20 10:51:05', 1),
(1488, 298, 81, 1, 133, 12, '2024-11-20', '2024-11-20 10:51:05', 1),
(1489, 299, 81, 1, 133, 11, '2024-11-20', '2024-11-20 10:51:05', 1),
(1490, 300, 81, 1, 133, 10, '2024-11-20', '2024-11-20 10:51:05', 1),
(1491, 301, 81, 1, 133, 13, '2024-11-20', '2024-11-20 10:51:05', 1),
(1492, 218, 82, 1, 134, 9, '2024-11-20', '2024-11-20 10:51:54', 1),
(1493, 219, 82, 1, 134, 10, '2024-11-20', '2024-11-20 10:51:54', 1),
(1494, 220, 82, 1, 134, 9, '2024-11-20', '2024-11-20 10:51:54', 1),
(1495, 221, 82, 1, 134, 8, '2024-11-20', '2024-11-20 10:51:54', 1),
(1496, 222, 82, 1, 134, 6, '2024-11-20', '2024-11-20 10:51:54', 1),
(1497, 223, 82, 1, 134, 8, '2024-11-20', '2024-11-20 10:51:54', 1),
(1498, 298, 82, 1, 134, 11, '2024-11-20', '2024-11-20 10:51:54', 1),
(1499, 299, 82, 1, 134, 8, '2024-11-20', '2024-11-20 10:51:54', 1),
(1500, 300, 82, 1, 134, 12, '2024-11-20', '2024-11-20 10:51:54', 1),
(1501, 301, 82, 1, 134, 10, '2024-11-20', '2024-11-20 10:51:54', 1),
(1502, 218, 83, 1, 135, 7, '2024-11-20', '2024-11-20 10:52:41', 1),
(1503, 219, 83, 1, 135, 6, '2024-11-20', '2024-11-20 10:52:41', 1),
(1504, 220, 83, 1, 135, 3, '2024-11-20', '2024-11-20 10:52:41', 1),
(1505, 221, 83, 1, 135, 7, '2024-11-20', '2024-11-20 10:52:41', 1),
(1506, 222, 83, 1, 135, 8, '2024-11-20', '2024-11-20 10:52:41', 1),
(1507, 223, 83, 1, 135, 4, '2024-11-20', '2024-11-20 10:52:41', 1),
(1508, 298, 83, 1, 135, 9, '2024-11-20', '2024-11-20 10:52:41', 1),
(1509, 299, 83, 1, 135, 5, '2024-11-20', '2024-11-20 10:52:41', 1),
(1510, 300, 83, 1, 135, 7, '2024-11-20', '2024-11-20 10:52:41', 1),
(1511, 301, 83, 1, 135, 8, '2024-11-20', '2024-11-20 10:52:41', 1),
(1512, 218, 84, 1, 136, 13, '2024-11-20', '2024-11-20 10:53:26', 1),
(1513, 219, 84, 1, 136, 10, '2024-11-20', '2024-11-20 10:53:26', 1),
(1514, 220, 84, 1, 136, 10, '2024-11-20', '2024-11-20 10:53:26', 1),
(1515, 221, 84, 1, 136, 10, '2024-11-20', '2024-11-20 10:53:26', 1),
(1516, 222, 84, 1, 136, 11, '2024-11-20', '2024-11-20 10:53:26', 1),
(1517, 223, 84, 1, 136, 15, '2024-11-20', '2024-11-20 10:53:26', 1),
(1518, 298, 84, 1, 136, 14, '2024-11-20', '2024-11-20 10:53:26', 1),
(1519, 299, 84, 1, 136, 11, '2024-11-20', '2024-11-20 10:53:26', 1),
(1520, 300, 84, 1, 136, 11, '2024-11-20', '2024-11-20 10:53:26', 1),
(1521, 301, 84, 1, 136, 15, '2024-11-20', '2024-11-20 10:53:26', 1),
(1522, 218, 85, 1, 137, 5, '2024-11-20', '2024-11-20 10:54:08', 1),
(1523, 219, 85, 1, 137, 3, '2024-11-20', '2024-11-20 10:54:08', 1),
(1524, 220, 85, 1, 137, 8, '2024-11-20', '2024-11-20 10:54:08', 1),
(1525, 221, 85, 1, 137, 10, '2024-11-20', '2024-11-20 10:54:08', 1),
(1526, 222, 85, 1, 137, 7, '2024-11-20', '2024-11-20 10:54:08', 1),
(1527, 223, 85, 1, 137, 15, '2024-11-20', '2024-11-20 10:54:08', 1),
(1528, 298, 85, 1, 137, 13, '2024-11-20', '2024-11-20 10:54:08', 1),
(1529, 299, 85, 1, 137, 5, '2024-11-20', '2024-11-20 10:54:08', 1),
(1530, 300, 85, 1, 137, 3, '2024-11-20', '2024-11-20 10:54:08', 1),
(1531, 301, 85, 1, 137, 4, '2024-11-20', '2024-11-20 10:54:08', 1),
(1532, 218, 86, 1, 138, 18, '2024-11-20', '2024-11-20 10:54:53', 1),
(1533, 219, 86, 1, 138, 10, '2024-11-20', '2024-11-20 10:54:53', 1),
(1534, 220, 86, 1, 138, 13, '2024-11-20', '2024-11-20 10:54:53', 1),
(1535, 221, 86, 1, 138, 14, '2024-11-20', '2024-11-20 10:54:53', 1),
(1536, 222, 86, 1, 138, 15, '2024-11-20', '2024-11-20 10:54:53', 1),
(1537, 223, 86, 1, 138, 15, '2024-11-20', '2024-11-20 10:54:53', 1),
(1538, 298, 86, 1, 138, 10, '2024-11-20', '2024-11-20 10:54:53', 1),
(1539, 299, 86, 1, 138, 15, '2024-11-20', '2024-11-20 10:54:53', 1),
(1540, 300, 86, 1, 138, 8, '2024-11-20', '2024-11-20 10:54:53', 1),
(1541, 301, 86, 1, 138, 11, '2024-11-20', '2024-11-20 10:54:53', 1),
(1542, 302, 115, 1, 139, 14, '2024-11-21', '2024-11-21 09:39:45', 1),
(1543, 303, 115, 1, 139, 11, '2024-11-21', '2024-11-21 09:39:45', 1),
(1544, 302, 117, 1, 141, 17, '2024-11-21', '2024-11-21 09:41:27', 1),
(1545, 303, 117, 1, 141, 11, '2024-11-21', '2024-11-21 09:41:27', 1),
(1546, 302, 122, 1, 145, 14, '2024-11-21', '2024-11-21 09:42:40', 1),
(1547, 303, 122, 1, 145, 10, '2024-11-21', '2024-11-21 09:42:40', 1),
(1548, 302, 116, 1, 140, 13, '2024-11-21', '2024-11-21 09:43:33', 1),
(1549, 303, 116, 1, 140, 10, '2024-11-21', '2024-11-21 09:43:33', 1),
(1550, 302, 118, 1, 142, 19, '2024-11-21', '2024-11-21 09:44:31', 1),
(1551, 303, 118, 1, 142, 15, '2024-11-21', '2024-11-21 09:44:31', 1),
(1552, 302, 119, 1, 143, 16, '2024-11-21', '2024-11-21 09:45:08', 1),
(1553, 303, 119, 1, 143, 8, '2024-11-21', '2024-11-21 09:45:08', 1),
(1554, 302, 121, 1, 144, 18, '2024-11-21', '2024-11-21 09:46:18', 1);
INSERT INTO `notes` (`id`, `eleve_id`, `matiere_id`, `evaluation_id`, `examinations_id`, `note`, `date_evaluation`, `created_at`, `trimestre`) VALUES
(1555, 303, 121, 1, 144, 11, '2024-11-21', '2024-11-21 09:46:18', 1),
(1556, 302, 123, 1, 146, 18.5, '2024-11-21', '2024-11-21 09:47:21', 1),
(1557, 303, 123, 1, 146, 14.5, '2024-11-21', '2024-11-21 09:47:22', 1),
(1558, 7, 8, 1, 46, 0, '2024-11-08', '2024-11-25 12:07:32', 1),
(1559, 8, 8, 1, 46, 0, '2024-11-08', '2024-11-25 12:07:32', 1),
(1560, 9, 8, 1, 46, 0, '2024-11-08', '2024-11-25 12:07:32', 1),
(1561, 10, 8, 1, 46, 0, '2024-11-08', '2024-11-25 12:07:32', 1),
(1562, 12, 8, 1, 46, 0, '2024-11-08', '2024-11-25 12:07:32', 1),
(1563, 11, 8, 1, 46, 0, '2024-11-08', '2024-11-25 12:07:32', 1),
(1564, 13, 8, 1, 46, 0, '2024-11-08', '2024-11-25 12:07:32', 1),
(1565, 14, 8, 1, 46, 0, '2024-11-08', '2024-11-25 12:07:32', 1),
(1566, 25, 8, 1, 46, 0, '2024-11-08', '2024-11-25 12:07:32', 1),
(1567, 15, 8, 1, 46, 0, '2024-11-08', '2024-11-25 12:07:32', 1),
(1568, 16, 8, 1, 46, 0, '2024-11-08', '2024-11-25 12:07:32', 1),
(1569, 17, 8, 1, 46, 0, '2024-11-08', '2024-11-25 12:07:32', 1),
(1570, 18, 8, 1, 46, 0, '2024-11-08', '2024-11-25 12:07:32', 1),
(1571, 19, 8, 1, 46, 0, '2024-11-08', '2024-11-25 12:07:32', 1),
(1572, 20, 8, 1, 46, 0, '2024-11-08', '2024-11-25 12:07:32', 1),
(1573, 21, 8, 1, 46, 0, '2024-11-08', '2024-11-25 12:07:32', 1),
(1574, 22, 8, 1, 46, 0, '2024-11-08', '2024-11-25 12:07:32', 1),
(1575, 23, 8, 1, 46, 0, '2024-11-08', '2024-11-25 12:07:32', 1),
(1576, 24, 8, 1, 46, 0, '2024-11-08', '2024-11-25 12:07:32', 1),
(1577, 62, 19, 2, 156, 17, '2024-12-05', '2024-12-05 11:07:04', 1),
(1578, 27, 19, 2, 156, 16, '2024-12-05', '2024-12-05 11:07:04', 1),
(1579, 28, 19, 2, 156, 17, '2024-12-05', '2024-12-05 11:07:04', 1),
(1580, 88, 19, 2, 156, 16, '2024-12-05', '2024-12-05 11:07:04', 1),
(1581, 65, 19, 2, 156, 16, '2024-12-05', '2024-12-05 11:07:04', 1),
(1582, 31, 19, 2, 156, 17, '2024-12-05', '2024-12-05 11:07:04', 1),
(1583, 32, 19, 2, 156, 15, '2024-12-05', '2024-12-05 11:07:04', 1),
(1584, 33, 19, 2, 156, 14, '2024-12-05', '2024-12-05 11:07:04', 1),
(1585, 34, 19, 2, 156, 0, '2024-12-05', '2024-12-05 11:07:04', 1),
(1586, 35, 19, 2, 156, 15, '2024-12-05', '2024-12-05 11:07:04', 1),
(1587, 36, 19, 2, 156, 15, '2024-12-05', '2024-12-05 11:07:04', 1),
(1588, 37, 19, 2, 156, 15, '2024-12-05', '2024-12-05 11:07:04', 1),
(1589, 38, 19, 2, 156, 15, '2024-12-05', '2024-12-05 11:07:04', 1),
(1590, 39, 19, 2, 156, 16, '2024-12-05', '2024-12-05 11:07:04', 1),
(1591, 101, 19, 2, 156, 14, '2024-12-05', '2024-12-05 11:07:04', 1),
(1592, 41, 19, 2, 156, 16, '2024-12-05', '2024-12-05 11:07:04', 1),
(1593, 42, 19, 2, 156, 16, '2024-12-05', '2024-12-05 11:07:04', 1),
(1594, 43, 19, 2, 156, 16, '2024-12-05', '2024-12-05 11:07:04', 1),
(1595, 44, 19, 2, 156, 16, '2024-12-05', '2024-12-05 11:07:04', 1),
(1596, 45, 19, 2, 156, 14, '2024-12-05', '2024-12-05 11:07:04', 1),
(1597, 93, 19, 2, 156, 16, '2024-12-05', '2024-12-05 11:07:04', 1),
(1598, 47, 19, 2, 156, 16, '2024-12-05', '2024-12-05 11:07:04', 1),
(1599, 48, 19, 2, 156, 16, '2024-12-05', '2024-12-05 11:07:04', 1),
(1600, 49, 19, 2, 156, 17, '2024-12-05', '2024-12-05 11:07:04', 1),
(1601, 50, 19, 2, 156, 17, '2024-12-05', '2024-12-05 11:07:04', 1),
(1602, 51, 19, 2, 156, 13, '2024-12-05', '2024-12-05 11:07:04', 1),
(1603, 52, 19, 2, 156, 18, '2024-12-05', '2024-12-05 11:07:04', 1),
(1604, 53, 19, 2, 156, 16, '2024-12-05', '2024-12-05 11:07:04', 1),
(1605, 54, 19, 2, 156, 15, '2024-12-05', '2024-12-05 11:07:05', 1),
(1606, 55, 19, 2, 156, 16, '2024-12-05', '2024-12-05 11:07:05', 1),
(1607, 56, 19, 2, 156, 11, '2024-12-05', '2024-12-05 11:07:05', 1),
(1608, 57, 19, 2, 156, 15, '2024-12-05', '2024-12-05 11:07:05', 1),
(1609, 58, 19, 2, 156, 16, '2024-12-05', '2024-12-05 11:07:05', 1),
(1610, 59, 19, 2, 156, 15, '2024-12-05', '2024-12-05 11:07:05', 1),
(1611, 60, 19, 2, 156, 14, '2024-12-05', '2024-12-05 11:07:05', 1),
(1612, 61, 19, 2, 156, 16, '2024-12-05', '2024-12-05 11:07:05', 1),
(1613, 62, 10, 2, 147, 11, '2024-12-05', '2024-12-07 07:47:28', 1),
(1614, 27, 10, 2, 147, 15, '2024-12-05', '2024-12-07 07:47:28', 1),
(1615, 28, 10, 2, 147, 10, '2024-12-05', '2024-12-07 07:47:28', 1),
(1616, 88, 10, 2, 147, 11, '2024-12-05', '2024-12-07 07:47:28', 1),
(1617, 65, 10, 2, 147, 0, '2024-12-05', '2024-12-07 07:47:28', 1),
(1618, 31, 10, 2, 147, 10, '2024-12-05', '2024-12-07 07:47:28', 1),
(1619, 32, 10, 2, 147, 10, '2024-12-05', '2024-12-07 07:47:28', 1),
(1620, 33, 10, 2, 147, 10, '2024-12-05', '2024-12-07 07:47:28', 1),
(1621, 34, 10, 2, 147, 16, '2024-12-05', '2024-12-07 07:47:28', 1),
(1622, 35, 10, 2, 147, 13, '2024-12-05', '2024-12-07 07:47:28', 1),
(1623, 36, 10, 2, 147, 11, '2024-12-05', '2024-12-07 07:47:28', 1),
(1624, 37, 10, 2, 147, 10, '2024-12-05', '2024-12-07 07:47:28', 1),
(1625, 38, 10, 2, 147, 11, '2024-12-05', '2024-12-07 07:47:28', 1),
(1626, 39, 10, 2, 147, 14, '2024-12-05', '2024-12-07 07:47:28', 1),
(1627, 101, 10, 2, 147, 11, '2024-12-05', '2024-12-07 07:47:28', 1),
(1628, 41, 10, 2, 147, 10, '2024-12-05', '2024-12-07 07:47:29', 1),
(1629, 42, 10, 2, 147, 10, '2024-12-05', '2024-12-07 07:47:29', 1),
(1630, 43, 10, 2, 147, 9, '2024-12-05', '2024-12-07 07:47:29', 1),
(1631, 44, 10, 2, 147, 11, '2024-12-05', '2024-12-07 07:47:29', 1),
(1632, 45, 10, 2, 147, 10, '2024-12-05', '2024-12-07 07:47:29', 1),
(1633, 93, 10, 2, 147, 9, '2024-12-05', '2024-12-07 07:47:29', 1),
(1634, 47, 10, 2, 147, 11, '2024-12-05', '2024-12-07 07:47:29', 1),
(1635, 48, 10, 2, 147, 10, '2024-12-05', '2024-12-07 07:47:29', 1),
(1636, 49, 10, 2, 147, 9, '2024-12-05', '2024-12-07 07:47:29', 1),
(1637, 50, 10, 2, 147, 12, '2024-12-05', '2024-12-07 07:47:29', 1),
(1638, 51, 10, 2, 147, 8, '2024-12-05', '2024-12-07 07:47:29', 1),
(1639, 52, 10, 2, 147, 10, '2024-12-05', '2024-12-07 07:47:29', 1),
(1640, 53, 10, 2, 147, 12, '2024-12-05', '2024-12-07 07:47:29', 1),
(1641, 54, 10, 2, 147, 10, '2024-12-05', '2024-12-07 07:47:29', 1),
(1642, 55, 10, 2, 147, 14, '2024-12-05', '2024-12-07 07:47:29', 1),
(1643, 56, 10, 2, 147, 9, '2024-12-05', '2024-12-07 07:47:29', 1),
(1644, 57, 10, 2, 147, 12, '2024-12-05', '2024-12-07 07:47:29', 1),
(1645, 58, 10, 2, 147, 12, '2024-12-05', '2024-12-07 07:47:29', 1),
(1646, 59, 10, 2, 147, 11, '2024-12-05', '2024-12-07 07:47:29', 1),
(1647, 60, 10, 2, 147, 10, '2024-12-05', '2024-12-07 07:47:29', 1),
(1648, 61, 10, 2, 147, 11, '2024-12-05', '2024-12-07 07:47:29', 1),
(1649, 62, 11, 2, 148, 15, '2024-12-05', '2024-12-07 07:51:00', 1),
(1650, 27, 11, 2, 148, 17.75, '2024-12-05', '2024-12-07 07:51:00', 1),
(1651, 28, 11, 2, 148, 13.5, '2024-12-05', '2024-12-07 07:51:00', 1),
(1652, 88, 11, 2, 148, 11.5, '2024-12-05', '2024-12-07 07:51:00', 1),
(1653, 65, 11, 2, 148, 0, '2024-12-05', '2024-12-07 07:51:00', 1),
(1654, 31, 11, 2, 148, 8.25, '2024-12-05', '2024-12-07 07:51:00', 1),
(1655, 32, 11, 2, 148, 12, '2024-12-05', '2024-12-07 07:51:00', 1),
(1656, 33, 11, 2, 148, 9.5, '2024-12-05', '2024-12-07 07:51:00', 1),
(1657, 34, 11, 2, 148, 18.5, '2024-12-05', '2024-12-07 07:51:00', 1),
(1658, 35, 11, 2, 148, 13.25, '2024-12-05', '2024-12-07 07:51:00', 1),
(1659, 36, 11, 2, 148, 11.5, '2024-12-05', '2024-12-07 07:51:00', 1),
(1660, 37, 11, 2, 148, 9.25, '2024-12-05', '2024-12-07 07:51:00', 1),
(1661, 38, 11, 2, 148, 14.25, '2024-12-05', '2024-12-07 07:51:00', 1),
(1662, 39, 11, 2, 148, 14, '2024-12-05', '2024-12-07 07:51:00', 1),
(1663, 101, 11, 2, 148, 10, '2024-12-05', '2024-12-07 07:51:00', 1),
(1664, 41, 11, 2, 148, 12, '2024-12-05', '2024-12-07 07:51:00', 1),
(1665, 42, 11, 2, 148, 13.5, '2024-12-05', '2024-12-07 07:51:00', 1),
(1666, 43, 11, 2, 148, 11.25, '2024-12-05', '2024-12-07 07:51:00', 1),
(1667, 44, 11, 2, 148, 12, '2024-12-05', '2024-12-07 07:51:00', 1),
(1668, 45, 11, 2, 148, 12, '2024-12-05', '2024-12-07 07:51:00', 1),
(1669, 93, 11, 2, 148, 11.5, '2024-12-05', '2024-12-07 07:51:00', 1),
(1670, 47, 11, 2, 148, 11.5, '2024-12-05', '2024-12-07 07:51:00', 1),
(1671, 48, 11, 2, 148, 9, '2024-12-05', '2024-12-07 07:51:00', 1),
(1672, 49, 11, 2, 148, 14.75, '2024-12-05', '2024-12-07 07:51:00', 1),
(1673, 50, 11, 2, 148, 8, '2024-12-05', '2024-12-07 07:51:00', 1),
(1674, 51, 11, 2, 148, 9.5, '2024-12-05', '2024-12-07 07:51:00', 1),
(1675, 52, 11, 2, 148, 10.5, '2024-12-05', '2024-12-07 07:51:00', 1),
(1676, 53, 11, 2, 148, 10, '2024-12-05', '2024-12-07 07:51:00', 1),
(1677, 54, 11, 2, 148, 11, '2024-12-05', '2024-12-07 07:51:00', 1),
(1678, 55, 11, 2, 148, 15, '2024-12-05', '2024-12-07 07:51:00', 1),
(1679, 56, 11, 2, 148, 5, '2024-12-05', '2024-12-07 07:51:00', 1),
(1680, 57, 11, 2, 148, 16, '2024-12-05', '2024-12-07 07:51:00', 1),
(1681, 58, 11, 2, 148, 13.75, '2024-12-05', '2024-12-07 07:51:00', 1),
(1682, 59, 11, 2, 148, 11.75, '2024-12-05', '2024-12-07 07:51:00', 1),
(1683, 60, 11, 2, 148, 8, '2024-12-05', '2024-12-07 07:51:00', 1),
(1684, 61, 11, 2, 148, 9.5, '2024-12-05', '2024-12-07 07:51:00', 1),
(1721, 62, 12, 2, 158, 7.5, '2024-12-07', '2024-12-07 08:00:19', 1),
(1722, 27, 12, 2, 158, 18, '2024-12-07', '2024-12-07 08:00:19', 1),
(1723, 28, 12, 2, 158, 18, '2024-12-07', '2024-12-07 08:00:19', 1),
(1724, 88, 12, 2, 158, 17, '2024-12-07', '2024-12-07 08:00:19', 1),
(1725, 65, 12, 2, 158, 0, '2024-12-07', '2024-12-07 08:00:19', 1),
(1726, 31, 12, 2, 158, 12.5, '2024-12-07', '2024-12-07 08:00:20', 1),
(1727, 32, 12, 2, 158, 14, '2024-12-07', '2024-12-07 08:00:20', 1),
(1728, 33, 12, 2, 158, 10, '2024-12-07', '2024-12-07 08:00:20', 1),
(1729, 34, 12, 2, 158, 20, '2024-12-07', '2024-12-07 08:00:20', 1),
(1730, 35, 12, 2, 158, 16, '2024-12-07', '2024-12-07 08:00:20', 1),
(1731, 36, 12, 2, 158, 18, '2024-12-07', '2024-12-07 08:00:20', 1),
(1732, 37, 12, 2, 158, 15, '2024-12-07', '2024-12-07 08:00:20', 1),
(1733, 38, 12, 2, 158, 11, '2024-12-07', '2024-12-07 08:00:20', 1),
(1734, 39, 12, 2, 158, 17, '2024-12-07', '2024-12-07 08:00:20', 1),
(1735, 101, 12, 2, 158, 7, '2024-12-07', '2024-12-07 08:00:20', 1),
(1736, 41, 12, 2, 158, 8, '2024-12-07', '2024-12-07 08:00:20', 1),
(1737, 42, 12, 2, 158, 15.5, '2024-12-07', '2024-12-07 08:00:20', 1),
(1738, 43, 12, 2, 158, 13, '2024-12-07', '2024-12-07 08:00:20', 1),
(1739, 44, 12, 2, 158, 11, '2024-12-07', '2024-12-07 08:00:20', 1),
(1740, 45, 12, 2, 158, 15.5, '2024-12-07', '2024-12-07 08:00:20', 1),
(1741, 93, 12, 2, 158, 9.5, '2024-12-07', '2024-12-07 08:00:20', 1),
(1742, 47, 12, 2, 158, 16, '2024-12-07', '2024-12-07 08:00:20', 1),
(1743, 48, 12, 2, 158, 14, '2024-12-07', '2024-12-07 08:00:20', 1),
(1744, 49, 12, 2, 158, 16.5, '2024-12-07', '2024-12-07 08:00:20', 1),
(1745, 50, 12, 2, 158, 15, '2024-12-07', '2024-12-07 08:00:20', 1),
(1746, 51, 12, 2, 158, 11, '2024-12-07', '2024-12-07 08:00:20', 1),
(1747, 52, 12, 2, 158, 13, '2024-12-07', '2024-12-07 08:00:20', 1),
(1748, 53, 12, 2, 158, 14, '2024-12-07', '2024-12-07 08:00:20', 1),
(1749, 54, 12, 2, 158, 12, '2024-12-07', '2024-12-07 08:00:20', 1),
(1750, 55, 12, 2, 158, 17, '2024-12-07', '2024-12-07 08:00:20', 1),
(1751, 56, 12, 2, 158, 5, '2024-12-07', '2024-12-07 08:00:20', 1),
(1752, 57, 12, 2, 158, 18, '2024-12-07', '2024-12-07 08:00:20', 1),
(1753, 58, 12, 2, 158, 19, '2024-12-07', '2024-12-07 08:00:20', 1),
(1754, 59, 12, 2, 158, 16, '2024-12-07', '2024-12-07 08:00:20', 1),
(1755, 60, 12, 2, 158, 10.5, '2024-12-07', '2024-12-07 08:00:20', 1),
(1756, 61, 12, 2, 158, 14, '2024-12-07', '2024-12-07 08:00:20', 1),
(1793, 62, 14, 2, 159, 18.5, '2024-12-07', '2024-12-07 08:05:23', 1),
(1794, 27, 14, 2, 159, 20, '2024-12-07', '2024-12-07 08:05:23', 1),
(1795, 28, 14, 2, 159, 14.5, '2024-12-07', '2024-12-07 08:05:23', 1),
(1796, 88, 14, 2, 159, 11, '2024-12-07', '2024-12-07 08:05:23', 1),
(1797, 65, 14, 2, 159, 16, '2024-12-07', '2024-12-07 08:05:23', 1),
(1798, 31, 14, 2, 159, 8, '2024-12-07', '2024-12-07 08:05:23', 1),
(1799, 32, 14, 2, 159, 15, '2024-12-07', '2024-12-07 08:05:23', 1),
(1800, 33, 14, 2, 159, 14, '2024-12-07', '2024-12-07 08:05:23', 1),
(1801, 34, 14, 2, 159, 19, '2024-12-07', '2024-12-07 08:05:23', 1),
(1802, 35, 14, 2, 159, 19, '2024-12-07', '2024-12-07 08:05:23', 1),
(1803, 36, 14, 2, 159, 16, '2024-12-07', '2024-12-07 08:05:23', 1),
(1804, 37, 14, 2, 159, 17, '2024-12-07', '2024-12-07 08:05:23', 1),
(1805, 38, 14, 2, 159, 11, '2024-12-07', '2024-12-07 08:05:23', 1),
(1806, 39, 14, 2, 159, 19, '2024-12-07', '2024-12-07 08:05:23', 1),
(1807, 101, 14, 2, 159, 9.5, '2024-12-07', '2024-12-07 08:05:23', 1),
(1808, 41, 14, 2, 159, 9.5, '2024-12-07', '2024-12-07 08:05:23', 1),
(1809, 42, 14, 2, 159, 12.5, '2024-12-07', '2024-12-07 08:05:23', 1),
(1810, 43, 14, 2, 159, 18.5, '2024-12-07', '2024-12-07 08:05:23', 1),
(1811, 44, 14, 2, 159, 13.5, '2024-12-07', '2024-12-07 08:05:23', 1),
(1812, 45, 14, 2, 159, 11, '2024-12-07', '2024-12-07 08:05:23', 1),
(1813, 93, 14, 2, 159, 7.5, '2024-12-07', '2024-12-07 08:05:23', 1),
(1814, 47, 14, 2, 159, 13.5, '2024-12-07', '2024-12-07 08:05:23', 1),
(1815, 48, 14, 2, 159, 13.5, '2024-12-07', '2024-12-07 08:05:23', 1),
(1816, 49, 14, 2, 159, 14.5, '2024-12-07', '2024-12-07 08:05:23', 1),
(1817, 50, 14, 2, 159, 16, '2024-12-07', '2024-12-07 08:05:23', 1),
(1818, 51, 14, 2, 159, 7, '2024-12-07', '2024-12-07 08:05:23', 1),
(1819, 52, 14, 2, 159, 9.5, '2024-12-07', '2024-12-07 08:05:23', 1),
(1820, 53, 14, 2, 159, 18.5, '2024-12-07', '2024-12-07 08:05:23', 1),
(1821, 54, 14, 2, 159, 13.5, '2024-12-07', '2024-12-07 08:05:23', 1),
(1822, 55, 14, 2, 159, 16, '2024-12-07', '2024-12-07 08:05:23', 1),
(1823, 56, 14, 2, 159, 7, '2024-12-07', '2024-12-07 08:05:23', 1),
(1824, 57, 14, 2, 159, 20, '2024-12-07', '2024-12-07 08:05:23', 1),
(1825, 58, 14, 2, 159, 17, '2024-12-07', '2024-12-07 08:05:23', 1),
(1826, 59, 14, 2, 159, 18, '2024-12-07', '2024-12-07 08:05:23', 1),
(1827, 60, 14, 2, 159, 11.5, '2024-12-07', '2024-12-07 08:05:23', 1),
(1828, 61, 14, 2, 159, 10, '2024-12-07', '2024-12-07 08:05:23', 1),
(1829, 62, 15, 2, 152, 20, '2024-12-05', '2024-12-07 08:08:30', 1),
(1830, 27, 15, 2, 152, 19, '2024-12-05', '2024-12-07 08:08:30', 1),
(1831, 28, 15, 2, 152, 17.25, '2024-12-05', '2024-12-07 08:08:30', 1),
(1832, 88, 15, 2, 152, 11, '2024-12-05', '2024-12-07 08:08:30', 1),
(1833, 65, 15, 2, 152, 16, '2024-12-05', '2024-12-07 08:08:30', 1),
(1834, 31, 15, 2, 152, 19, '2024-12-05', '2024-12-07 08:08:30', 1),
(1835, 32, 15, 2, 152, 17.5, '2024-12-05', '2024-12-07 08:08:30', 1),
(1836, 33, 15, 2, 152, 11.5, '2024-12-05', '2024-12-07 08:08:30', 1),
(1837, 34, 15, 2, 152, 20, '2024-12-05', '2024-12-07 08:08:30', 1),
(1838, 35, 15, 2, 152, 19, '2024-12-05', '2024-12-07 08:08:30', 1),
(1839, 36, 15, 2, 152, 20, '2024-12-05', '2024-12-07 08:08:30', 1),
(1840, 37, 15, 2, 152, 20, '2024-12-05', '2024-12-07 08:08:30', 1),
(1841, 38, 15, 2, 152, 18.25, '2024-12-05', '2024-12-07 08:08:30', 1),
(1842, 39, 15, 2, 152, 20, '2024-12-05', '2024-12-07 08:08:30', 1),
(1843, 101, 15, 2, 152, 17, '2024-12-05', '2024-12-07 08:08:30', 1),
(1844, 41, 15, 2, 152, 14.5, '2024-12-05', '2024-12-07 08:08:30', 1),
(1845, 42, 15, 2, 152, 7.5, '2024-12-05', '2024-12-07 08:08:30', 1),
(1846, 43, 15, 2, 152, 18.5, '2024-12-05', '2024-12-07 08:08:30', 1),
(1847, 44, 15, 2, 152, 19, '2024-12-05', '2024-12-07 08:08:30', 1),
(1848, 45, 15, 2, 152, 17, '2024-12-05', '2024-12-07 08:08:30', 1),
(1849, 93, 15, 2, 152, 16.5, '2024-12-05', '2024-12-07 08:08:30', 1),
(1850, 47, 15, 2, 152, 14, '2024-12-05', '2024-12-07 08:08:30', 1),
(1851, 48, 15, 2, 152, 14.5, '2024-12-05', '2024-12-07 08:08:30', 1),
(1852, 49, 15, 2, 152, 15.25, '2024-12-05', '2024-12-07 08:08:30', 1),
(1853, 50, 15, 2, 152, 19.25, '2024-12-05', '2024-12-07 08:08:30', 1),
(1854, 51, 15, 2, 152, 11, '2024-12-05', '2024-12-07 08:08:30', 1),
(1855, 52, 15, 2, 152, 15.75, '2024-12-05', '2024-12-07 08:08:30', 1),
(1856, 53, 15, 2, 152, 15.25, '2024-12-05', '2024-12-07 08:08:30', 1),
(1857, 54, 15, 2, 152, 14, '2024-12-05', '2024-12-07 08:08:30', 1),
(1858, 55, 15, 2, 152, 19.25, '2024-12-05', '2024-12-07 08:08:30', 1),
(1859, 56, 15, 2, 152, 4, '2024-12-05', '2024-12-07 08:08:30', 1),
(1860, 57, 15, 2, 152, 18.5, '2024-12-05', '2024-12-07 08:08:30', 1),
(1861, 58, 15, 2, 152, 19.75, '2024-12-05', '2024-12-07 08:08:30', 1),
(1862, 59, 15, 2, 152, 17, '2024-12-05', '2024-12-07 08:08:30', 1),
(1863, 60, 15, 2, 152, 11, '2024-12-05', '2024-12-07 08:08:30', 1),
(1864, 61, 15, 2, 152, 18.25, '2024-12-05', '2024-12-07 08:08:30', 1),
(1865, 62, 18, 2, 155, 17.5, '2024-12-05', '2024-12-07 08:11:40', 1),
(1866, 27, 18, 2, 155, 16.75, '2024-12-05', '2024-12-07 08:11:40', 1),
(1867, 28, 18, 2, 155, 16, '2024-12-05', '2024-12-07 08:11:40', 1),
(1868, 88, 18, 2, 155, 15.25, '2024-12-05', '2024-12-07 08:11:40', 1),
(1869, 65, 18, 2, 155, 14.75, '2024-12-05', '2024-12-07 08:11:40', 1),
(1870, 31, 18, 2, 155, 9.5, '2024-12-05', '2024-12-07 08:11:40', 1),
(1871, 32, 18, 2, 155, 8.75, '2024-12-05', '2024-12-07 08:11:40', 1),
(1872, 33, 18, 2, 155, 10.75, '2024-12-05', '2024-12-07 08:11:40', 1),
(1873, 34, 18, 2, 155, 19, '2024-12-05', '2024-12-07 08:11:40', 1),
(1874, 35, 18, 2, 155, 15.75, '2024-12-05', '2024-12-07 08:11:40', 1),
(1875, 36, 18, 2, 155, 15.5, '2024-12-05', '2024-12-07 08:11:40', 1),
(1876, 37, 18, 2, 155, 10.75, '2024-12-05', '2024-12-07 08:11:40', 1),
(1877, 38, 18, 2, 155, 11, '2024-12-05', '2024-12-07 08:11:40', 1),
(1878, 39, 18, 2, 155, 16.25, '2024-12-05', '2024-12-07 08:11:40', 1),
(1879, 101, 18, 2, 155, 10, '2024-12-05', '2024-12-07 08:11:40', 1),
(1880, 41, 18, 2, 155, 15.25, '2024-12-05', '2024-12-07 08:11:40', 1),
(1881, 42, 18, 2, 155, 6, '2024-12-05', '2024-12-07 08:11:40', 1),
(1882, 43, 18, 2, 155, 16, '2024-12-05', '2024-12-07 08:11:40', 1),
(1883, 44, 18, 2, 155, 12.25, '2024-12-05', '2024-12-07 08:11:40', 1),
(1884, 45, 18, 2, 155, 12.75, '2024-12-05', '2024-12-07 08:11:40', 1),
(1885, 93, 18, 2, 155, 11.5, '2024-12-05', '2024-12-07 08:11:40', 1),
(1886, 47, 18, 2, 155, 10, '2024-12-05', '2024-12-07 08:11:40', 1),
(1887, 48, 18, 2, 155, 10.5, '2024-12-05', '2024-12-07 08:11:40', 1),
(1888, 49, 18, 2, 155, 14.75, '2024-12-05', '2024-12-07 08:11:41', 1),
(1889, 50, 18, 2, 155, 13.75, '2024-12-05', '2024-12-07 08:11:41', 1),
(1890, 51, 18, 2, 155, 6.5, '2024-12-05', '2024-12-07 08:11:41', 1),
(1891, 52, 18, 2, 155, 12.25, '2024-12-05', '2024-12-07 08:11:41', 1),
(1892, 53, 18, 2, 155, 15, '2024-12-05', '2024-12-07 08:11:41', 1),
(1893, 54, 18, 2, 155, 11.5, '2024-12-05', '2024-12-07 08:11:41', 1),
(1894, 55, 18, 2, 155, 17.5, '2024-12-05', '2024-12-07 08:11:41', 1),
(1895, 56, 18, 2, 155, 11, '2024-12-05', '2024-12-07 08:11:41', 1),
(1896, 57, 18, 2, 155, 14.5, '2024-12-05', '2024-12-07 08:11:41', 1),
(1897, 58, 18, 2, 155, 17.5, '2024-12-05', '2024-12-07 08:11:41', 1),
(1898, 59, 18, 2, 155, 11.5, '2024-12-05', '2024-12-07 08:11:41', 1),
(1899, 60, 18, 2, 155, 9, '2024-12-05', '2024-12-07 08:11:41', 1),
(1900, 61, 18, 2, 155, 0, '2024-12-05', '2024-12-07 08:11:41', 1),
(1901, 62, 20, 2, 157, 17, '2024-12-07', '2024-12-07 08:14:00', 1),
(1902, 27, 20, 2, 157, 16, '2024-12-07', '2024-12-07 08:14:00', 1),
(1903, 28, 20, 2, 157, 16, '2024-12-07', '2024-12-07 08:14:00', 1),
(1904, 88, 20, 2, 157, 16, '2024-12-07', '2024-12-07 08:14:00', 1),
(1905, 65, 20, 2, 157, 16, '2024-12-07', '2024-12-07 08:14:00', 1),
(1906, 31, 20, 2, 157, 14, '2024-12-07', '2024-12-07 08:14:00', 1),
(1907, 32, 20, 2, 157, 16, '2024-12-07', '2024-12-07 08:14:00', 1),
(1908, 33, 20, 2, 157, 15, '2024-12-07', '2024-12-07 08:14:00', 1),
(1909, 34, 20, 2, 157, 17, '2024-12-07', '2024-12-07 08:14:00', 1),
(1910, 35, 20, 2, 157, 17, '2024-12-07', '2024-12-07 08:14:00', 1),
(1911, 36, 20, 2, 157, 15, '2024-12-07', '2024-12-07 08:14:00', 1),
(1912, 37, 20, 2, 157, 14, '2024-12-07', '2024-12-07 08:14:00', 1),
(1913, 38, 20, 2, 157, 16, '2024-12-07', '2024-12-07 08:14:00', 1),
(1914, 39, 20, 2, 157, 17, '2024-12-07', '2024-12-07 08:14:00', 1),
(1915, 101, 20, 2, 157, 16, '2024-12-07', '2024-12-07 08:14:00', 1),
(1916, 41, 20, 2, 157, 17, '2024-12-07', '2024-12-07 08:14:00', 1),
(1917, 42, 20, 2, 157, 16, '2024-12-07', '2024-12-07 08:14:00', 1),
(1918, 43, 20, 2, 157, 17, '2024-12-07', '2024-12-07 08:14:00', 1),
(1919, 44, 20, 2, 157, 14, '2024-12-07', '2024-12-07 08:14:00', 1),
(1920, 45, 20, 2, 157, 17, '2024-12-07', '2024-12-07 08:14:00', 1),
(1921, 93, 20, 2, 157, 16, '2024-12-07', '2024-12-07 08:14:00', 1),
(1922, 47, 20, 2, 157, 16, '2024-12-07', '2024-12-07 08:14:00', 1),
(1923, 48, 20, 2, 157, 16, '2024-12-07', '2024-12-07 08:14:00', 1),
(1924, 49, 20, 2, 157, 17, '2024-12-07', '2024-12-07 08:14:00', 1),
(1925, 50, 20, 2, 157, 15, '2024-12-07', '2024-12-07 08:14:00', 1),
(1926, 51, 20, 2, 157, 17, '2024-12-07', '2024-12-07 08:14:00', 1),
(1927, 52, 20, 2, 157, 16, '2024-12-07', '2024-12-07 08:14:00', 1),
(1928, 53, 20, 2, 157, 15, '2024-12-07', '2024-12-07 08:14:00', 1),
(1929, 54, 20, 2, 157, 14, '2024-12-07', '2024-12-07 08:14:00', 1),
(1930, 55, 20, 2, 157, 17, '2024-12-07', '2024-12-07 08:14:00', 1),
(1931, 56, 20, 2, 157, 15, '2024-12-07', '2024-12-07 08:14:00', 1),
(1932, 57, 20, 2, 157, 17, '2024-12-07', '2024-12-07 08:14:00', 1),
(1933, 58, 20, 2, 157, 17, '2024-12-07', '2024-12-07 08:14:00', 1),
(1934, 59, 20, 2, 157, 17, '2024-12-07', '2024-12-07 08:14:00', 1),
(1935, 60, 20, 2, 157, 16, '2024-12-07', '2024-12-07 08:14:00', 1),
(1936, 61, 20, 2, 157, 15, '2024-12-07', '2024-12-07 08:14:00', 1),
(1937, 62, 14, 3, 164, 18, '2024-12-07', '2024-12-07 08:18:26', 1),
(1938, 27, 14, 3, 164, 18, '2024-12-07', '2024-12-07 08:18:26', 1),
(1939, 28, 14, 3, 164, 9.5, '2024-12-07', '2024-12-07 08:18:26', 1),
(1940, 88, 14, 3, 164, 14, '2024-12-07', '2024-12-07 08:18:26', 1),
(1941, 65, 14, 3, 164, 11, '2024-12-07', '2024-12-07 08:18:26', 1),
(1942, 31, 14, 3, 164, 13, '2024-12-07', '2024-12-07 08:18:26', 1),
(1943, 32, 14, 3, 164, 17, '2024-12-07', '2024-12-07 08:18:26', 1),
(1944, 33, 14, 3, 164, 7.5, '2024-12-07', '2024-12-07 08:18:26', 1),
(1945, 34, 14, 3, 164, 18.5, '2024-12-07', '2024-12-07 08:18:26', 1),
(1946, 35, 14, 3, 164, 18, '2024-12-07', '2024-12-07 08:18:26', 1),
(1947, 36, 14, 3, 164, 16, '2024-12-07', '2024-12-07 08:18:26', 1),
(1948, 37, 14, 3, 164, 17.5, '2024-12-07', '2024-12-07 08:18:26', 1),
(1949, 38, 14, 3, 164, 18.5, '2024-12-07', '2024-12-07 08:18:26', 1),
(1950, 39, 14, 3, 164, 17, '2024-12-07', '2024-12-07 08:18:26', 1),
(1951, 101, 14, 3, 164, 13, '2024-12-07', '2024-12-07 08:18:26', 1),
(1952, 41, 14, 3, 164, 12.5, '2024-12-07', '2024-12-07 08:18:26', 1),
(1953, 42, 14, 3, 164, 12, '2024-12-07', '2024-12-07 08:18:26', 1),
(1954, 43, 14, 3, 164, 11, '2024-12-07', '2024-12-07 08:18:26', 1),
(1955, 44, 14, 3, 164, 7, '2024-12-07', '2024-12-07 08:18:26', 1),
(1956, 45, 14, 3, 164, 18, '2024-12-07', '2024-12-07 08:18:26', 1),
(1957, 93, 14, 3, 164, 9, '2024-12-07', '2024-12-07 08:18:26', 1),
(1958, 47, 14, 3, 164, 11.5, '2024-12-07', '2024-12-07 08:18:26', 1),
(1959, 48, 14, 3, 164, 10, '2024-12-07', '2024-12-07 08:18:26', 1),
(1960, 49, 14, 3, 164, 12, '2024-12-07', '2024-12-07 08:18:26', 1),
(1961, 50, 14, 3, 164, 14, '2024-12-07', '2024-12-07 08:18:26', 1),
(1962, 51, 14, 3, 164, 11, '2024-12-07', '2024-12-07 08:18:26', 1),
(1963, 52, 14, 3, 164, 14, '2024-12-07', '2024-12-07 08:18:26', 1),
(1964, 53, 14, 3, 164, 18.5, '2024-12-07', '2024-12-07 08:18:26', 1),
(1965, 54, 14, 3, 164, 13.5, '2024-12-07', '2024-12-07 08:18:26', 1),
(1966, 55, 14, 3, 164, 18, '2024-12-07', '2024-12-07 08:18:26', 1),
(1967, 56, 14, 3, 164, 11.5, '2024-12-07', '2024-12-07 08:18:26', 1),
(1968, 57, 14, 3, 164, 14, '2024-12-07', '2024-12-07 08:18:26', 1),
(1969, 58, 14, 3, 164, 17, '2024-12-07', '2024-12-07 08:18:26', 1),
(1970, 59, 14, 3, 164, 17, '2024-12-07', '2024-12-07 08:18:26', 1),
(1971, 60, 14, 3, 164, 13, '2024-12-07', '2024-12-07 08:18:26', 1),
(1972, 61, 14, 3, 164, 12, '2024-12-07', '2024-12-07 08:18:26', 1),
(1973, 62, 15, 3, 165, 19.33, '2024-12-07', '2024-12-07 08:21:30', 1),
(1974, 27, 15, 3, 165, 18.33, '2024-12-07', '2024-12-07 08:21:30', 1),
(1975, 28, 15, 3, 165, 18, '2024-12-07', '2024-12-07 08:21:30', 1),
(1976, 88, 15, 3, 165, 16, '2024-12-07', '2024-12-07 08:21:30', 1),
(1977, 65, 15, 3, 165, 14, '2024-12-07', '2024-12-07 08:21:30', 1),
(1978, 31, 15, 3, 165, 14.66, '2024-12-07', '2024-12-07 08:21:30', 1),
(1979, 32, 15, 3, 165, 16, '2024-12-07', '2024-12-07 08:21:30', 1),
(1980, 33, 15, 3, 165, 12, '2024-12-07', '2024-12-07 08:21:30', 1),
(1981, 34, 15, 3, 165, 19, '2024-12-07', '2024-12-07 08:21:30', 1),
(1982, 35, 15, 3, 165, 19, '2024-12-07', '2024-12-07 08:21:30', 1),
(1983, 36, 15, 3, 165, 16, '2024-12-07', '2024-12-07 08:21:30', 1),
(1984, 37, 15, 3, 165, 20, '2024-12-07', '2024-12-07 08:21:30', 1),
(1985, 38, 15, 3, 165, 19.33, '2024-12-07', '2024-12-07 08:21:30', 1),
(1986, 39, 15, 3, 165, 19.33, '2024-12-07', '2024-12-07 08:21:30', 1),
(1987, 101, 15, 3, 165, 12.33, '2024-12-07', '2024-12-07 08:21:30', 1),
(1988, 41, 15, 3, 165, 8.33, '2024-12-07', '2024-12-07 08:21:30', 1),
(1989, 42, 15, 3, 165, 11.66, '2024-12-07', '2024-12-07 08:21:30', 1),
(1990, 43, 15, 3, 165, 14.66, '2024-12-07', '2024-12-07 08:21:30', 1),
(1991, 44, 15, 3, 165, 16, '2024-12-07', '2024-12-07 08:21:30', 1),
(1992, 45, 15, 3, 165, 16, '2024-12-07', '2024-12-07 08:21:30', 1),
(1993, 93, 15, 3, 165, 12, '2024-12-07', '2024-12-07 08:21:30', 1),
(1994, 47, 15, 3, 165, 14.33, '2024-12-07', '2024-12-07 08:21:30', 1),
(1995, 48, 15, 3, 165, 13, '2024-12-07', '2024-12-07 08:21:30', 1),
(1996, 49, 15, 3, 165, 11.66, '2024-12-07', '2024-12-07 08:21:30', 1),
(1997, 50, 15, 3, 165, 17.33, '2024-12-07', '2024-12-07 08:21:30', 1),
(1998, 51, 15, 3, 165, 17, '2024-12-07', '2024-12-07 08:21:30', 1),
(1999, 52, 15, 3, 165, 17.66, '2024-12-07', '2024-12-07 08:21:30', 1),
(2000, 53, 15, 3, 165, 14.33, '2024-12-07', '2024-12-07 08:21:30', 1),
(2001, 54, 15, 3, 165, 12.66, '2024-12-07', '2024-12-07 08:21:30', 1),
(2002, 55, 15, 3, 165, 19, '2024-12-07', '2024-12-07 08:21:30', 1),
(2003, 56, 15, 3, 165, 11, '2024-12-07', '2024-12-07 08:21:30', 1),
(2004, 57, 15, 3, 165, 17, '2024-12-07', '2024-12-07 08:21:30', 1),
(2005, 58, 15, 3, 165, 19.66, '2024-12-07', '2024-12-07 08:21:30', 1),
(2006, 59, 15, 3, 165, 17.66, '2024-12-07', '2024-12-07 08:21:30', 1),
(2007, 60, 15, 3, 165, 11.66, '2024-12-07', '2024-12-07 08:21:30', 1),
(2008, 61, 15, 3, 165, 18.33, '2024-12-07', '2024-12-07 08:21:30', 1),
(2009, 62, 19, 3, 169, 15.5, '2024-12-07', '2024-12-07 08:25:33', 1),
(2010, 27, 19, 3, 169, 14.5, '2024-12-07', '2024-12-07 08:25:34', 1),
(2011, 28, 19, 3, 169, 15.5, '2024-12-07', '2024-12-07 08:25:34', 1),
(2012, 88, 19, 3, 169, 15, '2024-12-07', '2024-12-07 08:25:34', 1),
(2013, 65, 19, 3, 169, 16.5, '2024-12-07', '2024-12-07 08:25:34', 1),
(2014, 31, 19, 3, 169, 16, '2024-12-07', '2024-12-07 08:25:34', 1),
(2015, 32, 19, 3, 169, 16, '2024-12-07', '2024-12-07 08:25:34', 1),
(2016, 33, 19, 3, 169, 13.5, '2024-12-07', '2024-12-07 08:25:34', 1),
(2017, 34, 19, 3, 169, 0, '2024-12-07', '2024-12-07 08:25:34', 1),
(2018, 35, 19, 3, 169, 16.5, '2024-12-07', '2024-12-07 08:25:34', 1),
(2019, 36, 19, 3, 169, 15, '2024-12-07', '2024-12-07 08:25:34', 1),
(2020, 37, 19, 3, 169, 15, '2024-12-07', '2024-12-07 08:25:34', 1),
(2021, 38, 19, 3, 169, 14, '2024-12-07', '2024-12-07 08:25:34', 1),
(2022, 39, 19, 3, 169, 15, '2024-12-07', '2024-12-07 08:25:34', 1),
(2023, 101, 19, 3, 169, 16, '2024-12-07', '2024-12-07 08:25:34', 1),
(2024, 41, 19, 3, 169, 14, '2024-12-07', '2024-12-07 08:25:34', 1),
(2025, 42, 19, 3, 169, 14.5, '2024-12-07', '2024-12-07 08:25:34', 1),
(2026, 43, 19, 3, 169, 15, '2024-12-07', '2024-12-07 08:25:34', 1),
(2027, 44, 19, 3, 169, 14.5, '2024-12-07', '2024-12-07 08:25:34', 1),
(2028, 45, 19, 3, 169, 16.5, '2024-12-07', '2024-12-07 08:25:34', 1),
(2029, 93, 19, 3, 169, 14.5, '2024-12-07', '2024-12-07 08:25:34', 1),
(2030, 47, 19, 3, 169, 15.5, '2024-12-07', '2024-12-07 08:25:34', 1),
(2031, 48, 19, 3, 169, 16.5, '2024-12-07', '2024-12-07 08:25:34', 1),
(2032, 49, 19, 3, 169, 14, '2024-12-07', '2024-12-07 08:25:34', 1),
(2033, 50, 19, 3, 169, 14.5, '2024-12-07', '2024-12-07 08:25:34', 1),
(2034, 51, 19, 3, 169, 13, '2024-12-07', '2024-12-07 08:25:34', 1),
(2035, 52, 19, 3, 169, 14.5, '2024-12-07', '2024-12-07 08:25:34', 1),
(2036, 53, 19, 3, 169, 16.5, '2024-12-07', '2024-12-07 08:25:34', 1),
(2037, 54, 19, 3, 169, 14, '2024-12-07', '2024-12-07 08:25:34', 1),
(2038, 55, 19, 3, 169, 13.5, '2024-12-07', '2024-12-07 08:25:34', 1),
(2039, 56, 19, 3, 169, 0, '2024-12-07', '2024-12-07 08:25:34', 1),
(2040, 57, 19, 3, 169, 16.5, '2024-12-07', '2024-12-07 08:25:34', 1),
(2041, 58, 19, 3, 169, 14, '2024-12-07', '2024-12-07 08:25:34', 1),
(2042, 59, 19, 3, 169, 15.5, '2024-12-07', '2024-12-07 08:25:34', 1),
(2043, 60, 19, 3, 169, 15, '2024-12-07', '2024-12-07 08:25:34', 1),
(2044, 61, 19, 3, 169, 15, '2024-12-07', '2024-12-07 08:25:34', 1),
(2045, 3, 1, 3, 170, 5, '2024-12-07', '2024-12-07 08:31:51', 1),
(2046, 4, 1, 3, 170, 6.5, '2024-12-07', '2024-12-07 08:31:51', 1),
(2047, 5, 1, 3, 170, 11, '2024-12-07', '2024-12-07 08:31:51', 1),
(2048, 6, 1, 3, 170, 10, '2024-12-07', '2024-12-07 08:31:51', 1),
(2049, 7, 1, 3, 170, 11.5, '2024-12-07', '2024-12-07 08:31:51', 1),
(2050, 8, 1, 3, 170, 3, '2024-12-07', '2024-12-07 08:31:51', 1),
(2051, 9, 1, 3, 170, 14, '2024-12-07', '2024-12-07 08:31:51', 1),
(2052, 10, 1, 3, 170, 17, '2024-12-07', '2024-12-07 08:31:51', 1),
(2053, 12, 1, 3, 170, 7.75, '2024-12-07', '2024-12-07 08:31:51', 1),
(2054, 11, 1, 3, 170, 19.25, '2024-12-07', '2024-12-07 08:31:51', 1),
(2055, 13, 1, 3, 170, 12.5, '2024-12-07', '2024-12-07 08:31:51', 1),
(2056, 14, 1, 3, 170, 6.5, '2024-12-07', '2024-12-07 08:31:51', 1),
(2057, 25, 1, 3, 170, 20, '2024-12-07', '2024-12-07 08:31:51', 1),
(2058, 15, 1, 3, 170, 13.5, '2024-12-07', '2024-12-07 08:31:51', 1),
(2059, 16, 1, 3, 170, 12.75, '2024-12-07', '2024-12-07 08:31:51', 1),
(2060, 17, 1, 3, 170, 5, '2024-12-07', '2024-12-07 08:31:51', 1),
(2061, 18, 1, 3, 170, 19.5, '2024-12-07', '2024-12-07 08:31:51', 1),
(2062, 19, 1, 3, 170, 7.5, '2024-12-07', '2024-12-07 08:31:51', 1),
(2063, 1, 1, 3, 170, 4.5, '2024-12-07', '2024-12-07 08:31:51', 1),
(2064, 20, 1, 3, 170, 7.5, '2024-12-07', '2024-12-07 08:31:51', 1),
(2065, 21, 1, 3, 170, 14, '2024-12-07', '2024-12-07 08:31:51', 1),
(2066, 22, 1, 3, 170, 10.5, '2024-12-07', '2024-12-07 08:31:51', 1),
(2067, 23, 1, 3, 170, 8, '2024-12-07', '2024-12-07 08:31:51', 1),
(2068, 24, 1, 3, 170, 7.25, '2024-12-07', '2024-12-07 08:31:51', 1),
(2069, 3, 2, 3, 171, 12, '2024-12-07', '2024-12-07 08:33:55', 1),
(2070, 4, 2, 3, 171, 7, '2024-12-07', '2024-12-07 08:33:55', 1),
(2071, 5, 2, 3, 171, 7, '2024-12-07', '2024-12-07 08:33:55', 1),
(2072, 6, 2, 3, 171, 7, '2024-12-07', '2024-12-07 08:33:55', 1),
(2073, 7, 2, 3, 171, 8.5, '2024-12-07', '2024-12-07 08:33:55', 1),
(2074, 8, 2, 3, 171, 7, '2024-12-07', '2024-12-07 08:33:55', 1),
(2075, 9, 2, 3, 171, 16.5, '2024-12-07', '2024-12-07 08:33:55', 1),
(2076, 10, 2, 3, 171, 12.5, '2024-12-07', '2024-12-07 08:33:55', 1),
(2077, 12, 2, 3, 171, 10.5, '2024-12-07', '2024-12-07 08:33:55', 1),
(2078, 11, 2, 3, 171, 15, '2024-12-07', '2024-12-07 08:33:55', 1),
(2079, 13, 2, 3, 171, 12, '2024-12-07', '2024-12-07 08:33:55', 1),
(2080, 14, 2, 3, 171, 9, '2024-12-07', '2024-12-07 08:33:55', 1),
(2081, 25, 2, 3, 171, 19, '2024-12-07', '2024-12-07 08:33:55', 1),
(2082, 15, 2, 3, 171, 10.5, '2024-12-07', '2024-12-07 08:33:55', 1),
(2083, 16, 2, 3, 171, 12.5, '2024-12-07', '2024-12-07 08:33:55', 1),
(2084, 17, 2, 3, 171, 5.5, '2024-12-07', '2024-12-07 08:33:55', 1),
(2085, 18, 2, 3, 171, 19, '2024-12-07', '2024-12-07 08:33:55', 1),
(2086, 19, 2, 3, 171, 12.5, '2024-12-07', '2024-12-07 08:33:55', 1),
(2087, 1, 2, 3, 171, 12, '2024-12-07', '2024-12-07 08:33:55', 1),
(2088, 20, 2, 3, 171, 11, '2024-12-07', '2024-12-07 08:33:55', 1),
(2089, 21, 2, 3, 171, 14.5, '2024-12-07', '2024-12-07 08:33:55', 1),
(2090, 22, 2, 3, 171, 14.25, '2024-12-07', '2024-12-07 08:33:55', 1),
(2091, 23, 2, 3, 171, 3, '2024-12-07', '2024-12-07 08:33:55', 1),
(2092, 24, 2, 3, 171, 0, '2024-12-07', '2024-12-07 08:33:55', 1),
(2093, 3, 3, 3, 172, 7, '2024-12-07', '2024-12-07 08:35:51', 1),
(2094, 4, 3, 3, 172, 19.5, '2024-12-07', '2024-12-07 08:35:51', 1),
(2095, 5, 3, 3, 172, 9.5, '2024-12-07', '2024-12-07 08:35:51', 1),
(2096, 6, 3, 3, 172, 10, '2024-12-07', '2024-12-07 08:35:51', 1),
(2097, 7, 3, 3, 172, 18, '2024-12-07', '2024-12-07 08:35:51', 1),
(2098, 8, 3, 3, 172, 6.5, '2024-12-07', '2024-12-07 08:35:51', 1),
(2099, 9, 3, 3, 172, 13.5, '2024-12-07', '2024-12-07 08:35:51', 1),
(2100, 10, 3, 3, 172, 11.5, '2024-12-07', '2024-12-07 08:35:51', 1),
(2101, 12, 3, 3, 172, 8, '2024-12-07', '2024-12-07 08:35:51', 1),
(2102, 11, 3, 3, 172, 14.5, '2024-12-07', '2024-12-07 08:35:51', 1),
(2103, 13, 3, 3, 172, 8, '2024-12-07', '2024-12-07 08:35:51', 1),
(2104, 14, 3, 3, 172, 9, '2024-12-07', '2024-12-07 08:35:51', 1),
(2105, 25, 3, 3, 172, 8.5, '2024-12-07', '2024-12-07 08:35:51', 1),
(2106, 15, 3, 3, 172, 17, '2024-12-07', '2024-12-07 08:35:51', 1),
(2107, 16, 3, 3, 172, 12.5, '2024-12-07', '2024-12-07 08:35:51', 1),
(2108, 17, 3, 3, 172, 8.5, '2024-12-07', '2024-12-07 08:35:51', 1),
(2109, 18, 3, 3, 172, 16, '2024-12-07', '2024-12-07 08:35:51', 1),
(2110, 19, 3, 3, 172, 5.5, '2024-12-07', '2024-12-07 08:35:51', 1),
(2111, 1, 3, 3, 172, 9, '2024-12-07', '2024-12-07 08:35:51', 1),
(2112, 20, 3, 3, 172, 10.5, '2024-12-07', '2024-12-07 08:35:51', 1),
(2113, 21, 3, 3, 172, 15, '2024-12-07', '2024-12-07 08:35:51', 1),
(2114, 22, 3, 3, 172, 12, '2024-12-07', '2024-12-07 08:35:51', 1),
(2115, 23, 3, 3, 172, 15.5, '2024-12-07', '2024-12-07 08:35:51', 1),
(2116, 24, 3, 3, 172, 8, '2024-12-07', '2024-12-07 08:35:51', 1),
(2117, 3, 4, 3, 173, 16.5, '2024-12-07', '2024-12-07 08:37:45', 1),
(2118, 4, 4, 3, 173, 17.5, '2024-12-07', '2024-12-07 08:37:45', 1),
(2119, 5, 4, 3, 173, 18, '2024-12-07', '2024-12-07 08:37:45', 1),
(2120, 6, 4, 3, 173, 17.5, '2024-12-07', '2024-12-07 08:37:45', 1),
(2121, 7, 4, 3, 173, 18, '2024-12-07', '2024-12-07 08:37:45', 1),
(2122, 8, 4, 3, 173, 13, '2024-12-07', '2024-12-07 08:37:45', 1),
(2123, 9, 4, 3, 173, 18, '2024-12-07', '2024-12-07 08:37:45', 1),
(2124, 10, 4, 3, 173, 18, '2024-12-07', '2024-12-07 08:37:45', 1),
(2125, 12, 4, 3, 173, 17, '2024-12-07', '2024-12-07 08:37:45', 1),
(2126, 11, 4, 3, 173, 18, '2024-12-07', '2024-12-07 08:37:45', 1),
(2127, 13, 4, 3, 173, 16.5, '2024-12-07', '2024-12-07 08:37:45', 1),
(2128, 14, 4, 3, 173, 16.5, '2024-12-07', '2024-12-07 08:37:45', 1),
(2129, 25, 4, 3, 173, 18, '2024-12-07', '2024-12-07 08:37:45', 1),
(2130, 15, 4, 3, 173, 15.5, '2024-12-07', '2024-12-07 08:37:45', 1),
(2131, 16, 4, 3, 173, 13, '2024-12-07', '2024-12-07 08:37:45', 1),
(2132, 17, 4, 3, 173, 13.5, '2024-12-07', '2024-12-07 08:37:45', 1),
(2133, 18, 4, 3, 173, 19, '2024-12-07', '2024-12-07 08:37:45', 1),
(2134, 19, 4, 3, 173, 16.5, '2024-12-07', '2024-12-07 08:37:45', 1),
(2135, 1, 4, 3, 173, 17, '2024-12-07', '2024-12-07 08:37:45', 1),
(2136, 20, 4, 3, 173, 15.5, '2024-12-07', '2024-12-07 08:37:45', 1),
(2137, 21, 4, 3, 173, 17, '2024-12-07', '2024-12-07 08:37:45', 1),
(2138, 22, 4, 3, 173, 17, '2024-12-07', '2024-12-07 08:37:45', 1),
(2139, 23, 4, 3, 173, 16, '2024-12-07', '2024-12-07 08:37:45', 1),
(2140, 24, 4, 3, 173, 15.5, '2024-12-07', '2024-12-07 08:37:45', 1),
(2141, 3, 5, 3, 174, 8.66, '2024-12-07', '2024-12-07 08:37:55', 1),
(2142, 4, 5, 3, 174, 18.16, '2024-12-07', '2024-12-07 08:37:55', 1),
(2143, 5, 5, 3, 174, 14.33, '2024-12-07', '2024-12-07 08:37:55', 1),
(2144, 6, 5, 3, 174, 12.16, '2024-12-07', '2024-12-07 08:37:55', 1),
(2145, 7, 5, 3, 174, 11.5, '2024-12-07', '2024-12-07 08:37:55', 1),
(2146, 8, 5, 3, 174, 10, '2024-12-07', '2024-12-07 08:37:55', 1),
(2147, 9, 5, 3, 174, 17.5, '2024-12-07', '2024-12-07 08:37:55', 1),
(2148, 10, 5, 3, 174, 11.16, '2024-12-07', '2024-12-07 08:37:55', 1),
(2149, 12, 5, 3, 174, 8.66, '2024-12-07', '2024-12-07 08:37:55', 1),
(2150, 11, 5, 3, 174, 13.66, '2024-12-07', '2024-12-07 08:37:55', 1),
(2151, 13, 5, 3, 174, 8.66, '2024-12-07', '2024-12-07 08:37:55', 1),
(2152, 14, 5, 3, 174, 9.66, '2024-12-07', '2024-12-07 08:37:55', 1),
(2153, 25, 5, 3, 174, 16.5, '2024-12-07', '2024-12-07 08:37:55', 1),
(2154, 15, 5, 3, 174, 13.16, '2024-12-07', '2024-12-07 08:37:55', 1),
(2155, 16, 5, 3, 174, 11.33, '2024-12-07', '2024-12-07 08:37:55', 1),
(2156, 17, 5, 3, 174, 9.16, '2024-12-07', '2024-12-07 08:37:55', 1),
(2157, 18, 5, 3, 174, 19.16, '2024-12-07', '2024-12-07 08:37:55', 1),
(2158, 19, 5, 3, 174, 7.5, '2024-12-07', '2024-12-07 08:37:55', 1),
(2159, 1, 5, 3, 174, 10.6, '2024-12-07', '2024-12-07 08:37:55', 1),
(2160, 20, 5, 3, 174, 13.66, '2024-12-07', '2024-12-07 08:37:55', 1),
(2161, 21, 5, 3, 174, 16.5, '2024-12-07', '2024-12-07 08:37:55', 1),
(2162, 22, 5, 3, 174, 8, '2024-12-07', '2024-12-07 08:37:55', 1),
(2163, 23, 5, 3, 174, 10.5, '2024-12-07', '2024-12-07 08:37:55', 1),
(2164, 24, 5, 3, 174, 10.5, '2024-12-07', '2024-12-07 08:37:55', 1),
(2165, 3, 6, 3, 175, 10, '2024-12-07', '2024-12-07 08:42:56', 1),
(2166, 4, 6, 3, 175, 13.25, '2024-12-07', '2024-12-07 08:42:56', 1),
(2167, 5, 6, 3, 175, 7.25, '2024-12-07', '2024-12-07 08:42:56', 1),
(2168, 6, 6, 3, 175, 12, '2024-12-07', '2024-12-07 08:42:56', 1),
(2169, 7, 6, 3, 175, 17, '2024-12-07', '2024-12-07 08:42:56', 1),
(2170, 8, 6, 3, 175, 10.75, '2024-12-07', '2024-12-07 08:42:56', 1),
(2171, 9, 6, 3, 175, 16.5, '2024-12-07', '2024-12-07 08:42:56', 1),
(2172, 10, 6, 3, 175, 12.5, '2024-12-07', '2024-12-07 08:42:56', 1),
(2173, 12, 6, 3, 175, 5.75, '2024-12-07', '2024-12-07 08:42:56', 1),
(2174, 11, 6, 3, 175, 14.25, '2024-12-07', '2024-12-07 08:42:56', 1),
(2175, 13, 6, 3, 175, 13, '2024-12-07', '2024-12-07 08:42:56', 1),
(2176, 14, 6, 3, 175, 7.5, '2024-12-07', '2024-12-07 08:42:56', 1),
(2177, 25, 6, 3, 175, 18.75, '2024-12-07', '2024-12-07 08:42:56', 1),
(2178, 15, 6, 3, 175, 11.75, '2024-12-07', '2024-12-07 08:42:56', 1),
(2179, 16, 6, 3, 175, 10.75, '2024-12-07', '2024-12-07 08:42:56', 1),
(2180, 17, 6, 3, 175, 6.5, '2024-12-07', '2024-12-07 08:42:56', 1),
(2181, 18, 6, 3, 175, 19.25, '2024-12-07', '2024-12-07 08:42:56', 1),
(2182, 19, 6, 3, 175, 11, '2024-12-07', '2024-12-07 08:42:56', 1),
(2183, 1, 6, 3, 175, 7.75, '2024-12-07', '2024-12-07 08:42:56', 1),
(2184, 20, 6, 3, 175, 11.25, '2024-12-07', '2024-12-07 08:42:56', 1),
(2185, 21, 6, 3, 175, 14.75, '2024-12-07', '2024-12-07 08:42:56', 1),
(2186, 22, 6, 3, 175, 13.75, '2024-12-07', '2024-12-07 08:42:56', 1),
(2187, 23, 6, 3, 175, 12.75, '2024-12-07', '2024-12-07 08:42:56', 1),
(2188, 24, 6, 3, 175, 12, '2024-12-07', '2024-12-07 08:42:56', 1),
(2189, 3, 7, 3, 176, 8.5, '2024-12-07', '2024-12-07 08:44:43', 1),
(2190, 4, 7, 3, 176, 16.5, '2024-12-07', '2024-12-07 08:44:43', 1),
(2191, 5, 7, 3, 176, 15.5, '2024-12-07', '2024-12-07 08:44:43', 1),
(2192, 6, 7, 3, 176, 11, '2024-12-07', '2024-12-07 08:44:43', 1),
(2193, 7, 7, 3, 176, 10.5, '2024-12-07', '2024-12-07 08:44:43', 1),
(2194, 8, 7, 3, 176, 13, '2024-12-07', '2024-12-07 08:44:43', 1),
(2195, 9, 7, 3, 176, 18.5, '2024-12-07', '2024-12-07 08:44:43', 1),
(2196, 10, 7, 3, 176, 16, '2024-12-07', '2024-12-07 08:44:43', 1),
(2197, 12, 7, 3, 176, 12, '2024-12-07', '2024-12-07 08:44:43', 1),
(2198, 11, 7, 3, 176, 13.5, '2024-12-07', '2024-12-07 08:44:43', 1),
(2199, 13, 7, 3, 176, 10.5, '2024-12-07', '2024-12-07 08:44:43', 1),
(2200, 14, 7, 3, 176, 7, '2024-12-07', '2024-12-07 08:44:43', 1),
(2201, 25, 7, 3, 176, 19, '2024-12-07', '2024-12-07 08:44:44', 1),
(2202, 15, 7, 3, 176, 15.5, '2024-12-07', '2024-12-07 08:44:44', 1),
(2203, 16, 7, 3, 176, 12.8, '2024-12-07', '2024-12-07 08:44:44', 1),
(2204, 17, 7, 3, 176, 5, '2024-12-07', '2024-12-07 08:44:44', 1),
(2205, 18, 7, 3, 176, 18.5, '2024-12-07', '2024-12-07 08:44:44', 1),
(2206, 19, 7, 3, 176, 12, '2024-12-07', '2024-12-07 08:44:44', 1),
(2207, 1, 7, 3, 176, 11.5, '2024-12-07', '2024-12-07 08:44:44', 1),
(2208, 20, 7, 3, 176, 9, '2024-12-07', '2024-12-07 08:44:44', 1),
(2209, 21, 7, 3, 176, 17, '2024-12-07', '2024-12-07 08:44:44', 1),
(2210, 22, 7, 3, 176, 16, '2024-12-07', '2024-12-07 08:44:44', 1),
(2211, 23, 7, 3, 176, 13, '2024-12-07', '2024-12-07 08:44:44', 1),
(2212, 24, 7, 3, 176, 16.5, '2024-12-07', '2024-12-07 08:44:44', 1),
(2213, 3, 8, 3, 177, 14.5, '2024-12-07', '2024-12-07 08:47:17', 1),
(2214, 4, 8, 3, 177, 16.8, '2024-12-07', '2024-12-07 08:47:17', 1),
(2215, 5, 8, 3, 177, 14, '2024-12-07', '2024-12-07 08:47:17', 1),
(2216, 6, 8, 3, 177, 15, '2024-12-07', '2024-12-07 08:47:17', 1),
(2217, 7, 8, 3, 177, 14, '2024-12-07', '2024-12-07 08:47:17', 1),
(2218, 8, 8, 3, 177, 15.5, '2024-12-07', '2024-12-07 08:47:17', 1),
(2219, 9, 8, 3, 177, 14, '2024-12-07', '2024-12-07 08:47:17', 1),
(2220, 10, 8, 3, 177, 14.5, '2024-12-07', '2024-12-07 08:47:17', 1),
(2221, 12, 8, 3, 177, 16, '2024-12-07', '2024-12-07 08:47:17', 1),
(2222, 11, 8, 3, 177, 14.5, '2024-12-07', '2024-12-07 08:47:17', 1),
(2223, 13, 8, 3, 177, 16, '2024-12-07', '2024-12-07 08:47:17', 1),
(2224, 14, 8, 3, 177, 16.5, '2024-12-07', '2024-12-07 08:47:17', 1),
(2225, 25, 8, 3, 177, 14.5, '2024-12-07', '2024-12-07 08:47:17', 1),
(2226, 15, 8, 3, 177, 14, '2024-12-07', '2024-12-07 08:47:17', 1),
(2227, 16, 8, 3, 177, 14.5, '2024-12-07', '2024-12-07 08:47:17', 1),
(2228, 17, 8, 3, 177, 16, '2024-12-07', '2024-12-07 08:47:17', 1),
(2229, 18, 8, 3, 177, 14.5, '2024-12-07', '2024-12-07 08:47:17', 1),
(2230, 19, 8, 3, 177, 0, '2024-12-07', '2024-12-07 08:47:18', 1),
(2231, 1, 8, 3, 177, 16.5, '2024-12-07', '2024-12-07 08:47:18', 1),
(2232, 20, 8, 3, 177, 15, '2024-12-07', '2024-12-07 08:47:18', 1),
(2233, 21, 8, 3, 177, 15, '2024-12-07', '2024-12-07 08:47:18', 1),
(2234, 22, 8, 3, 177, 16.5, '2024-12-07', '2024-12-07 08:47:18', 1),
(2235, 23, 8, 3, 177, 13.5, '2024-12-07', '2024-12-07 08:47:18', 1),
(2236, 24, 8, 3, 177, 16.5, '2024-12-07', '2024-12-07 08:47:18', 1),
(2237, 3, 124, 3, 179, 11.25, '2024-12-07', '2024-12-07 08:53:25', 1),
(2238, 4, 124, 3, 179, 16.5, '2024-12-07', '2024-12-07 08:53:25', 1),
(2239, 5, 124, 3, 179, 10.5, '2024-12-07', '2024-12-07 08:53:25', 1),
(2240, 6, 124, 3, 179, 12, '2024-12-07', '2024-12-07 08:53:25', 1),
(2241, 7, 124, 3, 179, 16.5, '2024-12-07', '2024-12-07 08:53:25', 1),
(2242, 8, 124, 3, 179, 14, '2024-12-07', '2024-12-07 08:53:25', 1),
(2243, 9, 124, 3, 179, 16.5, '2024-12-07', '2024-12-07 08:53:25', 1),
(2244, 10, 124, 3, 179, 14.5, '2024-12-07', '2024-12-07 08:53:25', 1),
(2245, 12, 124, 3, 179, 13.5, '2024-12-07', '2024-12-07 08:53:25', 1),
(2246, 11, 124, 3, 179, 17, '2024-12-07', '2024-12-07 08:53:25', 1),
(2247, 13, 124, 3, 179, 14, '2024-12-07', '2024-12-07 08:53:25', 1),
(2248, 14, 124, 3, 179, 15, '2024-12-07', '2024-12-07 08:53:25', 1),
(2249, 25, 124, 3, 179, 16.75, '2024-12-07', '2024-12-07 08:53:25', 1),
(2250, 15, 124, 3, 179, 15, '2024-12-07', '2024-12-07 08:53:25', 1),
(2251, 16, 124, 3, 179, 12, '2024-12-07', '2024-12-07 08:53:25', 1),
(2252, 17, 124, 3, 179, 16.25, '2024-12-07', '2024-12-07 08:53:25', 1),
(2253, 18, 124, 3, 179, 18, '2024-12-07', '2024-12-07 08:53:25', 1),
(2254, 19, 124, 3, 179, 11.75, '2024-12-07', '2024-12-07 08:53:25', 1),
(2255, 1, 124, 3, 179, 8.5, '2024-12-07', '2024-12-07 08:53:25', 1),
(2256, 20, 124, 3, 179, 12, '2024-12-07', '2024-12-07 08:53:25', 1),
(2257, 21, 124, 3, 179, 15, '2024-12-07', '2024-12-07 08:53:25', 1),
(2258, 22, 124, 3, 179, 15, '2024-12-07', '2024-12-07 08:53:25', 1),
(2259, 23, 124, 3, 179, 13.5, '2024-12-07', '2024-12-07 08:53:25', 1),
(2260, 24, 124, 3, 179, 13.5, '2024-12-07', '2024-12-07 08:53:25', 1),
(2261, 3, 2, 2, 181, 10, '2024-12-07', '2024-12-07 08:58:16', 1),
(2262, 4, 2, 2, 181, 10, '2024-12-07', '2024-12-07 08:58:16', 1),
(2263, 5, 2, 2, 181, 11, '2024-12-07', '2024-12-07 08:58:16', 1),
(2264, 6, 2, 2, 181, 13, '2024-12-07', '2024-12-07 08:58:16', 1),
(2265, 7, 2, 2, 181, 13, '2024-12-07', '2024-12-07 08:58:16', 1),
(2266, 8, 2, 2, 181, 8, '2024-12-07', '2024-12-07 08:58:16', 1),
(2267, 9, 2, 2, 181, 12, '2024-12-07', '2024-12-07 08:58:16', 1),
(2268, 10, 2, 2, 181, 11, '2024-12-07', '2024-12-07 08:58:16', 1),
(2269, 12, 2, 2, 181, 12, '2024-12-07', '2024-12-07 08:58:16', 1),
(2270, 11, 2, 2, 181, 11, '2024-12-07', '2024-12-07 08:58:16', 1),
(2271, 13, 2, 2, 181, 9, '2024-12-07', '2024-12-07 08:58:16', 1),
(2272, 14, 2, 2, 181, 8, '2024-12-07', '2024-12-07 08:58:16', 1),
(2273, 25, 2, 2, 181, 12, '2024-12-07', '2024-12-07 08:58:16', 1),
(2274, 15, 2, 2, 181, 10, '2024-12-07', '2024-12-07 08:58:16', 1),
(2275, 16, 2, 2, 181, 7, '2024-12-07', '2024-12-07 08:58:16', 1),
(2276, 17, 2, 2, 181, 3, '2024-12-07', '2024-12-07 08:58:16', 1),
(2277, 18, 2, 2, 181, 12, '2024-12-07', '2024-12-07 08:58:16', 1),
(2278, 19, 2, 2, 181, 6, '2024-12-07', '2024-12-07 08:58:16', 1),
(2279, 1, 2, 2, 181, 7, '2024-12-07', '2024-12-07 08:58:16', 1),
(2280, 20, 2, 2, 181, 10, '2024-12-07', '2024-12-07 08:58:16', 1),
(2281, 21, 2, 2, 181, 15, '2024-12-07', '2024-12-07 08:58:16', 1),
(2282, 22, 2, 2, 181, 8, '2024-12-07', '2024-12-07 08:58:16', 1),
(2283, 23, 2, 2, 181, 9, '2024-12-07', '2024-12-07 08:58:16', 1),
(2284, 24, 2, 2, 181, 6, '2024-12-07', '2024-12-07 08:58:16', 1),
(2285, 3, 3, 2, 182, 11, '2024-12-07', '2024-12-07 09:00:02', 1),
(2286, 4, 3, 2, 182, 10.5, '2024-12-07', '2024-12-07 09:00:02', 1),
(2287, 5, 3, 2, 182, 11.25, '2024-12-07', '2024-12-07 09:00:02', 1),
(2288, 6, 3, 2, 182, 16.75, '2024-12-07', '2024-12-07 09:00:02', 1),
(2289, 7, 3, 2, 182, 11.5, '2024-12-07', '2024-12-07 09:00:02', 1),
(2290, 8, 3, 2, 182, 13, '2024-12-07', '2024-12-07 09:00:02', 1),
(2291, 9, 3, 2, 182, 16.5, '2024-12-07', '2024-12-07 09:00:02', 1),
(2292, 10, 3, 2, 182, 14.5, '2024-12-07', '2024-12-07 09:00:02', 1),
(2293, 12, 3, 2, 182, 16, '2024-12-07', '2024-12-07 09:00:02', 1),
(2294, 11, 3, 2, 182, 12.25, '2024-12-07', '2024-12-07 09:00:02', 1),
(2295, 13, 3, 2, 182, 14, '2024-12-07', '2024-12-07 09:00:02', 1),
(2296, 14, 3, 2, 182, 15.25, '2024-12-07', '2024-12-07 09:00:02', 1),
(2297, 25, 3, 2, 182, 18, '2024-12-07', '2024-12-07 09:00:02', 1),
(2298, 15, 3, 2, 182, 14, '2024-12-07', '2024-12-07 09:00:02', 1),
(2299, 16, 3, 2, 182, 12.75, '2024-12-07', '2024-12-07 09:00:02', 1),
(2300, 17, 3, 2, 182, 13, '2024-12-07', '2024-12-07 09:00:02', 1),
(2301, 18, 3, 2, 182, 17.5, '2024-12-07', '2024-12-07 09:00:02', 1),
(2302, 19, 3, 2, 182, 11, '2024-12-07', '2024-12-07 09:00:02', 1),
(2303, 1, 3, 2, 182, 10.75, '2024-12-07', '2024-12-07 09:00:02', 1),
(2304, 20, 3, 2, 182, 13.25, '2024-12-07', '2024-12-07 09:00:02', 1),
(2305, 21, 3, 2, 182, 14.25, '2024-12-07', '2024-12-07 09:00:02', 1),
(2306, 22, 3, 2, 182, 15, '2024-12-07', '2024-12-07 09:00:02', 1),
(2307, 23, 3, 2, 182, 11.75, '2024-12-07', '2024-12-07 09:00:02', 1),
(2308, 24, 3, 2, 182, 10, '2024-12-07', '2024-12-07 09:00:02', 1),
(2309, 3, 4, 2, 183, 9, '2024-12-07', '2024-12-07 09:04:39', 1),
(2310, 4, 4, 2, 183, 9, '2024-12-07', '2024-12-07 09:04:39', 1),
(2311, 5, 4, 2, 183, 11, '2024-12-07', '2024-12-07 09:04:39', 1),
(2312, 6, 4, 2, 183, 9, '2024-12-07', '2024-12-07 09:04:39', 1),
(2313, 7, 4, 2, 183, 17, '2024-12-07', '2024-12-07 09:04:39', 1),
(2314, 8, 4, 2, 183, 8, '2024-12-07', '2024-12-07 09:04:39', 1),
(2315, 9, 4, 2, 183, 16, '2024-12-07', '2024-12-07 09:04:39', 1),
(2316, 10, 4, 2, 183, 17, '2024-12-07', '2024-12-07 09:04:39', 1),
(2317, 12, 4, 2, 183, 17, '2024-12-07', '2024-12-07 09:04:39', 1),
(2318, 11, 4, 2, 183, 12, '2024-12-07', '2024-12-07 09:04:39', 1),
(2319, 13, 4, 2, 183, 14, '2024-12-07', '2024-12-07 09:04:39', 1),
(2320, 14, 4, 2, 183, 10, '2024-12-07', '2024-12-07 09:04:39', 1),
(2321, 25, 4, 2, 183, 14, '2024-12-07', '2024-12-07 09:04:39', 1),
(2322, 15, 4, 2, 183, 18, '2024-12-07', '2024-12-07 09:04:39', 1),
(2323, 16, 4, 2, 183, 8, '2024-12-07', '2024-12-07 09:04:39', 1),
(2324, 17, 4, 2, 183, 5, '2024-12-07', '2024-12-07 09:04:39', 1),
(2325, 18, 4, 2, 183, 18, '2024-12-07', '2024-12-07 09:04:39', 1),
(2326, 19, 4, 2, 183, 7, '2024-12-07', '2024-12-07 09:04:39', 1),
(2327, 1, 4, 2, 183, 8, '2024-12-07', '2024-12-07 09:04:39', 1),
(2328, 20, 4, 2, 183, 9, '2024-12-07', '2024-12-07 09:04:39', 1),
(2329, 21, 4, 2, 183, 18, '2024-12-07', '2024-12-07 09:04:39', 1),
(2330, 22, 4, 2, 183, 15.5, '2024-12-07', '2024-12-07 09:04:39', 1),
(2331, 23, 4, 2, 183, 9, '2024-12-07', '2024-12-07 09:04:39', 1),
(2332, 24, 4, 2, 183, 10, '2024-12-07', '2024-12-07 09:04:39', 1),
(2333, 3, 5, 2, 184, 9, '2024-12-07', '2024-12-07 09:08:28', 1),
(2334, 4, 5, 2, 184, 16, '2024-12-07', '2024-12-07 09:08:28', 1),
(2335, 5, 5, 2, 184, 15, '2024-12-07', '2024-12-07 09:08:28', 1),
(2336, 6, 5, 2, 184, 6, '2024-12-07', '2024-12-07 09:08:28', 1),
(2337, 7, 5, 2, 184, 14, '2024-12-07', '2024-12-07 09:08:28', 1),
(2338, 8, 5, 2, 184, 14, '2024-12-07', '2024-12-07 09:08:28', 1),
(2339, 9, 5, 2, 184, 16, '2024-12-07', '2024-12-07 09:08:28', 1),
(2340, 10, 5, 2, 184, 11, '2024-12-07', '2024-12-07 09:08:28', 1),
(2341, 12, 5, 2, 184, 13, '2024-12-07', '2024-12-07 09:08:28', 1),
(2342, 11, 5, 2, 184, 12, '2024-12-07', '2024-12-07 09:08:28', 1),
(2343, 13, 5, 2, 184, 8, '2024-12-07', '2024-12-07 09:08:28', 1),
(2344, 14, 5, 2, 184, 8, '2024-12-07', '2024-12-07 09:08:28', 1),
(2345, 25, 5, 2, 184, 13, '2024-12-07', '2024-12-07 09:08:28', 1),
(2346, 15, 5, 2, 184, 14, '2024-12-07', '2024-12-07 09:08:28', 1),
(2347, 16, 5, 2, 184, 12, '2024-12-07', '2024-12-07 09:08:28', 1),
(2348, 17, 5, 2, 184, 4, '2024-12-07', '2024-12-07 09:08:28', 1),
(2349, 18, 5, 2, 184, 18, '2024-12-07', '2024-12-07 09:08:28', 1),
(2350, 19, 5, 2, 184, 14, '2024-12-07', '2024-12-07 09:08:28', 1),
(2351, 1, 5, 2, 184, 8, '2024-12-07', '2024-12-07 09:08:28', 1),
(2352, 20, 5, 2, 184, 7, '2024-12-07', '2024-12-07 09:08:28', 1),
(2353, 21, 5, 2, 184, 16, '2024-12-07', '2024-12-07 09:08:28', 1),
(2354, 22, 5, 2, 184, 10, '2024-12-07', '2024-12-07 09:08:28', 1),
(2355, 23, 5, 2, 184, 14, '2024-12-07', '2024-12-07 09:08:28', 1),
(2356, 24, 5, 2, 184, 9, '2024-12-07', '2024-12-07 09:08:28', 1),
(2357, 3, 6, 2, 185, 14, '2024-12-07', '2024-12-07 09:09:45', 1),
(2358, 4, 6, 2, 185, 10, '2024-12-07', '2024-12-07 09:09:45', 1),
(2359, 5, 6, 2, 185, 15, '2024-12-07', '2024-12-07 09:09:45', 1),
(2360, 6, 6, 2, 185, 14, '2024-12-07', '2024-12-07 09:09:45', 1),
(2361, 7, 6, 2, 185, 18, '2024-12-07', '2024-12-07 09:09:45', 1),
(2362, 8, 6, 2, 185, 14, '2024-12-07', '2024-12-07 09:09:45', 1),
(2363, 9, 6, 2, 185, 16, '2024-12-07', '2024-12-07 09:09:45', 1),
(2364, 10, 6, 2, 185, 15.5, '2024-12-07', '2024-12-07 09:09:45', 1),
(2365, 12, 6, 2, 185, 12, '2024-12-07', '2024-12-07 09:09:45', 1),
(2366, 11, 6, 2, 185, 18, '2024-12-07', '2024-12-07 09:09:45', 1),
(2367, 13, 6, 2, 185, 15, '2024-12-07', '2024-12-07 09:09:45', 1),
(2368, 14, 6, 2, 185, 16, '2024-12-07', '2024-12-07 09:09:45', 1),
(2369, 25, 6, 2, 185, 17, '2024-12-07', '2024-12-07 09:09:45', 1),
(2370, 15, 6, 2, 185, 18, '2024-12-07', '2024-12-07 09:09:45', 1),
(2371, 16, 6, 2, 185, 15, '2024-12-07', '2024-12-07 09:09:45', 1),
(2372, 17, 6, 2, 185, 7, '2024-12-07', '2024-12-07 09:09:45', 1),
(2373, 18, 6, 2, 185, 20, '2024-12-07', '2024-12-07 09:09:45', 1),
(2374, 19, 6, 2, 185, 15, '2024-12-07', '2024-12-07 09:09:45', 1),
(2375, 1, 6, 2, 185, 11, '2024-12-07', '2024-12-07 09:09:45', 1),
(2376, 20, 6, 2, 185, 15, '2024-12-07', '2024-12-07 09:09:45', 1),
(2377, 21, 6, 2, 185, 17, '2024-12-07', '2024-12-07 09:09:45', 1),
(2378, 22, 6, 2, 185, 14, '2024-12-07', '2024-12-07 09:09:45', 1),
(2379, 23, 6, 2, 185, 16, '2024-12-07', '2024-12-07 09:09:45', 1),
(2380, 24, 6, 2, 185, 16, '2024-12-07', '2024-12-07 09:09:45', 1);
INSERT INTO `notes` (`id`, `eleve_id`, `matiere_id`, `evaluation_id`, `examinations_id`, `note`, `date_evaluation`, `created_at`, `trimestre`) VALUES
(2381, 3, 7, 2, 186, 7, '2024-12-07', '2024-12-07 09:11:26', 1),
(2382, 4, 7, 2, 186, 13, '2024-12-07', '2024-12-07 09:11:26', 1),
(2383, 5, 7, 2, 186, 17, '2024-12-07', '2024-12-07 09:11:26', 1),
(2384, 6, 7, 2, 186, 13, '2024-12-07', '2024-12-07 09:11:26', 1),
(2385, 7, 7, 2, 186, 11, '2024-12-07', '2024-12-07 09:11:26', 1),
(2386, 8, 7, 2, 186, 15, '2024-12-07', '2024-12-07 09:11:26', 1),
(2387, 9, 7, 2, 186, 19, '2024-12-07', '2024-12-07 09:11:26', 1),
(2388, 10, 7, 2, 186, 17, '2024-12-07', '2024-12-07 09:11:26', 1),
(2389, 12, 7, 2, 186, 15, '2024-12-07', '2024-12-07 09:11:26', 1),
(2390, 11, 7, 2, 186, 13, '2024-12-07', '2024-12-07 09:11:26', 1),
(2391, 13, 7, 2, 186, 13, '2024-12-07', '2024-12-07 09:11:26', 1),
(2392, 14, 7, 2, 186, 11, '2024-12-07', '2024-12-07 09:11:26', 1),
(2393, 25, 7, 2, 186, 17, '2024-12-07', '2024-12-07 09:11:26', 1),
(2394, 15, 7, 2, 186, 15, '2024-12-07', '2024-12-07 09:11:26', 1),
(2395, 16, 7, 2, 186, 18, '2024-12-07', '2024-12-07 09:11:26', 1),
(2396, 17, 7, 2, 186, 8, '2024-12-07', '2024-12-07 09:11:26', 1),
(2397, 18, 7, 2, 186, 18, '2024-12-07', '2024-12-07 09:11:26', 1),
(2398, 19, 7, 2, 186, 11, '2024-12-07', '2024-12-07 09:11:26', 1),
(2399, 1, 7, 2, 186, 8, '2024-12-07', '2024-12-07 09:11:26', 1),
(2400, 20, 7, 2, 186, 11, '2024-12-07', '2024-12-07 09:11:26', 1),
(2401, 21, 7, 2, 186, 18, '2024-12-07', '2024-12-07 09:11:26', 1),
(2402, 22, 7, 2, 186, 16, '2024-12-07', '2024-12-07 09:11:26', 1),
(2403, 23, 7, 2, 186, 11, '2024-12-07', '2024-12-07 09:11:26', 1),
(2404, 24, 7, 2, 186, 13, '2024-12-07', '2024-12-07 09:11:26', 1),
(2405, 3, 124, 2, 189, 11.75, '2024-12-07', '2024-12-07 09:13:44', 1),
(2406, 4, 124, 2, 189, 10.5, '2024-12-07', '2024-12-07 09:13:44', 1),
(2407, 5, 124, 2, 189, 11.5, '2024-12-07', '2024-12-07 09:13:44', 1),
(2408, 6, 124, 2, 189, 6.5, '2024-12-07', '2024-12-07 09:13:44', 1),
(2409, 7, 124, 2, 189, 14.5, '2024-12-07', '2024-12-07 09:13:44', 1),
(2410, 8, 124, 2, 189, 9.5, '2024-12-07', '2024-12-07 09:13:44', 1),
(2411, 9, 124, 2, 189, 16, '2024-12-07', '2024-12-07 09:13:44', 1),
(2412, 10, 124, 2, 189, 9, '2024-12-07', '2024-12-07 09:13:44', 1),
(2413, 12, 124, 2, 189, 8.5, '2024-12-07', '2024-12-07 09:13:44', 1),
(2414, 11, 124, 2, 189, 14.5, '2024-12-07', '2024-12-07 09:13:44', 1),
(2415, 13, 124, 2, 189, 9, '2024-12-07', '2024-12-07 09:13:44', 1),
(2416, 14, 124, 2, 189, 10.5, '2024-12-07', '2024-12-07 09:13:44', 1),
(2417, 25, 124, 2, 189, 15.5, '2024-12-07', '2024-12-07 09:13:44', 1),
(2418, 15, 124, 2, 189, 10, '2024-12-07', '2024-12-07 09:13:44', 1),
(2419, 16, 124, 2, 189, 11, '2024-12-07', '2024-12-07 09:13:44', 1),
(2420, 17, 124, 2, 189, 6, '2024-12-07', '2024-12-07 09:13:44', 1),
(2421, 18, 124, 2, 189, 15.5, '2024-12-07', '2024-12-07 09:13:44', 1),
(2422, 19, 124, 2, 189, 13.5, '2024-12-07', '2024-12-07 09:13:44', 1),
(2423, 1, 124, 2, 189, 9, '2024-12-07', '2024-12-07 09:13:44', 1),
(2424, 20, 124, 2, 189, 7.5, '2024-12-07', '2024-12-07 09:13:44', 1),
(2425, 21, 124, 2, 189, 15.5, '2024-12-07', '2024-12-07 09:13:44', 1),
(2426, 22, 124, 2, 189, 8.75, '2024-12-07', '2024-12-07 09:13:44', 1),
(2427, 23, 124, 2, 189, 6.25, '2024-12-07', '2024-12-07 09:13:44', 1),
(2428, 24, 124, 2, 189, 10.5, '2024-12-07', '2024-12-07 09:13:44', 1),
(2429, 3, 8, 2, 187, 14, '2024-12-07', '2024-12-07 09:15:44', 1),
(2430, 4, 8, 2, 187, 13, '2024-12-07', '2024-12-07 09:15:44', 1),
(2431, 5, 8, 2, 187, 13, '2024-12-07', '2024-12-07 09:15:44', 1),
(2432, 6, 8, 2, 187, 14, '2024-12-07', '2024-12-07 09:15:44', 1),
(2433, 7, 8, 2, 187, 13, '2024-12-07', '2024-12-07 09:15:44', 1),
(2434, 8, 8, 2, 187, 14, '2024-12-07', '2024-12-07 09:15:44', 1),
(2435, 9, 8, 2, 187, 15, '2024-12-07', '2024-12-07 09:15:44', 1),
(2436, 10, 8, 2, 187, 16, '2024-12-07', '2024-12-07 09:15:44', 1),
(2437, 12, 8, 2, 187, 14, '2024-12-07', '2024-12-07 09:15:44', 1),
(2438, 11, 8, 2, 187, 14, '2024-12-07', '2024-12-07 09:15:44', 1),
(2439, 13, 8, 2, 187, 14, '2024-12-07', '2024-12-07 09:15:44', 1),
(2440, 14, 8, 2, 187, 14, '2024-12-07', '2024-12-07 09:15:44', 1),
(2441, 25, 8, 2, 187, 16, '2024-12-07', '2024-12-07 09:15:44', 1),
(2442, 15, 8, 2, 187, 13, '2024-12-07', '2024-12-07 09:15:44', 1),
(2443, 16, 8, 2, 187, 14, '2024-12-07', '2024-12-07 09:15:44', 1),
(2444, 17, 8, 2, 187, 15, '2024-12-07', '2024-12-07 09:15:44', 1),
(2445, 18, 8, 2, 187, 16, '2024-12-07', '2024-12-07 09:15:44', 1),
(2446, 19, 8, 2, 187, 0, '2024-12-07', '2024-12-07 09:15:44', 1),
(2447, 1, 8, 2, 187, 15, '2024-12-07', '2024-12-07 09:15:44', 1),
(2448, 20, 8, 2, 187, 14, '2024-12-07', '2024-12-07 09:15:44', 1),
(2449, 21, 8, 2, 187, 16, '2024-12-07', '2024-12-07 09:15:44', 1),
(2450, 22, 8, 2, 187, 16, '2024-12-07', '2024-12-07 09:15:44', 1),
(2451, 23, 8, 2, 187, 14, '2024-12-07', '2024-12-07 09:15:44', 1),
(2452, 24, 8, 2, 187, 15, '2024-12-07', '2024-12-07 09:15:44', 1),
(2453, 3, 9, 2, 188, 17, '2024-12-07', '2024-12-07 09:16:43', 1),
(2454, 4, 9, 2, 188, 17, '2024-12-07', '2024-12-07 09:16:43', 1),
(2455, 5, 9, 2, 188, 17, '2024-12-07', '2024-12-07 09:16:43', 1),
(2456, 6, 9, 2, 188, 17, '2024-12-07', '2024-12-07 09:16:43', 1),
(2457, 7, 9, 2, 188, 17, '2024-12-07', '2024-12-07 09:16:43', 1),
(2458, 8, 9, 2, 188, 17, '2024-12-07', '2024-12-07 09:16:43', 1),
(2459, 9, 9, 2, 188, 17, '2024-12-07', '2024-12-07 09:16:43', 1),
(2460, 10, 9, 2, 188, 17, '2024-12-07', '2024-12-07 09:16:43', 1),
(2461, 12, 9, 2, 188, 17, '2024-12-07', '2024-12-07 09:16:43', 1),
(2462, 11, 9, 2, 188, 17, '2024-12-07', '2024-12-07 09:16:43', 1),
(2463, 13, 9, 2, 188, 17, '2024-12-07', '2024-12-07 09:16:43', 1),
(2464, 14, 9, 2, 188, 17, '2024-12-07', '2024-12-07 09:16:43', 1),
(2465, 25, 9, 2, 188, 17, '2024-12-07', '2024-12-07 09:16:43', 1),
(2466, 15, 9, 2, 188, 17, '2024-12-07', '2024-12-07 09:16:43', 1),
(2467, 16, 9, 2, 188, 17, '2024-12-07', '2024-12-07 09:16:43', 1),
(2468, 17, 9, 2, 188, 17, '2024-12-07', '2024-12-07 09:16:43', 1),
(2469, 18, 9, 2, 188, 17, '2024-12-07', '2024-12-07 09:16:43', 1),
(2470, 19, 9, 2, 188, 17, '2024-12-07', '2024-12-07 09:16:43', 1),
(2471, 1, 9, 2, 188, 17, '2024-12-07', '2024-12-07 09:16:43', 1),
(2472, 20, 9, 2, 188, 17, '2024-12-07', '2024-12-07 09:16:43', 1),
(2473, 21, 9, 2, 188, 17, '2024-12-07', '2024-12-07 09:16:43', 1),
(2474, 22, 9, 2, 188, 17, '2024-12-07', '2024-12-07 09:16:43', 1),
(2475, 23, 9, 2, 188, 17, '2024-12-07', '2024-12-07 09:16:43', 1),
(2476, 24, 9, 2, 188, 17, '2024-12-07', '2024-12-07 09:16:43', 1),
(2477, 70, 23, 3, 192, 10.66, '2024-12-07', '2024-12-07 09:46:01', 1),
(2478, 103, 23, 3, 192, 17.5, '2024-12-07', '2024-12-07 09:46:01', 1),
(2479, 71, 23, 3, 192, 13.66, '2024-12-07', '2024-12-07 09:46:01', 1),
(2480, 104, 23, 3, 192, 16, '2024-12-07', '2024-12-07 09:46:01', 1),
(2481, 105, 23, 3, 192, 8.33, '2024-12-07', '2024-12-07 09:46:01', 1),
(2482, 106, 23, 3, 192, 15.33, '2024-12-07', '2024-12-07 09:46:01', 1),
(2483, 72, 23, 3, 192, 12.6, '2024-12-07', '2024-12-07 09:46:01', 1),
(2484, 263, 23, 3, 192, 8.33, '2024-12-07', '2024-12-07 09:46:01', 1),
(2485, 73, 23, 3, 192, 8, '2024-12-07', '2024-12-07 09:46:01', 1),
(2486, 74, 23, 3, 192, 9.66, '2024-12-07', '2024-12-07 09:46:01', 1),
(2487, 75, 23, 3, 192, 9.33, '2024-12-07', '2024-12-07 09:46:01', 1),
(2488, 264, 23, 3, 192, 9, '2024-12-07', '2024-12-07 09:46:01', 1),
(2489, 265, 23, 3, 192, 13.66, '2024-12-07', '2024-12-07 09:46:01', 1),
(2490, 78, 23, 3, 192, 10, '2024-12-07', '2024-12-07 09:46:01', 1),
(2491, 108, 23, 3, 192, 15, '2024-12-07', '2024-12-07 09:46:01', 1),
(2492, 266, 23, 3, 192, 10.33, '2024-12-07', '2024-12-07 09:46:01', 1),
(2493, 267, 23, 3, 192, 8, '2024-12-07', '2024-12-07 09:46:01', 1),
(2494, 80, 23, 3, 192, 10.66, '2024-12-07', '2024-12-07 09:46:01', 1),
(2495, 81, 23, 3, 192, 13.33, '2024-12-07', '2024-12-07 09:46:01', 1),
(2496, 109, 23, 3, 192, 11.66, '2024-12-07', '2024-12-07 09:46:01', 1),
(2497, 82, 23, 3, 192, 11.66, '2024-12-07', '2024-12-07 09:46:01', 1),
(2498, 83, 23, 3, 192, 5.66, '2024-12-07', '2024-12-07 09:46:01', 1),
(2499, 268, 23, 3, 192, 10.66, '2024-12-07', '2024-12-07 09:46:01', 1),
(2500, 269, 23, 3, 192, 14.66, '2024-12-07', '2024-12-07 09:46:01', 1),
(2501, 84, 23, 3, 192, 16.33, '2024-12-07', '2024-12-07 09:46:01', 1),
(2502, 70, 24, 3, 193, 14, '2024-12-07', '2024-12-07 09:48:19', 1),
(2503, 103, 24, 3, 193, 18.5, '2024-12-07', '2024-12-07 09:48:19', 1),
(2504, 71, 24, 3, 193, 16, '2024-12-07', '2024-12-07 09:48:19', 1),
(2505, 104, 24, 3, 193, 16, '2024-12-07', '2024-12-07 09:48:19', 1),
(2506, 105, 24, 3, 193, 7, '2024-12-07', '2024-12-07 09:48:19', 1),
(2507, 106, 24, 3, 193, 14.5, '2024-12-07', '2024-12-07 09:48:19', 1),
(2508, 72, 24, 3, 193, 15.25, '2024-12-07', '2024-12-07 09:48:19', 1),
(2509, 263, 24, 3, 193, 9, '2024-12-07', '2024-12-07 09:48:19', 1),
(2510, 73, 24, 3, 193, 11.25, '2024-12-07', '2024-12-07 09:48:19', 1),
(2511, 74, 24, 3, 193, 11.75, '2024-12-07', '2024-12-07 09:48:19', 1),
(2512, 75, 24, 3, 193, 7, '2024-12-07', '2024-12-07 09:48:19', 1),
(2513, 264, 24, 3, 193, 17.75, '2024-12-07', '2024-12-07 09:48:19', 1),
(2514, 265, 24, 3, 193, 15, '2024-12-07', '2024-12-07 09:48:19', 1),
(2515, 78, 24, 3, 193, 9.5, '2024-12-07', '2024-12-07 09:48:19', 1),
(2516, 108, 24, 3, 193, 17.5, '2024-12-07', '2024-12-07 09:48:19', 1),
(2517, 266, 24, 3, 193, 12.5, '2024-12-07', '2024-12-07 09:48:19', 1),
(2518, 267, 24, 3, 193, 17, '2024-12-07', '2024-12-07 09:48:19', 1),
(2519, 80, 24, 3, 193, 14.5, '2024-12-07', '2024-12-07 09:48:19', 1),
(2520, 81, 24, 3, 193, 13.75, '2024-12-07', '2024-12-07 09:48:19', 1),
(2521, 109, 24, 3, 193, 6.75, '2024-12-07', '2024-12-07 09:48:19', 1),
(2522, 82, 24, 3, 193, 12.75, '2024-12-07', '2024-12-07 09:48:19', 1),
(2523, 83, 24, 3, 193, 11, '2024-12-07', '2024-12-07 09:48:19', 1),
(2524, 268, 24, 3, 193, 12.5, '2024-12-07', '2024-12-07 09:48:19', 1),
(2525, 269, 24, 3, 193, 15.5, '2024-12-07', '2024-12-07 09:48:19', 1),
(2526, 84, 24, 3, 193, 18.75, '2024-12-07', '2024-12-07 09:48:19', 1),
(2527, 70, 25, 3, 194, 15.5, '2024-12-07', '2024-12-07 09:50:40', 1),
(2528, 103, 25, 3, 194, 14, '2024-12-07', '2024-12-07 09:50:40', 1),
(2529, 71, 25, 3, 194, 15.5, '2024-12-07', '2024-12-07 09:50:40', 1),
(2530, 104, 25, 3, 194, 16.5, '2024-12-07', '2024-12-07 09:50:40', 1),
(2531, 105, 25, 3, 194, 11.5, '2024-12-07', '2024-12-07 09:50:40', 1),
(2532, 106, 25, 3, 194, 18, '2024-12-07', '2024-12-07 09:50:40', 1),
(2533, 72, 25, 3, 194, 13, '2024-12-07', '2024-12-07 09:50:40', 1),
(2534, 263, 25, 3, 194, 10, '2024-12-07', '2024-12-07 09:50:40', 1),
(2535, 73, 25, 3, 194, 9.5, '2024-12-07', '2024-12-07 09:50:40', 1),
(2536, 74, 25, 3, 194, 5.5, '2024-12-07', '2024-12-07 09:50:40', 1),
(2537, 75, 25, 3, 194, 9, '2024-12-07', '2024-12-07 09:50:40', 1),
(2538, 264, 25, 3, 194, 11, '2024-12-07', '2024-12-07 09:50:40', 1),
(2539, 265, 25, 3, 194, 13, '2024-12-07', '2024-12-07 09:50:40', 1),
(2540, 78, 25, 3, 194, 18, '2024-12-07', '2024-12-07 09:50:40', 1),
(2541, 108, 25, 3, 194, 12, '2024-12-07', '2024-12-07 09:50:40', 1),
(2542, 266, 25, 3, 194, 14, '2024-12-07', '2024-12-07 09:50:40', 1),
(2543, 267, 25, 3, 194, 9, '2024-12-07', '2024-12-07 09:50:40', 1),
(2544, 80, 25, 3, 194, 14, '2024-12-07', '2024-12-07 09:50:40', 1),
(2545, 81, 25, 3, 194, 13, '2024-12-07', '2024-12-07 09:50:40', 1),
(2546, 109, 25, 3, 194, 12, '2024-12-07', '2024-12-07 09:50:40', 1),
(2547, 82, 25, 3, 194, 3.5, '2024-12-07', '2024-12-07 09:50:40', 1),
(2548, 83, 25, 3, 194, 4, '2024-12-07', '2024-12-07 09:50:40', 1),
(2549, 268, 25, 3, 194, 10, '2024-12-07', '2024-12-07 09:50:40', 1),
(2550, 269, 25, 3, 194, 10.5, '2024-12-07', '2024-12-07 09:50:40', 1),
(2551, 84, 25, 3, 194, 16, '2024-12-07', '2024-12-07 09:50:40', 1),
(2552, 70, 26, 3, 195, 7.66, '2024-12-07', '2024-12-07 09:52:37', 1),
(2553, 103, 26, 3, 195, 9, '2024-12-07', '2024-12-07 09:52:37', 1),
(2554, 71, 26, 3, 195, 10.33, '2024-12-07', '2024-12-07 09:52:37', 1),
(2555, 104, 26, 3, 195, 0, '2024-12-07', '2024-12-07 09:52:37', 1),
(2556, 105, 26, 3, 195, 11, '2024-12-07', '2024-12-07 09:52:37', 1),
(2557, 106, 26, 3, 195, 16, '2024-12-07', '2024-12-07 09:52:37', 1),
(2558, 72, 26, 3, 195, 12, '2024-12-07', '2024-12-07 09:52:37', 1),
(2559, 263, 26, 3, 195, 5.5, '2024-12-07', '2024-12-07 09:52:37', 1),
(2560, 73, 26, 3, 195, 9, '2024-12-07', '2024-12-07 09:52:37', 1),
(2561, 74, 26, 3, 195, 8.33, '2024-12-07', '2024-12-07 09:52:37', 1),
(2562, 75, 26, 3, 195, 9.33, '2024-12-07', '2024-12-07 09:52:37', 1),
(2563, 264, 26, 3, 195, 10.33, '2024-12-07', '2024-12-07 09:52:37', 1),
(2564, 265, 26, 3, 195, 9, '2024-12-07', '2024-12-07 09:52:38', 1),
(2565, 78, 26, 3, 195, 7.5, '2024-12-07', '2024-12-07 09:52:38', 1),
(2566, 108, 26, 3, 195, 8.66, '2024-12-07', '2024-12-07 09:52:38', 1),
(2567, 266, 26, 3, 195, 10.33, '2024-12-07', '2024-12-07 09:52:38', 1),
(2568, 267, 26, 3, 195, 9, '2024-12-07', '2024-12-07 09:52:38', 1),
(2569, 80, 26, 3, 195, 15, '2024-12-07', '2024-12-07 09:52:38', 1),
(2570, 81, 26, 3, 195, 13.33, '2024-12-07', '2024-12-07 09:52:38', 1),
(2571, 109, 26, 3, 195, 9.33, '2024-12-07', '2024-12-07 09:52:38', 1),
(2572, 82, 26, 3, 195, 10.5, '2024-12-07', '2024-12-07 09:52:38', 1),
(2573, 83, 26, 3, 195, 9.66, '2024-12-07', '2024-12-07 09:52:38', 1),
(2574, 268, 26, 3, 195, 13, '2024-12-07', '2024-12-07 09:52:38', 1),
(2575, 269, 26, 3, 195, 9.66, '2024-12-07', '2024-12-07 09:52:38', 1),
(2576, 84, 26, 3, 195, 18, '2024-12-07', '2024-12-07 09:52:38', 1),
(2577, 70, 27, 3, 196, 15.25, '2024-12-07', '2024-12-07 09:54:28', 1),
(2578, 103, 27, 3, 196, 10, '2024-12-07', '2024-12-07 09:54:28', 1),
(2579, 71, 27, 3, 196, 13.75, '2024-12-07', '2024-12-07 09:54:28', 1),
(2580, 104, 27, 3, 196, 10.5, '2024-12-07', '2024-12-07 09:54:28', 1),
(2581, 105, 27, 3, 196, 13, '2024-12-07', '2024-12-07 09:54:28', 1),
(2582, 106, 27, 3, 196, 16.66, '2024-12-07', '2024-12-07 09:54:28', 1),
(2583, 72, 27, 3, 196, 15.25, '2024-12-07', '2024-12-07 09:54:28', 1),
(2584, 263, 27, 3, 196, 8.5, '2024-12-07', '2024-12-07 09:54:28', 1),
(2585, 73, 27, 3, 196, 18, '2024-12-07', '2024-12-07 09:54:28', 1),
(2586, 74, 27, 3, 196, 15.25, '2024-12-07', '2024-12-07 09:54:28', 1),
(2587, 75, 27, 3, 196, 12.5, '2024-12-07', '2024-12-07 09:54:28', 1),
(2588, 264, 27, 3, 196, 6.75, '2024-12-07', '2024-12-07 09:54:28', 1),
(2589, 265, 27, 3, 196, 9.5, '2024-12-07', '2024-12-07 09:54:28', 1),
(2590, 78, 27, 3, 196, 6, '2024-12-07', '2024-12-07 09:54:28', 1),
(2591, 108, 27, 3, 196, 15.16, '2024-12-07', '2024-12-07 09:54:28', 1),
(2592, 266, 27, 3, 196, 11.5, '2024-12-07', '2024-12-07 09:54:28', 1),
(2593, 267, 27, 3, 196, 6, '2024-12-07', '2024-12-07 09:54:28', 1),
(2594, 80, 27, 3, 196, 19, '2024-12-07', '2024-12-07 09:54:28', 1),
(2595, 81, 27, 3, 196, 3.5, '2024-12-07', '2024-12-07 09:54:28', 1),
(2596, 109, 27, 3, 196, 14, '2024-12-07', '2024-12-07 09:54:28', 1),
(2597, 82, 27, 3, 196, 13.5, '2024-12-07', '2024-12-07 09:54:28', 1),
(2598, 83, 27, 3, 196, 15.5, '2024-12-07', '2024-12-07 09:54:28', 1),
(2599, 268, 27, 3, 196, 14.83, '2024-12-07', '2024-12-07 09:54:28', 1),
(2600, 269, 27, 3, 196, 13.75, '2024-12-07', '2024-12-07 09:54:28', 1),
(2601, 84, 27, 3, 196, 17.83, '2024-12-07', '2024-12-07 09:54:28', 1),
(2602, 70, 28, 3, 197, 15.16, '2024-12-07', '2024-12-07 09:55:09', 1),
(2603, 103, 28, 3, 197, 16, '2024-12-07', '2024-12-07 09:55:09', 1),
(2604, 71, 28, 3, 197, 11, '2024-12-07', '2024-12-07 09:55:09', 1),
(2605, 104, 28, 3, 197, 7.33, '2024-12-07', '2024-12-07 09:55:09', 1),
(2606, 105, 28, 3, 197, 10.33, '2024-12-07', '2024-12-07 09:55:09', 1),
(2607, 106, 28, 3, 197, 15.66, '2024-12-07', '2024-12-07 09:55:09', 1),
(2608, 72, 28, 3, 197, 15.7, '2024-12-07', '2024-12-07 09:55:09', 1),
(2609, 263, 28, 3, 197, 7.66, '2024-12-07', '2024-12-07 09:55:09', 1),
(2610, 73, 28, 3, 197, 12.33, '2024-12-07', '2024-12-07 09:55:09', 1),
(2611, 74, 28, 3, 197, 14.66, '2024-12-07', '2024-12-07 09:55:09', 1),
(2612, 75, 28, 3, 197, 7.33, '2024-12-07', '2024-12-07 09:55:09', 1),
(2613, 264, 28, 3, 197, 11, '2024-12-07', '2024-12-07 09:55:09', 1),
(2614, 265, 28, 3, 197, 13.16, '2024-12-07', '2024-12-07 09:55:09', 1),
(2615, 78, 28, 3, 197, 12.16, '2024-12-07', '2024-12-07 09:55:09', 1),
(2616, 108, 28, 3, 197, 13, '2024-12-07', '2024-12-07 09:55:09', 1),
(2617, 266, 28, 3, 197, 14, '2024-12-07', '2024-12-07 09:55:09', 1),
(2618, 267, 28, 3, 197, 11, '2024-12-07', '2024-12-07 09:55:09', 1),
(2619, 80, 28, 3, 197, 10.66, '2024-12-07', '2024-12-07 09:55:09', 1),
(2620, 81, 28, 3, 197, 14, '2024-12-07', '2024-12-07 09:55:09', 1),
(2621, 109, 28, 3, 197, 5, '2024-12-07', '2024-12-07 09:55:09', 1),
(2622, 82, 28, 3, 197, 9.83, '2024-12-07', '2024-12-07 09:55:09', 1),
(2623, 83, 28, 3, 197, 14.5, '2024-12-07', '2024-12-07 09:55:09', 1),
(2624, 268, 28, 3, 197, 14.83, '2024-12-07', '2024-12-07 09:55:09', 1),
(2625, 269, 28, 3, 197, 15.83, '2024-12-07', '2024-12-07 09:55:09', 1),
(2626, 84, 28, 3, 197, 16.33, '2024-12-07', '2024-12-07 09:55:09', 1),
(2627, 70, 29, 3, 198, 14.33, '2024-12-07', '2024-12-07 10:00:58', 1),
(2628, 103, 29, 3, 198, 0, '2024-12-07', '2024-12-07 10:00:58', 1),
(2629, 71, 29, 3, 198, 14.33, '2024-12-07', '2024-12-07 10:00:58', 1),
(2630, 104, 29, 3, 198, 13, '2024-12-07', '2024-12-07 10:00:58', 1),
(2631, 105, 29, 3, 198, 14.33, '2024-12-07', '2024-12-07 10:00:58', 1),
(2632, 106, 29, 3, 198, 15, '2024-12-07', '2024-12-07 10:00:58', 1),
(2633, 72, 29, 3, 198, 16.33, '2024-12-07', '2024-12-07 10:00:58', 1),
(2634, 263, 29, 3, 198, 13.66, '2024-12-07', '2024-12-07 10:00:59', 1),
(2635, 73, 29, 3, 198, 12.33, '2024-12-07', '2024-12-07 10:00:59', 1),
(2636, 74, 29, 3, 198, 14.33, '2024-12-07', '2024-12-07 10:00:59', 1),
(2637, 75, 29, 3, 198, 15.66, '2024-12-07', '2024-12-07 10:00:59', 1),
(2638, 264, 29, 3, 198, 13.33, '2024-12-07', '2024-12-07 10:00:59', 1),
(2639, 265, 29, 3, 198, 15.66, '2024-12-07', '2024-12-07 10:00:59', 1),
(2640, 78, 29, 3, 198, 14, '2024-12-07', '2024-12-07 10:00:59', 1),
(2641, 108, 29, 3, 198, 14, '2024-12-07', '2024-12-07 10:00:59', 1),
(2642, 266, 29, 3, 198, 15.66, '2024-12-07', '2024-12-07 10:00:59', 1),
(2643, 267, 29, 3, 198, 12.66, '2024-12-07', '2024-12-07 10:00:59', 1),
(2644, 80, 29, 3, 198, 16, '2024-12-07', '2024-12-07 10:00:59', 1),
(2645, 81, 29, 3, 198, 0, '2024-12-07', '2024-12-07 10:00:59', 1),
(2646, 109, 29, 3, 198, 14.66, '2024-12-07', '2024-12-07 10:00:59', 1),
(2647, 82, 29, 3, 198, 13.33, '2024-12-07', '2024-12-07 10:00:59', 1),
(2648, 83, 29, 3, 198, 16.66, '2024-12-07', '2024-12-07 10:00:59', 1),
(2649, 268, 29, 3, 198, 17.33, '2024-12-07', '2024-12-07 10:00:59', 1),
(2650, 269, 29, 3, 198, 0, '2024-12-07', '2024-12-07 10:00:59', 1),
(2651, 84, 29, 3, 198, 15.33, '2024-12-07', '2024-12-07 10:00:59', 1),
(2652, 70, 23, 2, 202, 9, '2024-12-07', '2024-12-07 10:04:11', 1),
(2653, 103, 23, 2, 202, 11, '2024-12-07', '2024-12-07 10:04:11', 1),
(2654, 71, 23, 2, 202, 0, '2024-12-07', '2024-12-07 10:04:11', 1),
(2655, 104, 23, 2, 202, 16, '2024-12-07', '2024-12-07 10:04:11', 1),
(2656, 105, 23, 2, 202, 7, '2024-12-07', '2024-12-07 10:04:11', 1),
(2657, 106, 23, 2, 202, 12, '2024-12-07', '2024-12-07 10:04:11', 1),
(2658, 72, 23, 2, 202, 16, '2024-12-07', '2024-12-07 10:04:11', 1),
(2659, 263, 23, 2, 202, 5, '2024-12-07', '2024-12-07 10:04:11', 1),
(2660, 73, 23, 2, 202, 9, '2024-12-07', '2024-12-07 10:04:11', 1),
(2661, 74, 23, 2, 202, 10, '2024-12-07', '2024-12-07 10:04:11', 1),
(2662, 75, 23, 2, 202, 12, '2024-12-07', '2024-12-07 10:04:11', 1),
(2663, 264, 23, 2, 202, 10, '2024-12-07', '2024-12-07 10:04:11', 1),
(2664, 265, 23, 2, 202, 12, '2024-12-07', '2024-12-07 10:04:11', 1),
(2665, 78, 23, 2, 202, 10, '2024-12-07', '2024-12-07 10:04:11', 1),
(2666, 108, 23, 2, 202, 8, '2024-12-07', '2024-12-07 10:04:11', 1),
(2667, 266, 23, 2, 202, 9, '2024-12-07', '2024-12-07 10:04:11', 1),
(2668, 267, 23, 2, 202, 8, '2024-12-07', '2024-12-07 10:04:11', 1),
(2669, 80, 23, 2, 202, 9, '2024-12-07', '2024-12-07 10:04:11', 1),
(2670, 81, 23, 2, 202, 0, '2024-12-07', '2024-12-07 10:04:11', 1),
(2671, 109, 23, 2, 202, 12, '2024-12-07', '2024-12-07 10:04:11', 1),
(2672, 82, 23, 2, 202, 8, '2024-12-07', '2024-12-07 10:04:11', 1),
(2673, 83, 23, 2, 202, 13, '2024-12-07', '2024-12-07 10:04:11', 1),
(2674, 268, 23, 2, 202, 6, '2024-12-07', '2024-12-07 10:04:11', 1),
(2675, 269, 23, 2, 202, 14, '2024-12-07', '2024-12-07 10:04:11', 1),
(2676, 84, 23, 2, 202, 18, '2024-12-07', '2024-12-07 10:04:11', 1),
(2677, 70, 24, 2, 203, 17.5, '2024-12-07', '2024-12-07 10:06:52', 1),
(2678, 103, 24, 2, 203, 18.5, '2024-12-07', '2024-12-07 10:06:52', 1),
(2679, 71, 24, 2, 203, 0, '2024-12-07', '2024-12-07 10:06:52', 1),
(2680, 104, 24, 2, 203, 8, '2024-12-07', '2024-12-07 10:06:52', 1),
(2681, 105, 24, 2, 203, 7, '2024-12-07', '2024-12-07 10:06:52', 1),
(2682, 106, 24, 2, 203, 14, '2024-12-07', '2024-12-07 10:06:52', 1),
(2683, 72, 24, 2, 203, 16.25, '2024-12-07', '2024-12-07 10:06:52', 1),
(2684, 263, 24, 2, 203, 7, '2024-12-07', '2024-12-07 10:06:52', 1),
(2685, 73, 24, 2, 203, 15.25, '2024-12-07', '2024-12-07 10:06:52', 1),
(2686, 74, 24, 2, 203, 11, '2024-12-07', '2024-12-07 10:06:52', 1),
(2687, 75, 24, 2, 203, 15.25, '2024-12-07', '2024-12-07 10:06:52', 1),
(2688, 264, 24, 2, 203, 18, '2024-12-07', '2024-12-07 10:06:52', 1),
(2689, 265, 24, 2, 203, 16.5, '2024-12-07', '2024-12-07 10:06:52', 1),
(2690, 78, 24, 2, 203, 5.5, '2024-12-07', '2024-12-07 10:06:52', 1),
(2691, 108, 24, 2, 203, 17, '2024-12-07', '2024-12-07 10:06:52', 1),
(2692, 266, 24, 2, 203, 17.25, '2024-12-07', '2024-12-07 10:06:52', 1),
(2693, 267, 24, 2, 203, 14.25, '2024-12-07', '2024-12-07 10:06:52', 1),
(2694, 80, 24, 2, 203, 14.25, '2024-12-07', '2024-12-07 10:06:52', 1),
(2695, 81, 24, 2, 203, 16.12, '2024-12-07', '2024-12-07 10:06:52', 1),
(2696, 109, 24, 2, 203, 8, '2024-12-07', '2024-12-07 10:06:52', 1),
(2697, 82, 24, 2, 203, 15.75, '2024-12-07', '2024-12-07 10:06:52', 1),
(2698, 83, 24, 2, 203, 17.25, '2024-12-07', '2024-12-07 10:06:52', 1),
(2699, 268, 24, 2, 203, 17.5, '2024-12-07', '2024-12-07 10:06:52', 1),
(2700, 269, 24, 2, 203, 11.5, '2024-12-07', '2024-12-07 10:06:52', 1),
(2701, 84, 24, 2, 203, 17, '2024-12-07', '2024-12-07 10:06:52', 1),
(2702, 70, 25, 2, 204, 12.5, '2024-12-07', '2024-12-07 10:14:14', 1),
(2703, 103, 25, 2, 204, 16.5, '2024-12-07', '2024-12-07 10:14:14', 1),
(2704, 71, 25, 2, 204, 0, '2024-12-07', '2024-12-07 10:14:14', 1),
(2705, 104, 25, 2, 204, 15.5, '2024-12-07', '2024-12-07 10:14:14', 1),
(2706, 105, 25, 2, 204, 4.75, '2024-12-07', '2024-12-07 10:14:14', 1),
(2707, 106, 25, 2, 204, 14.25, '2024-12-07', '2024-12-07 10:14:14', 1),
(2708, 72, 25, 2, 204, 8, '2024-12-07', '2024-12-07 10:14:14', 1),
(2709, 263, 25, 2, 204, 8.25, '2024-12-07', '2024-12-07 10:14:14', 1),
(2710, 73, 25, 2, 204, 8.75, '2024-12-07', '2024-12-07 10:14:14', 1),
(2711, 74, 25, 2, 204, 13, '2024-12-07', '2024-12-07 10:14:14', 1),
(2712, 75, 25, 2, 204, 10.5, '2024-12-07', '2024-12-07 10:14:14', 1),
(2713, 264, 25, 2, 204, 8.25, '2024-12-07', '2024-12-07 10:14:14', 1),
(2714, 265, 25, 2, 204, 11, '2024-12-07', '2024-12-07 10:14:14', 1),
(2715, 78, 25, 2, 204, 13, '2024-12-07', '2024-12-07 10:14:14', 1),
(2716, 108, 25, 2, 204, 10.5, '2024-12-07', '2024-12-07 10:14:14', 1),
(2717, 266, 25, 2, 204, 10.5, '2024-12-07', '2024-12-07 10:14:14', 1),
(2718, 267, 25, 2, 204, 10, '2024-12-07', '2024-12-07 10:14:14', 1),
(2719, 80, 25, 2, 204, 10, '2024-12-07', '2024-12-07 10:14:14', 1),
(2720, 81, 25, 2, 204, 0, '2024-12-07', '2024-12-07 10:14:14', 1),
(2721, 109, 25, 2, 204, 8.5, '2024-12-07', '2024-12-07 10:14:14', 1),
(2722, 82, 25, 2, 204, 9.85, '2024-12-07', '2024-12-07 10:14:14', 1),
(2723, 83, 25, 2, 204, 10.5, '2024-12-07', '2024-12-07 10:14:14', 1),
(2724, 268, 25, 2, 204, 6.25, '2024-12-07', '2024-12-07 10:14:14', 1),
(2725, 269, 25, 2, 204, 15.5, '2024-12-07', '2024-12-07 10:14:14', 1),
(2726, 84, 25, 2, 204, 17.5, '2024-12-07', '2024-12-07 10:14:14', 1),
(2727, 70, 26, 2, 205, 6, '2024-12-07', '2024-12-07 10:16:32', 1),
(2728, 103, 26, 2, 205, 12, '2024-12-07', '2024-12-07 10:16:32', 1),
(2729, 71, 26, 2, 205, 0, '2024-12-07', '2024-12-07 10:16:32', 1),
(2730, 104, 26, 2, 205, 12, '2024-12-07', '2024-12-07 10:16:32', 1),
(2731, 105, 26, 2, 205, 8, '2024-12-07', '2024-12-07 10:16:32', 1),
(2732, 106, 26, 2, 205, 12, '2024-12-07', '2024-12-07 10:16:32', 1),
(2733, 72, 26, 2, 205, 11, '2024-12-07', '2024-12-07 10:16:32', 1),
(2734, 263, 26, 2, 205, 1, '2024-12-07', '2024-12-07 10:16:32', 1),
(2735, 73, 26, 2, 205, 15, '2024-12-07', '2024-12-07 10:16:32', 1),
(2736, 74, 26, 2, 205, 12, '2024-12-07', '2024-12-07 10:16:32', 1),
(2737, 75, 26, 2, 205, 8, '2024-12-07', '2024-12-07 10:16:32', 1),
(2738, 264, 26, 2, 205, 6, '2024-12-07', '2024-12-07 10:16:32', 1),
(2739, 265, 26, 2, 205, 6, '2024-12-07', '2024-12-07 10:16:32', 1),
(2740, 78, 26, 2, 205, 5, '2024-12-07', '2024-12-07 10:16:32', 1),
(2741, 108, 26, 2, 205, 7, '2024-12-07', '2024-12-07 10:16:32', 1),
(2742, 266, 26, 2, 205, 4, '2024-12-07', '2024-12-07 10:16:32', 1),
(2743, 267, 26, 2, 205, 6, '2024-12-07', '2024-12-07 10:16:32', 1),
(2744, 80, 26, 2, 205, 15, '2024-12-07', '2024-12-07 10:16:32', 1),
(2745, 81, 26, 2, 205, 0, '2024-12-07', '2024-12-07 10:16:32', 1),
(2746, 109, 26, 2, 205, 7, '2024-12-07', '2024-12-07 10:16:32', 1),
(2747, 82, 26, 2, 205, 4, '2024-12-07', '2024-12-07 10:16:32', 1),
(2748, 83, 26, 2, 205, 8, '2024-12-07', '2024-12-07 10:16:32', 1),
(2749, 268, 26, 2, 205, 6, '2024-12-07', '2024-12-07 10:16:32', 1),
(2750, 269, 26, 2, 205, 11, '2024-12-07', '2024-12-07 10:16:32', 1),
(2751, 84, 26, 2, 205, 15, '2024-12-07', '2024-12-07 10:16:32', 1),
(2752, 70, 27, 2, 206, 10, '2024-12-07', '2024-12-07 10:18:11', 1),
(2753, 103, 27, 2, 206, 8, '2024-12-07', '2024-12-07 10:18:11', 1),
(2754, 71, 27, 2, 206, 0, '2024-12-07', '2024-12-07 10:18:11', 1),
(2755, 104, 27, 2, 206, 4, '2024-12-07', '2024-12-07 10:18:11', 1),
(2756, 105, 27, 2, 206, 7, '2024-12-07', '2024-12-07 10:18:11', 1),
(2757, 106, 27, 2, 206, 15, '2024-12-07', '2024-12-07 10:18:11', 1),
(2758, 72, 27, 2, 206, 9, '2024-12-07', '2024-12-07 10:18:11', 1),
(2759, 263, 27, 2, 206, 3, '2024-12-07', '2024-12-07 10:18:11', 1),
(2760, 73, 27, 2, 206, 6, '2024-12-07', '2024-12-07 10:18:11', 1),
(2761, 74, 27, 2, 206, 10, '2024-12-07', '2024-12-07 10:18:11', 1),
(2762, 75, 27, 2, 206, 5, '2024-12-07', '2024-12-07 10:18:11', 1),
(2763, 264, 27, 2, 206, 8, '2024-12-07', '2024-12-07 10:18:11', 1),
(2764, 265, 27, 2, 206, 8, '2024-12-07', '2024-12-07 10:18:11', 1),
(2765, 78, 27, 2, 206, 5, '2024-12-07', '2024-12-07 10:18:11', 1),
(2766, 108, 27, 2, 206, 7, '2024-12-07', '2024-12-07 10:18:11', 1),
(2767, 266, 27, 2, 206, 3, '2024-12-07', '2024-12-07 10:18:11', 1),
(2768, 267, 27, 2, 206, 6, '2024-12-07', '2024-12-07 10:18:11', 1),
(2769, 80, 27, 2, 206, 7, '2024-12-07', '2024-12-07 10:18:11', 1),
(2770, 81, 27, 2, 206, 0, '2024-12-07', '2024-12-07 10:18:11', 1),
(2771, 109, 27, 2, 206, 8, '2024-12-07', '2024-12-07 10:18:11', 1),
(2772, 82, 27, 2, 206, 4, '2024-12-07', '2024-12-07 10:18:11', 1),
(2773, 83, 27, 2, 206, 13, '2024-12-07', '2024-12-07 10:18:11', 1),
(2774, 268, 27, 2, 206, 4, '2024-12-07', '2024-12-07 10:18:11', 1),
(2775, 269, 27, 2, 206, 4, '2024-12-07', '2024-12-07 10:18:11', 1),
(2776, 84, 27, 2, 206, 17, '2024-12-07', '2024-12-07 10:18:11', 1),
(2777, 70, 28, 2, 207, 18, '2024-12-07', '2024-12-07 10:21:29', 1),
(2778, 103, 28, 2, 207, 17, '2024-12-07', '2024-12-07 10:21:29', 1),
(2779, 71, 28, 2, 207, 0, '2024-12-07', '2024-12-07 10:21:29', 1),
(2780, 104, 28, 2, 207, 18, '2024-12-07', '2024-12-07 10:21:29', 1),
(2781, 105, 28, 2, 207, 17, '2024-12-07', '2024-12-07 10:21:29', 1),
(2782, 106, 28, 2, 207, 17, '2024-12-07', '2024-12-07 10:21:29', 1),
(2783, 72, 28, 2, 207, 19, '2024-12-07', '2024-12-07 10:21:29', 1),
(2784, 263, 28, 2, 207, 17, '2024-12-07', '2024-12-07 10:21:29', 1),
(2785, 73, 28, 2, 207, 11, '2024-12-07', '2024-12-07 10:21:29', 1),
(2786, 74, 28, 2, 207, 15, '2024-12-07', '2024-12-07 10:21:29', 1),
(2787, 75, 28, 2, 207, 15, '2024-12-07', '2024-12-07 10:21:29', 1),
(2788, 264, 28, 2, 207, 17, '2024-12-07', '2024-12-07 10:21:29', 1),
(2789, 265, 28, 2, 207, 18, '2024-12-07', '2024-12-07 10:21:29', 1),
(2790, 78, 28, 2, 207, 13, '2024-12-07', '2024-12-07 10:21:29', 1),
(2791, 108, 28, 2, 207, 18, '2024-12-07', '2024-12-07 10:21:29', 1),
(2792, 266, 28, 2, 207, 18, '2024-12-07', '2024-12-07 10:21:29', 1),
(2793, 267, 28, 2, 207, 17, '2024-12-07', '2024-12-07 10:21:29', 1),
(2794, 80, 28, 2, 207, 15, '2024-12-07', '2024-12-07 10:21:29', 1),
(2795, 81, 28, 2, 207, 0, '2024-12-07', '2024-12-07 10:21:29', 1),
(2796, 109, 28, 2, 207, 14, '2024-12-07', '2024-12-07 10:21:29', 1),
(2797, 82, 28, 2, 207, 11, '2024-12-07', '2024-12-07 10:21:29', 1),
(2798, 83, 28, 2, 207, 20, '2024-12-07', '2024-12-07 10:21:29', 1),
(2799, 268, 28, 2, 207, 19, '2024-12-07', '2024-12-07 10:21:29', 1),
(2800, 269, 28, 2, 207, 11, '2024-12-07', '2024-12-07 10:21:29', 1),
(2801, 84, 28, 2, 207, 18, '2024-12-07', '2024-12-07 10:21:29', 1),
(2802, 70, 29, 2, 208, 15, '2024-12-07', '2024-12-07 10:23:20', 1),
(2803, 103, 29, 2, 208, 0, '2024-12-07', '2024-12-07 10:23:20', 1),
(2804, 71, 29, 2, 208, 16, '2024-12-07', '2024-12-07 10:23:20', 1),
(2805, 104, 29, 2, 208, 15, '2024-12-07', '2024-12-07 10:23:20', 1),
(2806, 105, 29, 2, 208, 14, '2024-12-07', '2024-12-07 10:23:20', 1),
(2807, 106, 29, 2, 208, 15, '2024-12-07', '2024-12-07 10:23:20', 1),
(2808, 72, 29, 2, 208, 15, '2024-12-07', '2024-12-07 10:23:20', 1),
(2809, 263, 29, 2, 208, 15, '2024-12-07', '2024-12-07 10:23:20', 1),
(2810, 73, 29, 2, 208, 14, '2024-12-07', '2024-12-07 10:23:20', 1),
(2811, 74, 29, 2, 208, 14, '2024-12-07', '2024-12-07 10:23:20', 1),
(2812, 75, 29, 2, 208, 14, '2024-12-07', '2024-12-07 10:23:20', 1),
(2813, 264, 29, 2, 208, 16, '2024-12-07', '2024-12-07 10:23:20', 1),
(2814, 265, 29, 2, 208, 16, '2024-12-07', '2024-12-07 10:23:20', 1),
(2815, 78, 29, 2, 208, 0, '2024-12-07', '2024-12-07 10:23:20', 1),
(2816, 108, 29, 2, 208, 16, '2024-12-07', '2024-12-07 10:23:20', 1),
(2817, 266, 29, 2, 208, 15, '2024-12-07', '2024-12-07 10:23:20', 1),
(2818, 267, 29, 2, 208, 14, '2024-12-07', '2024-12-07 10:23:21', 1),
(2819, 80, 29, 2, 208, 15, '2024-12-07', '2024-12-07 10:23:21', 1),
(2820, 81, 29, 2, 208, 0, '2024-12-07', '2024-12-07 10:23:21', 1),
(2821, 109, 29, 2, 208, 16, '2024-12-07', '2024-12-07 10:23:21', 1),
(2822, 82, 29, 2, 208, 16, '2024-12-07', '2024-12-07 10:23:21', 1),
(2823, 83, 29, 2, 208, 14, '2024-12-07', '2024-12-07 10:23:21', 1),
(2824, 268, 29, 2, 208, 16, '2024-12-07', '2024-12-07 10:23:21', 1),
(2825, 269, 29, 2, 208, 0, '2024-12-07', '2024-12-07 10:23:21', 1),
(2826, 84, 29, 2, 208, 16, '2024-12-07', '2024-12-07 10:23:21', 1),
(2827, 70, 30, 2, 209, 17, '2024-12-07', '2024-12-07 10:25:57', 1),
(2828, 103, 30, 2, 209, 17, '2024-12-07', '2024-12-07 10:25:57', 1),
(2829, 71, 30, 2, 209, 17, '2024-12-07', '2024-12-07 10:25:57', 1),
(2830, 104, 30, 2, 209, 17, '2024-12-07', '2024-12-07 10:25:57', 1),
(2831, 105, 30, 2, 209, 16, '2024-12-07', '2024-12-07 10:25:57', 1),
(2832, 106, 30, 2, 209, 17, '2024-12-07', '2024-12-07 10:25:57', 1),
(2833, 72, 30, 2, 209, 17, '2024-12-07', '2024-12-07 10:25:57', 1),
(2834, 263, 30, 2, 209, 17, '2024-12-07', '2024-12-07 10:25:57', 1),
(2835, 73, 30, 2, 209, 15, '2024-12-07', '2024-12-07 10:25:57', 1),
(2836, 74, 30, 2, 209, 17, '2024-12-07', '2024-12-07 10:25:57', 1),
(2837, 75, 30, 2, 209, 17, '2024-12-07', '2024-12-07 10:25:57', 1),
(2838, 264, 30, 2, 209, 16, '2024-12-07', '2024-12-07 10:25:57', 1),
(2839, 265, 30, 2, 209, 17, '2024-12-07', '2024-12-07 10:25:57', 1),
(2840, 78, 30, 2, 209, 16, '2024-12-07', '2024-12-07 10:25:57', 1),
(2841, 108, 30, 2, 209, 17, '2024-12-07', '2024-12-07 10:25:57', 1),
(2842, 266, 30, 2, 209, 17, '2024-12-07', '2024-12-07 10:25:57', 1),
(2843, 267, 30, 2, 209, 17, '2024-12-07', '2024-12-07 10:25:57', 1),
(2844, 80, 30, 2, 209, 17, '2024-12-07', '2024-12-07 10:25:57', 1),
(2845, 81, 30, 2, 209, 17, '2024-12-07', '2024-12-07 10:25:57', 1),
(2846, 109, 30, 2, 209, 17, '2024-12-07', '2024-12-07 10:25:57', 1),
(2847, 82, 30, 2, 209, 14, '2024-12-07', '2024-12-07 10:25:57', 1),
(2848, 83, 30, 2, 209, 17, '2024-12-07', '2024-12-07 10:25:57', 1),
(2849, 268, 30, 2, 209, 17, '2024-12-07', '2024-12-07 10:25:57', 1),
(2850, 269, 30, 2, 209, 16, '2024-12-07', '2024-12-07 10:25:57', 1),
(2851, 84, 30, 2, 209, 17, '2024-12-07', '2024-12-07 10:25:57', 1),
(2852, 85, 33, 3, 212, 12, '2024-12-07', '2024-12-07 10:29:49', 1),
(2853, 86, 33, 3, 212, 16, '2024-12-07', '2024-12-07 10:29:49', 1),
(2854, 110, 33, 3, 212, 13, '2024-12-07', '2024-12-07 10:29:49', 1),
(2855, 111, 33, 3, 212, 11, '2024-12-07', '2024-12-07 10:29:49', 1),
(2856, 112, 33, 3, 212, 8, '2024-12-07', '2024-12-07 10:29:49', 1),
(2857, 113, 33, 3, 212, 17.5, '2024-12-07', '2024-12-07 10:29:49', 1),
(2858, 115, 33, 3, 212, 7.5, '2024-12-07', '2024-12-07 10:29:49', 1),
(2859, 270, 33, 3, 212, 13, '2024-12-07', '2024-12-07 10:29:49', 1),
(2860, 116, 33, 3, 212, 7.5, '2024-12-07', '2024-12-07 10:29:49', 1),
(2861, 271, 33, 3, 212, 10, '2024-12-07', '2024-12-07 10:29:49', 1),
(2862, 117, 33, 3, 212, 14.5, '2024-12-07', '2024-12-07 10:29:49', 1),
(2863, 118, 33, 3, 212, 15.5, '2024-12-07', '2024-12-07 10:29:49', 1),
(2864, 272, 33, 3, 212, 11.5, '2024-12-07', '2024-12-07 10:29:49', 1),
(2865, 120, 33, 3, 212, 8.5, '2024-12-07', '2024-12-07 10:29:49', 1),
(2866, 119, 33, 3, 212, 8.5, '2024-12-07', '2024-12-07 10:29:49', 1),
(2867, 141, 33, 3, 212, 17.5, '2024-12-07', '2024-12-07 10:29:49', 1),
(2868, 143, 33, 3, 212, 12, '2024-12-07', '2024-12-07 10:29:49', 1),
(2869, 273, 33, 3, 212, 7.5, '2024-12-07', '2024-12-07 10:29:49', 1),
(2870, 144, 33, 3, 212, 14.5, '2024-12-07', '2024-12-07 10:29:49', 1),
(2871, 148, 33, 3, 212, 3.5, '2024-12-07', '2024-12-07 10:29:49', 1),
(2872, 149, 33, 3, 212, 10.5, '2024-12-07', '2024-12-07 10:29:49', 1),
(2873, 150, 33, 3, 212, 13.5, '2024-12-07', '2024-12-07 10:29:49', 1),
(2874, 151, 33, 3, 212, 18, '2024-12-07', '2024-12-07 10:29:49', 1),
(2875, 152, 33, 3, 212, 16.5, '2024-12-07', '2024-12-07 10:29:49', 1),
(2876, 153, 33, 3, 212, 11.5, '2024-12-07', '2024-12-07 10:29:49', 1),
(2877, 274, 33, 3, 212, 10.5, '2024-12-07', '2024-12-07 10:29:49', 1),
(2878, 275, 33, 3, 212, 17.5, '2024-12-07', '2024-12-07 10:29:49', 1),
(2879, 155, 33, 3, 212, 10.5, '2024-12-07', '2024-12-07 10:29:50', 1),
(2880, 276, 33, 3, 212, 15.5, '2024-12-07', '2024-12-07 10:29:50', 1),
(2881, 156, 33, 3, 212, 16, '2024-12-07', '2024-12-07 10:29:50', 1),
(2882, 277, 33, 3, 212, 17.5, '2024-12-07', '2024-12-07 10:29:50', 1),
(2883, 85, 34, 3, 213, 11.25, '2024-12-07', '2024-12-07 10:32:27', 1),
(2884, 86, 34, 3, 213, 15.75, '2024-12-07', '2024-12-07 10:32:27', 1),
(2885, 110, 34, 3, 213, 11, '2024-12-07', '2024-12-07 10:32:27', 1),
(2886, 111, 34, 3, 213, 10.75, '2024-12-07', '2024-12-07 10:32:27', 1),
(2887, 112, 34, 3, 213, 11.25, '2024-12-07', '2024-12-07 10:32:27', 1),
(2888, 113, 34, 3, 213, 13.5, '2024-12-07', '2024-12-07 10:32:27', 1),
(2889, 115, 34, 3, 213, 11.75, '2024-12-07', '2024-12-07 10:32:27', 1),
(2890, 270, 34, 3, 213, 12.5, '2024-12-07', '2024-12-07 10:32:27', 1),
(2891, 116, 34, 3, 213, 13.75, '2024-12-07', '2024-12-07 10:32:27', 1),
(2892, 271, 34, 3, 213, 12.5, '2024-12-07', '2024-12-07 10:32:27', 1),
(2893, 117, 34, 3, 213, 13.75, '2024-12-07', '2024-12-07 10:32:27', 1),
(2894, 118, 34, 3, 213, 15, '2024-12-07', '2024-12-07 10:32:27', 1),
(2895, 272, 34, 3, 213, 13.25, '2024-12-07', '2024-12-07 10:32:27', 1),
(2896, 120, 34, 3, 213, 6.25, '2024-12-07', '2024-12-07 10:32:27', 1),
(2897, 119, 34, 3, 213, 5.75, '2024-12-07', '2024-12-07 10:32:27', 1),
(2898, 141, 34, 3, 213, 15, '2024-12-07', '2024-12-07 10:32:27', 1),
(2899, 143, 34, 3, 213, 10.75, '2024-12-07', '2024-12-07 10:32:27', 1),
(2900, 273, 34, 3, 213, 10.5, '2024-12-07', '2024-12-07 10:32:27', 1),
(2901, 144, 34, 3, 213, 11.25, '2024-12-07', '2024-12-07 10:32:27', 1),
(2902, 148, 34, 3, 213, 7.5, '2024-12-07', '2024-12-07 10:32:27', 1),
(2903, 149, 34, 3, 213, 12.5, '2024-12-07', '2024-12-07 10:32:27', 1),
(2904, 150, 34, 3, 213, 6.75, '2024-12-07', '2024-12-07 10:32:27', 1),
(2905, 151, 34, 3, 213, 15.5, '2024-12-07', '2024-12-07 10:32:28', 1),
(2906, 152, 34, 3, 213, 13.5, '2024-12-07', '2024-12-07 10:32:28', 1),
(2907, 153, 34, 3, 213, 14.5, '2024-12-07', '2024-12-07 10:32:28', 1),
(2908, 274, 34, 3, 213, 10.5, '2024-12-07', '2024-12-07 10:32:28', 1),
(2909, 275, 34, 3, 213, 18.5, '2024-12-07', '2024-12-07 10:32:28', 1),
(2910, 155, 34, 3, 213, 13.75, '2024-12-07', '2024-12-07 10:32:28', 1),
(2911, 276, 34, 3, 213, 8.75, '2024-12-07', '2024-12-07 10:32:28', 1),
(2912, 156, 34, 3, 213, 13.5, '2024-12-07', '2024-12-07 10:32:28', 1),
(2913, 277, 34, 3, 213, 12, '2024-12-07', '2024-12-07 10:32:28', 1),
(2914, 85, 35, 3, 214, 6, '2024-12-07', '2024-12-07 10:35:39', 1),
(2915, 86, 35, 3, 214, 15, '2024-12-07', '2024-12-07 10:35:39', 1),
(2916, 110, 35, 3, 214, 12, '2024-12-07', '2024-12-07 10:35:39', 1),
(2917, 111, 35, 3, 214, 5.8, '2024-12-07', '2024-12-07 10:35:39', 1),
(2918, 112, 35, 3, 214, 7.8, '2024-12-07', '2024-12-07 10:35:39', 1),
(2919, 113, 35, 3, 214, 12, '2024-12-07', '2024-12-07 10:35:39', 1),
(2920, 115, 35, 3, 214, 3.25, '2024-12-07', '2024-12-07 10:35:39', 1),
(2921, 270, 35, 3, 214, 9, '2024-12-07', '2024-12-07 10:35:39', 1),
(2922, 116, 35, 3, 214, 4.12, '2024-12-07', '2024-12-07 10:35:39', 1),
(2923, 271, 35, 3, 214, 5.62, '2024-12-07', '2024-12-07 10:35:39', 1),
(2924, 117, 35, 3, 214, 7.5, '2024-12-07', '2024-12-07 10:35:39', 1),
(2925, 118, 35, 3, 214, 16, '2024-12-07', '2024-12-07 10:35:39', 1),
(2926, 272, 35, 3, 214, 3.5, '2024-12-07', '2024-12-07 10:35:39', 1),
(2927, 120, 35, 3, 214, 12, '2024-12-07', '2024-12-07 10:35:39', 1),
(2928, 119, 35, 3, 214, 2.25, '2024-12-07', '2024-12-07 10:35:39', 1),
(2929, 141, 35, 3, 214, 16.62, '2024-12-07', '2024-12-07 10:35:39', 1),
(2930, 143, 35, 3, 214, 6, '2024-12-07', '2024-12-07 10:35:39', 1),
(2931, 273, 35, 3, 214, 1.75, '2024-12-07', '2024-12-07 10:35:39', 1),
(2932, 144, 35, 3, 214, 6.5, '2024-12-07', '2024-12-07 10:35:39', 1),
(2933, 148, 35, 3, 214, 3.5, '2024-12-07', '2024-12-07 10:35:39', 1),
(2934, 149, 35, 3, 214, 7.5, '2024-12-07', '2024-12-07 10:35:39', 1),
(2935, 150, 35, 3, 214, 11.5, '2024-12-07', '2024-12-07 10:35:39', 1),
(2936, 151, 35, 3, 214, 17.5, '2024-12-07', '2024-12-07 10:35:39', 1),
(2937, 152, 35, 3, 214, 12.5, '2024-12-07', '2024-12-07 10:35:39', 1),
(2938, 153, 35, 3, 214, 8, '2024-12-07', '2024-12-07 10:35:39', 1),
(2939, 274, 35, 3, 214, 8.62, '2024-12-07', '2024-12-07 10:35:39', 1),
(2940, 275, 35, 3, 214, 14.5, '2024-12-07', '2024-12-07 10:35:40', 1),
(2941, 155, 35, 3, 214, 7, '2024-12-07', '2024-12-07 10:35:40', 1),
(2942, 276, 35, 3, 214, 4.75, '2024-12-07', '2024-12-07 10:35:40', 1),
(2943, 156, 35, 3, 214, 17.5, '2024-12-07', '2024-12-07 10:35:40', 1),
(2944, 277, 35, 3, 214, 12, '2024-12-07', '2024-12-07 10:35:40', 1),
(2945, 85, 36, 3, 215, 5.33, '2024-12-07', '2024-12-07 10:39:49', 1),
(2946, 86, 36, 3, 215, 7.33, '2024-12-07', '2024-12-07 10:39:49', 1),
(2947, 110, 36, 3, 215, 7, '2024-12-07', '2024-12-07 10:39:49', 1),
(2948, 111, 36, 3, 215, 13, '2024-12-07', '2024-12-07 10:39:49', 1),
(2949, 112, 36, 3, 215, 12, '2024-12-07', '2024-12-07 10:39:49', 1),
(2950, 113, 36, 3, 215, 10.33, '2024-12-07', '2024-12-07 10:39:49', 1),
(2951, 115, 36, 3, 215, 10.33, '2024-12-07', '2024-12-07 10:39:49', 1),
(2952, 270, 36, 3, 215, 13, '2024-12-07', '2024-12-07 10:39:49', 1),
(2953, 116, 36, 3, 215, 9.66, '2024-12-07', '2024-12-07 10:39:49', 1),
(2954, 271, 36, 3, 215, 9.06, '2024-12-07', '2024-12-07 10:39:49', 1),
(2955, 117, 36, 3, 215, 9, '2024-12-07', '2024-12-07 10:39:49', 1),
(2956, 118, 36, 3, 215, 6, '2024-12-07', '2024-12-07 10:39:49', 1),
(2957, 272, 36, 3, 215, 11.66, '2024-12-07', '2024-12-07 10:39:49', 1),
(2958, 120, 36, 3, 215, 9.33, '2024-12-07', '2024-12-07 10:39:49', 1),
(2959, 119, 36, 3, 215, 6, '2024-12-07', '2024-12-07 10:39:49', 1),
(2960, 141, 36, 3, 215, 12, '2024-12-07', '2024-12-07 10:39:49', 1),
(2961, 143, 36, 3, 215, 6, '2024-12-07', '2024-12-07 10:39:49', 1),
(2962, 273, 36, 3, 215, 5.33, '2024-12-07', '2024-12-07 10:39:49', 1),
(2963, 144, 36, 3, 215, 9.66, '2024-12-07', '2024-12-07 10:39:49', 1),
(2964, 148, 36, 3, 215, 4.35, '2024-12-07', '2024-12-07 10:39:49', 1),
(2965, 149, 36, 3, 215, 10, '2024-12-07', '2024-12-07 10:39:49', 1),
(2966, 150, 36, 3, 215, 10.5, '2024-12-07', '2024-12-07 10:39:49', 1),
(2967, 151, 36, 3, 215, 18.33, '2024-12-07', '2024-12-07 10:39:49', 1),
(2968, 152, 36, 3, 215, 14.33, '2024-12-07', '2024-12-07 10:39:49', 1),
(2969, 153, 36, 3, 215, 7, '2024-12-07', '2024-12-07 10:39:49', 1),
(2970, 274, 36, 3, 215, 9.66, '2024-12-07', '2024-12-07 10:39:49', 1),
(2971, 275, 36, 3, 215, 11, '2024-12-07', '2024-12-07 10:39:49', 1),
(2972, 155, 36, 3, 215, 5.66, '2024-12-07', '2024-12-07 10:39:49', 1),
(2973, 276, 36, 3, 215, 5.66, '2024-12-07', '2024-12-07 10:39:49', 1),
(2974, 156, 36, 3, 215, 15.33, '2024-12-07', '2024-12-07 10:39:49', 1),
(2975, 277, 36, 3, 215, 9.33, '2024-12-07', '2024-12-07 10:39:49', 1),
(2976, 85, 37, 3, 216, 6.25, '2024-12-07', '2024-12-07 10:43:30', 1),
(2977, 86, 37, 3, 216, 15, '2024-12-07', '2024-12-07 10:43:30', 1),
(2978, 110, 37, 3, 216, 7.75, '2024-12-07', '2024-12-07 10:43:30', 1),
(2979, 111, 37, 3, 216, 2.5, '2024-12-07', '2024-12-07 10:43:30', 1),
(2980, 112, 37, 3, 216, 18, '2024-12-07', '2024-12-07 10:43:30', 1),
(2981, 113, 37, 3, 216, 18, '2024-12-07', '2024-12-07 10:43:30', 1),
(2982, 115, 37, 3, 216, 15.5, '2024-12-07', '2024-12-07 10:43:30', 1),
(2983, 270, 37, 3, 216, 10.25, '2024-12-07', '2024-12-07 10:43:30', 1),
(2984, 116, 37, 3, 216, 19, '2024-12-07', '2024-12-07 10:43:30', 1),
(2985, 271, 37, 3, 216, 10.25, '2024-12-07', '2024-12-07 10:43:30', 1),
(2986, 117, 37, 3, 216, 14.5, '2024-12-07', '2024-12-07 10:43:30', 1),
(2987, 118, 37, 3, 216, 12, '2024-12-07', '2024-12-07 10:43:30', 1),
(2988, 272, 37, 3, 216, 12.75, '2024-12-07', '2024-12-07 10:43:30', 1),
(2989, 120, 37, 3, 216, 17.75, '2024-12-07', '2024-12-07 10:43:30', 1),
(2990, 119, 37, 3, 216, 7.5, '2024-12-07', '2024-12-07 10:43:30', 1),
(2991, 141, 37, 3, 216, 15.25, '2024-12-07', '2024-12-07 10:43:30', 1),
(2992, 143, 37, 3, 216, 2, '2024-12-07', '2024-12-07 10:43:30', 1),
(2993, 273, 37, 3, 216, 11.25, '2024-12-07', '2024-12-07 10:43:30', 1),
(2994, 144, 37, 3, 216, 12.25, '2024-12-07', '2024-12-07 10:43:30', 1),
(2995, 148, 37, 3, 216, 6, '2024-12-07', '2024-12-07 10:43:30', 1),
(2996, 149, 37, 3, 216, 6, '2024-12-07', '2024-12-07 10:43:30', 1),
(2997, 150, 37, 3, 216, 7, '2024-12-07', '2024-12-07 10:43:30', 1),
(2998, 151, 37, 3, 216, 19, '2024-12-07', '2024-12-07 10:43:30', 1),
(2999, 152, 37, 3, 216, 18, '2024-12-07', '2024-12-07 10:43:30', 1),
(3000, 153, 37, 3, 216, 9.5, '2024-12-07', '2024-12-07 10:43:30', 1),
(3001, 274, 37, 3, 216, 8, '2024-12-07', '2024-12-07 10:43:30', 1),
(3002, 275, 37, 3, 216, 19.5, '2024-12-07', '2024-12-07 10:43:30', 1),
(3003, 155, 37, 3, 216, 6.25, '2024-12-07', '2024-12-07 10:43:30', 1),
(3004, 276, 37, 3, 216, 15.25, '2024-12-07', '2024-12-07 10:43:30', 1),
(3005, 156, 37, 3, 216, 14.25, '2024-12-07', '2024-12-07 10:43:30', 1),
(3006, 277, 37, 3, 216, 13.75, '2024-12-07', '2024-12-07 10:43:30', 1),
(3007, 85, 39, 3, 218, 13.5, '2024-12-07', '2024-12-07 10:50:08', 1),
(3008, 86, 39, 3, 218, 13, '2024-12-07', '2024-12-07 10:50:08', 1),
(3009, 110, 39, 3, 218, 11.5, '2024-12-07', '2024-12-07 10:50:08', 1),
(3010, 111, 39, 3, 218, 10, '2024-12-07', '2024-12-07 10:50:08', 1),
(3011, 112, 39, 3, 218, 16.5, '2024-12-07', '2024-12-07 10:50:08', 1),
(3012, 113, 39, 3, 218, 13, '2024-12-07', '2024-12-07 10:50:08', 1),
(3013, 115, 39, 3, 218, 16, '2024-12-07', '2024-12-07 10:50:08', 1),
(3014, 270, 39, 3, 218, 16.5, '2024-12-07', '2024-12-07 10:50:08', 1),
(3015, 116, 39, 3, 218, 12.5, '2024-12-07', '2024-12-07 10:50:08', 1),
(3016, 271, 39, 3, 218, 19.5, '2024-12-07', '2024-12-07 10:50:08', 1),
(3017, 117, 39, 3, 218, 10.5, '2024-12-07', '2024-12-07 10:50:08', 1),
(3018, 118, 39, 3, 218, 12, '2024-12-07', '2024-12-07 10:50:08', 1),
(3019, 272, 39, 3, 218, 17, '2024-12-07', '2024-12-07 10:50:08', 1),
(3020, 120, 39, 3, 218, 11, '2024-12-07', '2024-12-07 10:50:08', 1),
(3021, 119, 39, 3, 218, 12, '2024-12-07', '2024-12-07 10:50:08', 1),
(3022, 141, 39, 3, 218, 13, '2024-12-07', '2024-12-07 10:50:08', 1),
(3023, 143, 39, 3, 218, 12.5, '2024-12-07', '2024-12-07 10:50:08', 1),
(3024, 273, 39, 3, 218, 16.5, '2024-12-07', '2024-12-07 10:50:08', 1),
(3025, 144, 39, 3, 218, 10.5, '2024-12-07', '2024-12-07 10:50:08', 1),
(3026, 148, 39, 3, 218, 12.5, '2024-12-07', '2024-12-07 10:50:08', 1),
(3027, 149, 39, 3, 218, 14.5, '2024-12-07', '2024-12-07 10:50:08', 1),
(3028, 150, 39, 3, 218, 15, '2024-12-07', '2024-12-07 10:50:08', 1),
(3029, 151, 39, 3, 218, 16, '2024-12-07', '2024-12-07 10:50:08', 1),
(3030, 152, 39, 3, 218, 14.5, '2024-12-07', '2024-12-07 10:50:08', 1),
(3031, 153, 39, 3, 218, 14, '2024-12-07', '2024-12-07 10:50:08', 1),
(3032, 274, 39, 3, 218, 17.5, '2024-12-07', '2024-12-07 10:50:08', 1),
(3033, 275, 39, 3, 218, 12, '2024-12-07', '2024-12-07 10:50:08', 1),
(3034, 155, 39, 3, 218, 13, '2024-12-07', '2024-12-07 10:50:08', 1),
(3035, 276, 39, 3, 218, 14, '2024-12-07', '2024-12-07 10:50:08', 1),
(3036, 156, 39, 3, 218, 9.5, '2024-12-07', '2024-12-07 10:50:08', 1),
(3037, 277, 39, 3, 218, 13.5, '2024-12-07', '2024-12-07 10:50:08', 1),
(3038, 85, 40, 3, 219, 17, '2024-12-07', '2024-12-07 10:51:57', 1),
(3039, 86, 40, 3, 219, 17, '2024-12-07', '2024-12-07 10:51:57', 1),
(3040, 110, 40, 3, 219, 17, '2024-12-07', '2024-12-07 10:51:57', 1),
(3041, 111, 40, 3, 219, 17, '2024-12-07', '2024-12-07 10:51:57', 1),
(3042, 112, 40, 3, 219, 17, '2024-12-07', '2024-12-07 10:51:57', 1),
(3043, 113, 40, 3, 219, 17, '2024-12-07', '2024-12-07 10:51:57', 1),
(3044, 115, 40, 3, 219, 14, '2024-12-07', '2024-12-07 10:51:57', 1),
(3045, 270, 40, 3, 219, 17, '2024-12-07', '2024-12-07 10:51:57', 1),
(3046, 116, 40, 3, 219, 16, '2024-12-07', '2024-12-07 10:51:57', 1),
(3047, 271, 40, 3, 219, 17, '2024-12-07', '2024-12-07 10:51:57', 1),
(3048, 117, 40, 3, 219, 16, '2024-12-07', '2024-12-07 10:51:57', 1),
(3049, 118, 40, 3, 219, 17, '2024-12-07', '2024-12-07 10:51:57', 1),
(3050, 272, 40, 3, 219, 17, '2024-12-07', '2024-12-07 10:51:57', 1),
(3051, 120, 40, 3, 219, 17, '2024-12-07', '2024-12-07 10:51:57', 1),
(3052, 119, 40, 3, 219, 17, '2024-12-07', '2024-12-07 10:51:57', 1),
(3053, 141, 40, 3, 219, 17, '2024-12-07', '2024-12-07 10:51:57', 1),
(3054, 143, 40, 3, 219, 17, '2024-12-07', '2024-12-07 10:51:57', 1),
(3055, 273, 40, 3, 219, 17, '2024-12-07', '2024-12-07 10:51:57', 1),
(3056, 144, 40, 3, 219, 17, '2024-12-07', '2024-12-07 10:51:57', 1),
(3057, 148, 40, 3, 219, 17, '2024-12-07', '2024-12-07 10:51:57', 1),
(3058, 149, 40, 3, 219, 17, '2024-12-07', '2024-12-07 10:51:57', 1),
(3059, 150, 40, 3, 219, 16, '2024-12-07', '2024-12-07 10:51:57', 1),
(3060, 151, 40, 3, 219, 17, '2024-12-07', '2024-12-07 10:51:57', 1),
(3061, 152, 40, 3, 219, 17, '2024-12-07', '2024-12-07 10:51:57', 1),
(3062, 153, 40, 3, 219, 17, '2024-12-07', '2024-12-07 10:51:57', 1),
(3063, 274, 40, 3, 219, 17, '2024-12-07', '2024-12-07 10:51:57', 1),
(3064, 275, 40, 3, 219, 17, '2024-12-07', '2024-12-07 10:51:57', 1),
(3065, 155, 40, 3, 219, 17, '2024-12-07', '2024-12-07 10:51:57', 1),
(3066, 276, 40, 3, 219, 17, '2024-12-07', '2024-12-07 10:51:57', 1),
(3067, 156, 40, 3, 219, 17, '2024-12-07', '2024-12-07 10:51:57', 1),
(3068, 277, 40, 3, 219, 17, '2024-12-07', '2024-12-07 10:51:57', 1),
(3069, 85, 32, 2, 221, 10, '2024-12-07', '2024-12-07 10:54:58', 1),
(3070, 86, 32, 2, 221, 10, '2024-12-07', '2024-12-07 10:54:58', 1),
(3071, 110, 32, 2, 221, 8, '2024-12-07', '2024-12-07 10:54:58', 1),
(3072, 111, 32, 2, 221, 10, '2024-12-07', '2024-12-07 10:54:58', 1),
(3073, 112, 32, 2, 221, 6, '2024-12-07', '2024-12-07 10:54:58', 1),
(3074, 113, 32, 2, 221, 7, '2024-12-07', '2024-12-07 10:54:58', 1),
(3075, 115, 32, 2, 221, 11, '2024-12-07', '2024-12-07 10:54:58', 1),
(3076, 270, 32, 2, 221, 8, '2024-12-07', '2024-12-07 10:54:58', 1),
(3077, 116, 32, 2, 221, 12, '2024-12-07', '2024-12-07 10:54:58', 1),
(3078, 271, 32, 2, 221, 6, '2024-12-07', '2024-12-07 10:54:58', 1),
(3079, 117, 32, 2, 221, 6, '2024-12-07', '2024-12-07 10:54:58', 1),
(3080, 118, 32, 2, 221, 10, '2024-12-07', '2024-12-07 10:54:58', 1),
(3081, 272, 32, 2, 221, 6, '2024-12-07', '2024-12-07 10:54:58', 1),
(3082, 120, 32, 2, 221, 11, '2024-12-07', '2024-12-07 10:54:58', 1),
(3083, 119, 32, 2, 221, 10, '2024-12-07', '2024-12-07 10:54:58', 1),
(3084, 141, 32, 2, 221, 9, '2024-12-07', '2024-12-07 10:54:58', 1),
(3085, 143, 32, 2, 221, 8, '2024-12-07', '2024-12-07 10:54:58', 1),
(3086, 273, 32, 2, 221, 7, '2024-12-07', '2024-12-07 10:54:58', 1),
(3087, 144, 32, 2, 221, 9, '2024-12-07', '2024-12-07 10:54:58', 1),
(3088, 148, 32, 2, 221, 4, '2024-12-07', '2024-12-07 10:54:59', 1),
(3089, 149, 32, 2, 221, 10, '2024-12-07', '2024-12-07 10:54:59', 1),
(3090, 150, 32, 2, 221, 10, '2024-12-07', '2024-12-07 10:54:59', 1),
(3091, 151, 32, 2, 221, 10.5, '2024-12-07', '2024-12-07 10:54:59', 1),
(3092, 152, 32, 2, 221, 12, '2024-12-07', '2024-12-07 10:54:59', 1),
(3093, 153, 32, 2, 221, 9, '2024-12-07', '2024-12-07 10:54:59', 1),
(3094, 274, 32, 2, 221, 5, '2024-12-07', '2024-12-07 10:54:59', 1),
(3095, 275, 32, 2, 221, 13, '2024-12-07', '2024-12-07 10:54:59', 1),
(3096, 155, 32, 2, 221, 11, '2024-12-07', '2024-12-07 10:54:59', 1),
(3097, 276, 32, 2, 221, 8, '2024-12-07', '2024-12-07 10:54:59', 1),
(3098, 156, 32, 2, 221, 11, '2024-12-07', '2024-12-07 10:54:59', 1),
(3099, 277, 32, 2, 221, 9, '2024-12-07', '2024-12-07 10:54:59', 1),
(3100, 85, 33, 2, 222, 8, '2024-12-07', '2024-12-07 10:59:07', 1),
(3101, 86, 33, 2, 222, 14, '2024-12-07', '2024-12-07 10:59:07', 1),
(3102, 110, 33, 2, 222, 5, '2024-12-07', '2024-12-07 10:59:07', 1),
(3103, 111, 33, 2, 222, 6, '2024-12-07', '2024-12-07 10:59:07', 1),
(3104, 112, 33, 2, 222, 12, '2024-12-07', '2024-12-07 10:59:07', 1),
(3105, 113, 33, 2, 222, 14, '2024-12-07', '2024-12-07 10:59:07', 1),
(3106, 115, 33, 2, 222, 11, '2024-12-07', '2024-12-07 10:59:07', 1),
(3107, 270, 33, 2, 222, 11, '2024-12-07', '2024-12-07 10:59:07', 1),
(3108, 116, 33, 2, 222, 13, '2024-12-07', '2024-12-07 10:59:07', 1),
(3109, 271, 33, 2, 222, 12, '2024-12-07', '2024-12-07 10:59:07', 1),
(3110, 117, 33, 2, 222, 11, '2024-12-07', '2024-12-07 10:59:07', 1),
(3111, 118, 33, 2, 222, 13, '2024-12-07', '2024-12-07 10:59:07', 1),
(3112, 272, 33, 2, 222, 11, '2024-12-07', '2024-12-07 10:59:07', 1),
(3113, 120, 33, 2, 222, 8, '2024-12-07', '2024-12-07 10:59:07', 1),
(3114, 119, 33, 2, 222, 9, '2024-12-07', '2024-12-07 10:59:07', 1),
(3115, 141, 33, 2, 222, 10, '2024-12-07', '2024-12-07 10:59:07', 1),
(3116, 143, 33, 2, 222, 11, '2024-12-07', '2024-12-07 10:59:07', 1),
(3117, 273, 33, 2, 222, 12, '2024-12-07', '2024-12-07 10:59:07', 1),
(3118, 144, 33, 2, 222, 10, '2024-12-07', '2024-12-07 10:59:07', 1),
(3119, 148, 33, 2, 222, 13, '2024-12-07', '2024-12-07 10:59:07', 1),
(3120, 149, 33, 2, 222, 12, '2024-12-07', '2024-12-07 10:59:07', 1),
(3121, 150, 33, 2, 222, 8, '2024-12-07', '2024-12-07 10:59:07', 1),
(3122, 151, 33, 2, 222, 13, '2024-12-07', '2024-12-07 10:59:07', 1);
INSERT INTO `notes` (`id`, `eleve_id`, `matiere_id`, `evaluation_id`, `examinations_id`, `note`, `date_evaluation`, `created_at`, `trimestre`) VALUES
(3123, 152, 33, 2, 222, 11, '2024-12-07', '2024-12-07 10:59:07', 1),
(3124, 153, 33, 2, 222, 13, '2024-12-07', '2024-12-07 10:59:07', 1),
(3125, 274, 33, 2, 222, 13, '2024-12-07', '2024-12-07 10:59:07', 1),
(3126, 275, 33, 2, 222, 15, '2024-12-07', '2024-12-07 10:59:07', 1),
(3127, 155, 33, 2, 222, 13, '2024-12-07', '2024-12-07 10:59:07', 1),
(3128, 276, 33, 2, 222, 12, '2024-12-07', '2024-12-07 10:59:08', 1),
(3129, 156, 33, 2, 222, 11, '2024-12-07', '2024-12-07 10:59:08', 1),
(3130, 277, 33, 2, 222, 13, '2024-12-07', '2024-12-07 10:59:08', 1),
(3131, 85, 34, 2, 223, 7, '2024-12-07', '2024-12-07 11:01:58', 1),
(3132, 86, 34, 2, 223, 17, '2024-12-07', '2024-12-07 11:01:58', 1),
(3133, 110, 34, 2, 223, 8, '2024-12-07', '2024-12-07 11:01:58', 1),
(3134, 111, 34, 2, 223, 6.5, '2024-12-07', '2024-12-07 11:01:58', 1),
(3135, 112, 34, 2, 223, 10.5, '2024-12-07', '2024-12-07 11:01:58', 1),
(3136, 113, 34, 2, 223, 8, '2024-12-07', '2024-12-07 11:01:58', 1),
(3137, 115, 34, 2, 223, 7, '2024-12-07', '2024-12-07 11:01:58', 1),
(3138, 270, 34, 2, 223, 10.5, '2024-12-07', '2024-12-07 11:01:58', 1),
(3139, 116, 34, 2, 223, 9, '2024-12-07', '2024-12-07 11:01:58', 1),
(3140, 271, 34, 2, 223, 10.5, '2024-12-07', '2024-12-07 11:01:58', 1),
(3141, 117, 34, 2, 223, 7, '2024-12-07', '2024-12-07 11:01:58', 1),
(3142, 118, 34, 2, 223, 17.75, '2024-12-07', '2024-12-07 11:01:58', 1),
(3143, 272, 34, 2, 223, 8, '2024-12-07', '2024-12-07 11:01:58', 1),
(3144, 120, 34, 2, 223, 5, '2024-12-07', '2024-12-07 11:01:58', 1),
(3145, 119, 34, 2, 223, 5, '2024-12-07', '2024-12-07 11:01:58', 1),
(3146, 141, 34, 2, 223, 14, '2024-12-07', '2024-12-07 11:01:58', 1),
(3147, 143, 34, 2, 223, 7.5, '2024-12-07', '2024-12-07 11:01:58', 1),
(3148, 273, 34, 2, 223, 7.5, '2024-12-07', '2024-12-07 11:01:58', 1),
(3149, 144, 34, 2, 223, 14, '2024-12-07', '2024-12-07 11:01:58', 1),
(3150, 148, 34, 2, 223, 8, '2024-12-07', '2024-12-07 11:01:58', 1),
(3151, 149, 34, 2, 223, 16.5, '2024-12-07', '2024-12-07 11:01:58', 1),
(3152, 150, 34, 2, 223, 6.5, '2024-12-07', '2024-12-07 11:01:58', 1),
(3153, 151, 34, 2, 223, 16.5, '2024-12-07', '2024-12-07 11:01:58', 1),
(3154, 152, 34, 2, 223, 15.75, '2024-12-07', '2024-12-07 11:01:58', 1),
(3155, 153, 34, 2, 223, 14.5, '2024-12-07', '2024-12-07 11:01:58', 1),
(3156, 274, 34, 2, 223, 10, '2024-12-07', '2024-12-07 11:01:58', 1),
(3157, 275, 34, 2, 223, 14, '2024-12-07', '2024-12-07 11:01:58', 1),
(3158, 155, 34, 2, 223, 14.75, '2024-12-07', '2024-12-07 11:01:58', 1),
(3159, 276, 34, 2, 223, 8.75, '2024-12-07', '2024-12-07 11:01:58', 1),
(3160, 156, 34, 2, 223, 15, '2024-12-07', '2024-12-07 11:01:58', 1),
(3161, 277, 34, 2, 223, 11.75, '2024-12-07', '2024-12-07 11:01:58', 1),
(3162, 85, 35, 2, 224, 4, '2024-12-07', '2024-12-07 11:04:39', 1),
(3163, 86, 35, 2, 224, 15, '2024-12-07', '2024-12-07 11:04:40', 1),
(3164, 110, 35, 2, 224, 4, '2024-12-07', '2024-12-07 11:04:40', 1),
(3165, 111, 35, 2, 224, 5, '2024-12-07', '2024-12-07 11:04:40', 1),
(3166, 112, 35, 2, 224, 1, '2024-12-07', '2024-12-07 11:04:40', 1),
(3167, 113, 35, 2, 224, 16, '2024-12-07', '2024-12-07 11:04:40', 1),
(3168, 115, 35, 2, 224, 7, '2024-12-07', '2024-12-07 11:04:40', 1),
(3169, 270, 35, 2, 224, 7, '2024-12-07', '2024-12-07 11:04:40', 1),
(3170, 116, 35, 2, 224, 9, '2024-12-07', '2024-12-07 11:04:40', 1),
(3171, 271, 35, 2, 224, 7, '2024-12-07', '2024-12-07 11:04:40', 1),
(3172, 117, 35, 2, 224, 4, '2024-12-07', '2024-12-07 11:04:40', 1),
(3173, 118, 35, 2, 224, 11, '2024-12-07', '2024-12-07 11:04:40', 1),
(3174, 272, 35, 2, 224, 7, '2024-12-07', '2024-12-07 11:04:40', 1),
(3175, 120, 35, 2, 224, 8, '2024-12-07', '2024-12-07 11:04:40', 1),
(3176, 119, 35, 2, 224, 7, '2024-12-07', '2024-12-07 11:04:40', 1),
(3177, 141, 35, 2, 224, 18, '2024-12-07', '2024-12-07 11:04:40', 1),
(3178, 143, 35, 2, 224, 7, '2024-12-07', '2024-12-07 11:04:40', 1),
(3179, 273, 35, 2, 224, 5, '2024-12-07', '2024-12-07 11:04:40', 1),
(3180, 144, 35, 2, 224, 7, '2024-12-07', '2024-12-07 11:04:40', 1),
(3181, 148, 35, 2, 224, 5, '2024-12-07', '2024-12-07 11:04:40', 1),
(3182, 149, 35, 2, 224, 15, '2024-12-07', '2024-12-07 11:04:40', 1),
(3183, 150, 35, 2, 224, 10, '2024-12-07', '2024-12-07 11:04:40', 1),
(3184, 151, 35, 2, 224, 18, '2024-12-07', '2024-12-07 11:04:40', 1),
(3185, 152, 35, 2, 224, 18, '2024-12-07', '2024-12-07 11:04:40', 1),
(3186, 153, 35, 2, 224, 14, '2024-12-07', '2024-12-07 11:04:40', 1),
(3187, 274, 35, 2, 224, 6, '2024-12-07', '2024-12-07 11:04:40', 1),
(3188, 275, 35, 2, 224, 16, '2024-12-07', '2024-12-07 11:04:40', 1),
(3189, 155, 35, 2, 224, 10, '2024-12-07', '2024-12-07 11:04:40', 1),
(3190, 276, 35, 2, 224, 7, '2024-12-07', '2024-12-07 11:04:40', 1),
(3191, 156, 35, 2, 224, 16, '2024-12-07', '2024-12-07 11:04:40', 1),
(3192, 277, 35, 2, 224, 3, '2024-12-07', '2024-12-07 11:04:40', 1),
(3193, 85, 36, 2, 225, 11, '2024-12-07', '2024-12-07 11:08:09', 1),
(3194, 86, 36, 2, 225, 18, '2024-12-07', '2024-12-07 11:08:09', 1),
(3195, 110, 36, 2, 225, 11, '2024-12-07', '2024-12-07 11:08:09', 1),
(3196, 111, 36, 2, 225, 10, '2024-12-07', '2024-12-07 11:08:09', 1),
(3197, 112, 36, 2, 225, 14, '2024-12-07', '2024-12-07 11:08:09', 1),
(3198, 113, 36, 2, 225, 17, '2024-12-07', '2024-12-07 11:08:09', 1),
(3199, 115, 36, 2, 225, 9, '2024-12-07', '2024-12-07 11:08:09', 1),
(3200, 270, 36, 2, 225, 11, '2024-12-07', '2024-12-07 11:08:09', 1),
(3201, 116, 36, 2, 225, 15, '2024-12-07', '2024-12-07 11:08:09', 1),
(3202, 271, 36, 2, 225, 10, '2024-12-07', '2024-12-07 11:08:09', 1),
(3203, 117, 36, 2, 225, 14, '2024-12-07', '2024-12-07 11:08:09', 1),
(3204, 118, 36, 2, 225, 12, '2024-12-07', '2024-12-07 11:08:09', 1),
(3205, 272, 36, 2, 225, 12, '2024-12-07', '2024-12-07 11:08:09', 1),
(3206, 120, 36, 2, 225, 12, '2024-12-07', '2024-12-07 11:08:09', 1),
(3207, 119, 36, 2, 225, 8, '2024-12-07', '2024-12-07 11:08:09', 1),
(3208, 141, 36, 2, 225, 12, '2024-12-07', '2024-12-07 11:08:09', 1),
(3209, 143, 36, 2, 225, 7, '2024-12-07', '2024-12-07 11:08:09', 1),
(3210, 273, 36, 2, 225, 10, '2024-12-07', '2024-12-07 11:08:09', 1),
(3211, 144, 36, 2, 225, 15, '2024-12-07', '2024-12-07 11:08:09', 1),
(3212, 148, 36, 2, 225, 9, '2024-12-07', '2024-12-07 11:08:09', 1),
(3213, 149, 36, 2, 225, 16, '2024-12-07', '2024-12-07 11:08:09', 1),
(3214, 150, 36, 2, 225, 11, '2024-12-07', '2024-12-07 11:08:09', 1),
(3215, 151, 36, 2, 225, 19, '2024-12-07', '2024-12-07 11:08:09', 1),
(3216, 152, 36, 2, 225, 18, '2024-12-07', '2024-12-07 11:08:09', 1),
(3217, 153, 36, 2, 225, 11, '2024-12-07', '2024-12-07 11:08:09', 1),
(3218, 274, 36, 2, 225, 14, '2024-12-07', '2024-12-07 11:08:09', 1),
(3219, 275, 36, 2, 225, 18, '2024-12-07', '2024-12-07 11:08:09', 1),
(3220, 155, 36, 2, 225, 10, '2024-12-07', '2024-12-07 11:08:09', 1),
(3221, 276, 36, 2, 225, 9, '2024-12-07', '2024-12-07 11:08:09', 1),
(3222, 156, 36, 2, 225, 18, '2024-12-07', '2024-12-07 11:08:09', 1),
(3223, 277, 36, 2, 225, 9, '2024-12-07', '2024-12-07 11:08:09', 1),
(3224, 85, 37, 2, 226, 6, '2024-12-07', '2024-12-07 11:10:14', 1),
(3225, 86, 37, 2, 226, 16, '2024-12-07', '2024-12-07 11:10:14', 1),
(3226, 110, 37, 2, 226, 13, '2024-12-07', '2024-12-07 11:10:14', 1),
(3227, 111, 37, 2, 226, 9, '2024-12-07', '2024-12-07 11:10:14', 1),
(3228, 112, 37, 2, 226, 12, '2024-12-07', '2024-12-07 11:10:14', 1),
(3229, 113, 37, 2, 226, 18, '2024-12-07', '2024-12-07 11:10:14', 1),
(3230, 115, 37, 2, 226, 11, '2024-12-07', '2024-12-07 11:10:14', 1),
(3231, 270, 37, 2, 226, 12, '2024-12-07', '2024-12-07 11:10:14', 1),
(3232, 116, 37, 2, 226, 19, '2024-12-07', '2024-12-07 11:10:14', 1),
(3233, 271, 37, 2, 226, 4, '2024-12-07', '2024-12-07 11:10:14', 1),
(3234, 117, 37, 2, 226, 11, '2024-12-07', '2024-12-07 11:10:14', 1),
(3235, 118, 37, 2, 226, 12, '2024-12-07', '2024-12-07 11:10:14', 1),
(3236, 272, 37, 2, 226, 8, '2024-12-07', '2024-12-07 11:10:14', 1),
(3237, 120, 37, 2, 226, 19, '2024-12-07', '2024-12-07 11:10:14', 1),
(3238, 119, 37, 2, 226, 7, '2024-12-07', '2024-12-07 11:10:14', 1),
(3239, 141, 37, 2, 226, 19, '2024-12-07', '2024-12-07 11:10:14', 1),
(3240, 143, 37, 2, 226, 4, '2024-12-07', '2024-12-07 11:10:14', 1),
(3241, 273, 37, 2, 226, 4, '2024-12-07', '2024-12-07 11:10:14', 1),
(3242, 144, 37, 2, 226, 14, '2024-12-07', '2024-12-07 11:10:14', 1),
(3243, 148, 37, 2, 226, 5, '2024-12-07', '2024-12-07 11:10:14', 1),
(3244, 149, 37, 2, 226, 16, '2024-12-07', '2024-12-07 11:10:14', 1),
(3245, 150, 37, 2, 226, 8, '2024-12-07', '2024-12-07 11:10:14', 1),
(3246, 151, 37, 2, 226, 19, '2024-12-07', '2024-12-07 11:10:14', 1),
(3247, 152, 37, 2, 226, 17, '2024-12-07', '2024-12-07 11:10:14', 1),
(3248, 153, 37, 2, 226, 8, '2024-12-07', '2024-12-07 11:10:14', 1),
(3249, 274, 37, 2, 226, 6, '2024-12-07', '2024-12-07 11:10:14', 1),
(3250, 275, 37, 2, 226, 19, '2024-12-07', '2024-12-07 11:10:14', 1),
(3251, 155, 37, 2, 226, 7, '2024-12-07', '2024-12-07 11:10:14', 1),
(3252, 276, 37, 2, 226, 11, '2024-12-07', '2024-12-07 11:10:14', 1),
(3253, 156, 37, 2, 226, 19, '2024-12-07', '2024-12-07 11:10:14', 1),
(3254, 277, 37, 2, 226, 11, '2024-12-07', '2024-12-07 11:10:14', 1),
(3286, 85, 38, 2, 227, 14, '2024-12-07', '2024-12-07 11:14:43', 1),
(3287, 86, 38, 2, 227, 19, '2024-12-07', '2024-12-07 11:14:43', 1),
(3288, 110, 38, 2, 227, 15, '2024-12-07', '2024-12-07 11:14:43', 1),
(3289, 111, 38, 2, 227, 16, '2024-12-07', '2024-12-07 11:14:43', 1),
(3290, 112, 38, 2, 227, 17, '2024-12-07', '2024-12-07 11:14:43', 1),
(3291, 113, 38, 2, 227, 18, '2024-12-07', '2024-12-07 11:14:43', 1),
(3292, 115, 38, 2, 227, 13, '2024-12-07', '2024-12-07 11:14:43', 1),
(3293, 270, 38, 2, 227, 18, '2024-12-07', '2024-12-07 11:14:43', 1),
(3294, 116, 38, 2, 227, 16, '2024-12-07', '2024-12-07 11:14:43', 1),
(3295, 271, 38, 2, 227, 19, '2024-12-07', '2024-12-07 11:14:43', 1),
(3296, 117, 38, 2, 227, 15, '2024-12-07', '2024-12-07 11:14:43', 1),
(3297, 118, 38, 2, 227, 20, '2024-12-07', '2024-12-07 11:14:43', 1),
(3298, 272, 38, 2, 227, 18, '2024-12-07', '2024-12-07 11:14:43', 1),
(3299, 120, 38, 2, 227, 15, '2024-12-07', '2024-12-07 11:14:43', 1),
(3300, 119, 38, 2, 227, 16, '2024-12-07', '2024-12-07 11:14:43', 1),
(3301, 141, 38, 2, 227, 16, '2024-12-07', '2024-12-07 11:14:43', 1),
(3302, 143, 38, 2, 227, 14, '2024-12-07', '2024-12-07 11:14:43', 1),
(3303, 273, 38, 2, 227, 18, '2024-12-07', '2024-12-07 11:14:43', 1),
(3304, 144, 38, 2, 227, 20, '2024-12-07', '2024-12-07 11:14:43', 1),
(3305, 148, 38, 2, 227, 18, '2024-12-07', '2024-12-07 11:14:43', 1),
(3306, 149, 38, 2, 227, 20, '2024-12-07', '2024-12-07 11:14:43', 1),
(3307, 150, 38, 2, 227, 16, '2024-12-07', '2024-12-07 11:14:43', 1),
(3308, 151, 38, 2, 227, 20, '2024-12-07', '2024-12-07 11:14:43', 1),
(3309, 152, 38, 2, 227, 19, '2024-12-07', '2024-12-07 11:14:43', 1),
(3310, 153, 38, 2, 227, 16, '2024-12-07', '2024-12-07 11:14:43', 1),
(3311, 274, 38, 2, 227, 16, '2024-12-07', '2024-12-07 11:14:43', 1),
(3312, 275, 38, 2, 227, 20, '2024-12-07', '2024-12-07 11:14:43', 1),
(3313, 155, 38, 2, 227, 18, '2024-12-07', '2024-12-07 11:14:43', 1),
(3314, 276, 38, 2, 227, 19, '2024-12-07', '2024-12-07 11:14:43', 1),
(3315, 156, 38, 2, 227, 19, '2024-12-07', '2024-12-07 11:14:43', 1),
(3316, 277, 38, 2, 227, 17, '2024-12-07', '2024-12-07 11:14:43', 1),
(3317, 85, 39, 2, 230, 0, '2024-12-07', '2024-12-07 11:21:16', 1),
(3318, 86, 39, 2, 230, 15, '2024-12-07', '2024-12-07 11:21:16', 1),
(3319, 110, 39, 2, 230, 15.5, '2024-12-07', '2024-12-07 11:21:16', 1),
(3320, 111, 39, 2, 230, 14.5, '2024-12-07', '2024-12-07 11:21:16', 1),
(3321, 112, 39, 2, 230, 14.5, '2024-12-07', '2024-12-07 11:21:16', 1),
(3322, 113, 39, 2, 230, 14, '2024-12-07', '2024-12-07 11:21:16', 1),
(3323, 115, 39, 2, 230, 13, '2024-12-07', '2024-12-07 11:21:16', 1),
(3324, 270, 39, 2, 230, 17.5, '2024-12-07', '2024-12-07 11:21:16', 1),
(3325, 116, 39, 2, 230, 17.5, '2024-12-07', '2024-12-07 11:21:16', 1),
(3326, 271, 39, 2, 230, 15.5, '2024-12-07', '2024-12-07 11:21:16', 1),
(3327, 117, 39, 2, 230, 15.5, '2024-12-07', '2024-12-07 11:21:16', 1),
(3328, 118, 39, 2, 230, 14.5, '2024-12-07', '2024-12-07 11:21:16', 1),
(3329, 272, 39, 2, 230, 15, '2024-12-07', '2024-12-07 11:21:16', 1),
(3330, 120, 39, 2, 230, 15.5, '2024-12-07', '2024-12-07 11:21:16', 1),
(3331, 119, 39, 2, 230, 15.5, '2024-12-07', '2024-12-07 11:21:16', 1),
(3332, 141, 39, 2, 230, 15.5, '2024-12-07', '2024-12-07 11:21:16', 1),
(3333, 143, 39, 2, 230, 17.5, '2024-12-07', '2024-12-07 11:21:16', 1),
(3334, 273, 39, 2, 230, 15, '2024-12-07', '2024-12-07 11:21:16', 1),
(3335, 144, 39, 2, 230, 14.5, '2024-12-07', '2024-12-07 11:21:16', 1),
(3336, 148, 39, 2, 230, 15.5, '2024-12-07', '2024-12-07 11:21:16', 1),
(3337, 149, 39, 2, 230, 17.5, '2024-12-07', '2024-12-07 11:21:16', 1),
(3338, 150, 39, 2, 230, 14.5, '2024-12-07', '2024-12-07 11:21:16', 1),
(3339, 151, 39, 2, 230, 17.5, '2024-12-07', '2024-12-07 11:21:16', 1),
(3340, 152, 39, 2, 230, 17.5, '2024-12-07', '2024-12-07 11:21:16', 1),
(3341, 153, 39, 2, 230, 15, '2024-12-07', '2024-12-07 11:21:16', 1),
(3342, 274, 39, 2, 230, 14.5, '2024-12-07', '2024-12-07 11:21:16', 1),
(3343, 275, 39, 2, 230, 17.5, '2024-12-07', '2024-12-07 11:21:16', 1),
(3344, 155, 39, 2, 230, 14, '2024-12-07', '2024-12-07 11:21:16', 1),
(3345, 276, 39, 2, 230, 17.5, '2024-12-07', '2024-12-07 11:21:16', 1),
(3346, 156, 39, 2, 230, 14.83, '2024-12-07', '2024-12-07 11:21:16', 1),
(3347, 277, 39, 2, 230, 14, '2024-12-07', '2024-12-07 11:21:16', 1),
(3348, 85, 40, 2, 229, 17, '2024-12-07', '2024-12-07 11:23:06', 1),
(3349, 86, 40, 2, 229, 17, '2024-12-07', '2024-12-07 11:23:06', 1),
(3350, 110, 40, 2, 229, 17, '2024-12-07', '2024-12-07 11:23:06', 1),
(3351, 111, 40, 2, 229, 17, '2024-12-07', '2024-12-07 11:23:06', 1),
(3352, 112, 40, 2, 229, 17, '2024-12-07', '2024-12-07 11:23:06', 1),
(3353, 113, 40, 2, 229, 14, '2024-12-07', '2024-12-07 11:23:06', 1),
(3354, 115, 40, 2, 229, 17, '2024-12-07', '2024-12-07 11:23:06', 1),
(3355, 270, 40, 2, 229, 17, '2024-12-07', '2024-12-07 11:23:06', 1),
(3356, 116, 40, 2, 229, 16, '2024-12-07', '2024-12-07 11:23:06', 1),
(3357, 271, 40, 2, 229, 17, '2024-12-07', '2024-12-07 11:23:06', 1),
(3358, 117, 40, 2, 229, 16, '2024-12-07', '2024-12-07 11:23:06', 1),
(3359, 118, 40, 2, 229, 17, '2024-12-07', '2024-12-07 11:23:06', 1),
(3360, 272, 40, 2, 229, 17, '2024-12-07', '2024-12-07 11:23:06', 1),
(3361, 120, 40, 2, 229, 17, '2024-12-07', '2024-12-07 11:23:06', 1),
(3362, 119, 40, 2, 229, 17, '2024-12-07', '2024-12-07 11:23:06', 1),
(3363, 141, 40, 2, 229, 17, '2024-12-07', '2024-12-07 11:23:06', 1),
(3364, 143, 40, 2, 229, 17, '2024-12-07', '2024-12-07 11:23:06', 1),
(3365, 273, 40, 2, 229, 17, '2024-12-07', '2024-12-07 11:23:06', 1),
(3366, 144, 40, 2, 229, 17, '2024-12-07', '2024-12-07 11:23:06', 1),
(3367, 148, 40, 2, 229, 17, '2024-12-07', '2024-12-07 11:23:06', 1),
(3368, 149, 40, 2, 229, 17, '2024-12-07', '2024-12-07 11:23:06', 1),
(3369, 150, 40, 2, 229, 16, '2024-12-07', '2024-12-07 11:23:06', 1),
(3370, 151, 40, 2, 229, 17, '2024-12-07', '2024-12-07 11:23:06', 1),
(3371, 152, 40, 2, 229, 17, '2024-12-07', '2024-12-07 11:23:06', 1),
(3372, 153, 40, 2, 229, 17, '2024-12-07', '2024-12-07 11:23:06', 1),
(3373, 274, 40, 2, 229, 17, '2024-12-07', '2024-12-07 11:23:06', 1),
(3374, 275, 40, 2, 229, 17, '2024-12-07', '2024-12-07 11:23:06', 1),
(3375, 155, 40, 2, 229, 17, '2024-12-07', '2024-12-07 11:23:06', 1),
(3376, 276, 40, 2, 229, 17, '2024-12-07', '2024-12-07 11:23:07', 1),
(3377, 156, 40, 2, 229, 17, '2024-12-07', '2024-12-07 11:23:07', 1),
(3378, 277, 40, 2, 229, 17, '2024-12-07', '2024-12-07 11:23:07', 1),
(3379, 201, 41, 2, 231, 7, '2024-12-09', '2024-12-09 12:39:15', 1),
(3380, 278, 41, 2, 231, 8, '2024-12-09', '2024-12-09 12:39:15', 1),
(3381, 161, 41, 2, 231, 10.5, '2024-12-09', '2024-12-09 12:39:15', 1),
(3382, 162, 41, 2, 231, 9.5, '2024-12-09', '2024-12-09 12:39:15', 1),
(3383, 163, 41, 2, 231, 14, '2024-12-09', '2024-12-09 12:39:15', 1),
(3384, 165, 41, 2, 231, 4.5, '2024-12-09', '2024-12-09 12:39:15', 1),
(3385, 166, 41, 2, 231, 13.5, '2024-12-09', '2024-12-09 12:39:15', 1),
(3386, 168, 41, 2, 231, 15.5, '2024-12-09', '2024-12-09 12:39:15', 1),
(3387, 173, 41, 2, 231, 7, '2024-12-09', '2024-12-09 12:39:15', 1),
(3388, 174, 41, 2, 231, 14, '2024-12-09', '2024-12-09 12:39:15', 1),
(3389, 176, 41, 2, 231, 11.5, '2024-12-09', '2024-12-09 12:39:15', 1),
(3390, 279, 41, 2, 231, 14, '2024-12-09', '2024-12-09 12:39:15', 1),
(3391, 280, 41, 2, 231, 10.5, '2024-12-09', '2024-12-09 12:39:15', 1),
(3392, 177, 41, 2, 231, 12.5, '2024-12-09', '2024-12-09 12:39:15', 1),
(3393, 197, 41, 2, 231, 7.5, '2024-12-09', '2024-12-09 12:39:15', 1),
(3394, 202, 41, 2, 231, 13.5, '2024-12-09', '2024-12-09 12:39:15', 1),
(3395, 201, 42, 2, 232, 11, '2024-12-09', '2024-12-09 12:41:08', 1),
(3396, 278, 42, 2, 232, 9, '2024-12-09', '2024-12-09 12:41:08', 1),
(3397, 161, 42, 2, 232, 6, '2024-12-09', '2024-12-09 12:41:08', 1),
(3398, 162, 42, 2, 232, 16, '2024-12-09', '2024-12-09 12:41:08', 1),
(3399, 163, 42, 2, 232, 16, '2024-12-09', '2024-12-09 12:41:08', 1),
(3400, 165, 42, 2, 232, 6, '2024-12-09', '2024-12-09 12:41:08', 1),
(3401, 166, 42, 2, 232, 12, '2024-12-09', '2024-12-09 12:41:08', 1),
(3402, 168, 42, 2, 232, 17, '2024-12-09', '2024-12-09 12:41:08', 1),
(3403, 173, 42, 2, 232, 6, '2024-12-09', '2024-12-09 12:41:08', 1),
(3404, 174, 42, 2, 232, 11, '2024-12-09', '2024-12-09 12:41:08', 1),
(3405, 176, 42, 2, 232, 10, '2024-12-09', '2024-12-09 12:41:08', 1),
(3406, 279, 42, 2, 232, 12, '2024-12-09', '2024-12-09 12:41:08', 1),
(3407, 280, 42, 2, 232, 8, '2024-12-09', '2024-12-09 12:41:08', 1),
(3408, 177, 42, 2, 232, 9, '2024-12-09', '2024-12-09 12:41:08', 1),
(3409, 197, 42, 2, 232, 9, '2024-12-09', '2024-12-09 12:41:08', 1),
(3410, 202, 42, 2, 232, 12, '2024-12-09', '2024-12-09 12:41:08', 1),
(3411, 201, 43, 2, 233, 6, '2024-12-09', '2024-12-09 12:42:36', 1),
(3412, 278, 43, 2, 233, 4, '2024-12-09', '2024-12-09 12:42:36', 1),
(3413, 161, 43, 2, 233, 8.5, '2024-12-09', '2024-12-09 12:42:36', 1),
(3414, 162, 43, 2, 233, 4, '2024-12-09', '2024-12-09 12:42:36', 1),
(3415, 163, 43, 2, 233, 12, '2024-12-09', '2024-12-09 12:42:36', 1),
(3416, 165, 43, 2, 233, 5, '2024-12-09', '2024-12-09 12:42:36', 1),
(3417, 166, 43, 2, 233, 6, '2024-12-09', '2024-12-09 12:42:36', 1),
(3418, 168, 43, 2, 233, 9, '2024-12-09', '2024-12-09 12:42:36', 1),
(3419, 173, 43, 2, 233, 5, '2024-12-09', '2024-12-09 12:42:36', 1),
(3420, 174, 43, 2, 233, 14, '2024-12-09', '2024-12-09 12:42:36', 1),
(3421, 176, 43, 2, 233, 7, '2024-12-09', '2024-12-09 12:42:36', 1),
(3422, 279, 43, 2, 233, 5.5, '2024-12-09', '2024-12-09 12:42:36', 1),
(3423, 280, 43, 2, 233, 7, '2024-12-09', '2024-12-09 12:42:36', 1),
(3424, 177, 43, 2, 233, 8, '2024-12-09', '2024-12-09 12:42:36', 1),
(3425, 197, 43, 2, 233, 8, '2024-12-09', '2024-12-09 12:42:36', 1),
(3426, 202, 43, 2, 233, 9, '2024-12-09', '2024-12-09 12:42:36', 1),
(3427, 201, 44, 2, 234, 9, '2024-12-09', '2024-12-09 12:44:11', 1),
(3428, 278, 44, 2, 234, 9, '2024-12-09', '2024-12-09 12:44:11', 1),
(3429, 161, 44, 2, 234, 6, '2024-12-09', '2024-12-09 12:44:11', 1),
(3430, 162, 44, 2, 234, 11, '2024-12-09', '2024-12-09 12:44:11', 1),
(3431, 163, 44, 2, 234, 10, '2024-12-09', '2024-12-09 12:44:11', 1),
(3432, 165, 44, 2, 234, 6, '2024-12-09', '2024-12-09 12:44:11', 1),
(3433, 166, 44, 2, 234, 10, '2024-12-09', '2024-12-09 12:44:11', 1),
(3434, 168, 44, 2, 234, 9, '2024-12-09', '2024-12-09 12:44:11', 1),
(3435, 173, 44, 2, 234, 7, '2024-12-09', '2024-12-09 12:44:11', 1),
(3436, 174, 44, 2, 234, 10, '2024-12-09', '2024-12-09 12:44:11', 1),
(3437, 176, 44, 2, 234, 8, '2024-12-09', '2024-12-09 12:44:11', 1),
(3438, 279, 44, 2, 234, 13, '2024-12-09', '2024-12-09 12:44:11', 1),
(3439, 280, 44, 2, 234, 6, '2024-12-09', '2024-12-09 12:44:11', 1),
(3440, 177, 44, 2, 234, 6, '2024-12-09', '2024-12-09 12:44:11', 1),
(3441, 197, 44, 2, 234, 6, '2024-12-09', '2024-12-09 12:44:11', 1),
(3442, 202, 44, 2, 234, 7, '2024-12-09', '2024-12-09 12:44:11', 1),
(3443, 201, 45, 2, 235, 6, '2024-12-09', '2024-12-09 12:45:34', 1),
(3444, 278, 45, 2, 235, 6.5, '2024-12-09', '2024-12-09 12:45:34', 1),
(3445, 161, 45, 2, 235, 9.5, '2024-12-09', '2024-12-09 12:45:34', 1),
(3446, 162, 45, 2, 235, 6, '2024-12-09', '2024-12-09 12:45:34', 1),
(3447, 163, 45, 2, 235, 10, '2024-12-09', '2024-12-09 12:45:34', 1),
(3448, 165, 45, 2, 235, 7, '2024-12-09', '2024-12-09 12:45:34', 1),
(3449, 166, 45, 2, 235, 3, '2024-12-09', '2024-12-09 12:45:34', 1),
(3450, 168, 45, 2, 235, 12.5, '2024-12-09', '2024-12-09 12:45:34', 1),
(3451, 173, 45, 2, 235, 6, '2024-12-09', '2024-12-09 12:45:34', 1),
(3452, 174, 45, 2, 235, 14.5, '2024-12-09', '2024-12-09 12:45:34', 1),
(3453, 176, 45, 2, 235, 10, '2024-12-09', '2024-12-09 12:45:34', 1),
(3454, 279, 45, 2, 235, 5, '2024-12-09', '2024-12-09 12:45:34', 1),
(3455, 280, 45, 2, 235, 10, '2024-12-09', '2024-12-09 12:45:34', 1),
(3456, 177, 45, 2, 235, 8, '2024-12-09', '2024-12-09 12:45:34', 1),
(3457, 197, 45, 2, 235, 7, '2024-12-09', '2024-12-09 12:45:34', 1),
(3458, 202, 45, 2, 235, 10, '2024-12-09', '2024-12-09 12:45:34', 1),
(3459, 201, 46, 2, 236, 10, '2024-12-09', '2024-12-09 12:46:55', 1),
(3460, 278, 46, 2, 236, 12, '2024-12-09', '2024-12-09 12:46:55', 1),
(3461, 161, 46, 2, 236, 7, '2024-12-09', '2024-12-09 12:46:55', 1),
(3462, 162, 46, 2, 236, 8, '2024-12-09', '2024-12-09 12:46:55', 1),
(3463, 163, 46, 2, 236, 10, '2024-12-09', '2024-12-09 12:46:55', 1),
(3464, 165, 46, 2, 236, 8, '2024-12-09', '2024-12-09 12:46:55', 1),
(3465, 166, 46, 2, 236, 6.5, '2024-12-09', '2024-12-09 12:46:55', 1),
(3466, 168, 46, 2, 236, 11, '2024-12-09', '2024-12-09 12:46:55', 1),
(3467, 173, 46, 2, 236, 9, '2024-12-09', '2024-12-09 12:46:55', 1),
(3468, 174, 46, 2, 236, 18, '2024-12-09', '2024-12-09 12:46:55', 1),
(3469, 176, 46, 2, 236, 13, '2024-12-09', '2024-12-09 12:46:55', 1),
(3470, 279, 46, 2, 236, 6, '2024-12-09', '2024-12-09 12:46:55', 1),
(3471, 280, 46, 2, 236, 10, '2024-12-09', '2024-12-09 12:46:55', 1),
(3472, 177, 46, 2, 236, 12, '2024-12-09', '2024-12-09 12:46:55', 1),
(3473, 197, 46, 2, 236, 9, '2024-12-09', '2024-12-09 12:46:55', 1),
(3474, 202, 46, 2, 236, 13, '2024-12-09', '2024-12-09 12:46:55', 1),
(3475, 201, 47, 2, 237, 4, '2024-12-09', '2024-12-09 12:48:17', 1),
(3476, 278, 47, 2, 237, 9, '2024-12-09', '2024-12-09 12:48:17', 1),
(3477, 161, 47, 2, 237, 7, '2024-12-09', '2024-12-09 12:48:17', 1),
(3478, 162, 47, 2, 237, 18, '2024-12-09', '2024-12-09 12:48:17', 1),
(3479, 163, 47, 2, 237, 12, '2024-12-09', '2024-12-09 12:48:17', 1),
(3480, 165, 47, 2, 237, 5, '2024-12-09', '2024-12-09 12:48:17', 1),
(3481, 166, 47, 2, 237, 9, '2024-12-09', '2024-12-09 12:48:17', 1),
(3482, 168, 47, 2, 237, 12, '2024-12-09', '2024-12-09 12:48:17', 1),
(3483, 173, 47, 2, 237, 7, '2024-12-09', '2024-12-09 12:48:17', 1),
(3484, 174, 47, 2, 237, 11, '2024-12-09', '2024-12-09 12:48:17', 1),
(3485, 176, 47, 2, 237, 11, '2024-12-09', '2024-12-09 12:48:17', 1),
(3486, 279, 47, 2, 237, 5, '2024-12-09', '2024-12-09 12:48:17', 1),
(3487, 280, 47, 2, 237, 9, '2024-12-09', '2024-12-09 12:48:17', 1),
(3488, 177, 47, 2, 237, 15, '2024-12-09', '2024-12-09 12:48:17', 1),
(3489, 197, 47, 2, 237, 4, '2024-12-09', '2024-12-09 12:48:17', 1),
(3490, 202, 47, 2, 237, 11, '2024-12-09', '2024-12-09 12:48:17', 1),
(3491, 201, 48, 2, 238, 12, '2024-12-09', '2024-12-09 12:49:45', 1),
(3492, 278, 48, 2, 238, 12, '2024-12-09', '2024-12-09 12:49:45', 1),
(3493, 161, 48, 2, 238, 13, '2024-12-09', '2024-12-09 12:49:45', 1),
(3494, 162, 48, 2, 238, 12, '2024-12-09', '2024-12-09 12:49:45', 1),
(3495, 163, 48, 2, 238, 14.5, '2024-12-09', '2024-12-09 12:49:45', 1),
(3496, 165, 48, 2, 238, 14.5, '2024-12-09', '2024-12-09 12:49:45', 1),
(3497, 166, 48, 2, 238, 13.75, '2024-12-09', '2024-12-09 12:49:45', 1),
(3498, 168, 48, 2, 238, 17.25, '2024-12-09', '2024-12-09 12:49:45', 1),
(3499, 173, 48, 2, 238, 12.25, '2024-12-09', '2024-12-09 12:49:45', 1),
(3500, 174, 48, 2, 238, 16.25, '2024-12-09', '2024-12-09 12:49:45', 1),
(3501, 176, 48, 2, 238, 10.25, '2024-12-09', '2024-12-09 12:49:45', 1),
(3502, 279, 48, 2, 238, 8, '2024-12-09', '2024-12-09 12:49:45', 1),
(3503, 280, 48, 2, 238, 10.75, '2024-12-09', '2024-12-09 12:49:45', 1),
(3504, 177, 48, 2, 238, 13.5, '2024-12-09', '2024-12-09 12:49:45', 1),
(3505, 197, 48, 2, 238, 7, '2024-12-09', '2024-12-09 12:49:45', 1),
(3506, 202, 48, 2, 238, 15.5, '2024-12-09', '2024-12-09 12:49:45', 1),
(3507, 201, 49, 2, 239, 14, '2024-12-09', '2024-12-09 12:51:16', 1),
(3508, 278, 49, 2, 239, 15, '2024-12-09', '2024-12-09 12:51:16', 1),
(3509, 161, 49, 2, 239, 14, '2024-12-09', '2024-12-09 12:51:16', 1),
(3510, 162, 49, 2, 239, 14, '2024-12-09', '2024-12-09 12:51:16', 1),
(3511, 163, 49, 2, 239, 14, '2024-12-09', '2024-12-09 12:51:16', 1),
(3512, 165, 49, 2, 239, 14, '2024-12-09', '2024-12-09 12:51:16', 1),
(3513, 166, 49, 2, 239, 15, '2024-12-09', '2024-12-09 12:51:16', 1),
(3514, 168, 49, 2, 239, 14, '2024-12-09', '2024-12-09 12:51:16', 1),
(3515, 173, 49, 2, 239, 14, '2024-12-09', '2024-12-09 12:51:16', 1),
(3516, 174, 49, 2, 239, 14, '2024-12-09', '2024-12-09 12:51:16', 1),
(3517, 176, 49, 2, 239, 17, '2024-12-09', '2024-12-09 12:51:16', 1),
(3518, 279, 49, 2, 239, 16.5, '2024-12-09', '2024-12-09 12:51:16', 1),
(3519, 280, 49, 2, 239, 15, '2024-12-09', '2024-12-09 12:51:16', 1),
(3520, 177, 49, 2, 239, 16, '2024-12-09', '2024-12-09 12:51:16', 1),
(3521, 197, 49, 2, 239, 16, '2024-12-09', '2024-12-09 12:51:16', 1),
(3522, 202, 49, 2, 239, 15, '2024-12-09', '2024-12-09 12:51:16', 1),
(3523, 201, 50, 2, 240, 16, '2024-12-09', '2024-12-09 12:55:39', 1),
(3524, 278, 50, 2, 240, 13, '2024-12-09', '2024-12-09 12:55:39', 1),
(3525, 161, 50, 2, 240, 16, '2024-12-09', '2024-12-09 12:55:39', 1),
(3526, 162, 50, 2, 240, 14, '2024-12-09', '2024-12-09 12:55:39', 1),
(3527, 163, 50, 2, 240, 16, '2024-12-09', '2024-12-09 12:55:39', 1),
(3528, 165, 50, 2, 240, 16, '2024-12-09', '2024-12-09 12:55:39', 1),
(3529, 166, 50, 2, 240, 16, '2024-12-09', '2024-12-09 12:55:39', 1),
(3530, 168, 50, 2, 240, 16, '2024-12-09', '2024-12-09 12:55:39', 1),
(3531, 173, 50, 2, 240, 16, '2024-12-09', '2024-12-09 12:55:39', 1),
(3532, 174, 50, 2, 240, 16, '2024-12-09', '2024-12-09 12:55:39', 1),
(3533, 176, 50, 2, 240, 16, '2024-12-09', '2024-12-09 12:55:39', 1),
(3534, 279, 50, 2, 240, 15, '2024-12-09', '2024-12-09 12:55:39', 1),
(3535, 280, 50, 2, 240, 16, '2024-12-09', '2024-12-09 12:55:39', 1),
(3536, 177, 50, 2, 240, 16, '2024-12-09', '2024-12-09 12:55:39', 1),
(3537, 197, 50, 2, 240, 16, '2024-12-09', '2024-12-09 12:55:39', 1),
(3538, 202, 50, 2, 240, 15, '2024-12-09', '2024-12-09 12:55:39', 1),
(3539, 201, 41, 3, 241, 13, '2024-12-09', '2024-12-09 13:06:10', 1),
(3540, 278, 41, 3, 241, 11, '2024-12-09', '2024-12-09 13:06:10', 1),
(3541, 161, 41, 3, 241, 10, '2024-12-09', '2024-12-09 13:06:10', 1),
(3542, 162, 41, 3, 241, 17, '2024-12-09', '2024-12-09 13:06:10', 1),
(3543, 163, 41, 3, 241, 13.66, '2024-12-09', '2024-12-09 13:06:10', 1),
(3544, 165, 41, 3, 241, 13, '2024-12-09', '2024-12-09 13:06:10', 1),
(3545, 166, 41, 3, 241, 13.66, '2024-12-09', '2024-12-09 13:06:10', 1),
(3546, 168, 41, 3, 241, 16, '2024-12-09', '2024-12-09 13:06:10', 1),
(3547, 173, 41, 3, 241, 12, '2024-12-09', '2024-12-09 13:06:10', 1),
(3548, 174, 41, 3, 241, 15.33, '2024-12-09', '2024-12-09 13:06:10', 1),
(3549, 176, 41, 3, 241, 12.33, '2024-12-09', '2024-12-09 13:06:10', 1),
(3550, 279, 41, 3, 241, 13.66, '2024-12-09', '2024-12-09 13:06:10', 1),
(3551, 280, 41, 3, 241, 15.33, '2024-12-09', '2024-12-09 13:06:10', 1),
(3552, 177, 41, 3, 241, 13.33, '2024-12-09', '2024-12-09 13:06:10', 1),
(3553, 197, 41, 3, 241, 6.66, '2024-12-09', '2024-12-09 13:06:10', 1),
(3554, 202, 41, 3, 241, 17.33, '2024-12-09', '2024-12-09 13:06:10', 1),
(3555, 201, 43, 3, 243, 14, '2024-12-09', '2024-12-09 13:16:51', 1),
(3556, 278, 43, 3, 243, 9.5, '2024-12-09', '2024-12-09 13:16:51', 1),
(3557, 161, 43, 3, 243, 8, '2024-12-09', '2024-12-09 13:16:51', 1),
(3558, 162, 43, 3, 243, 9.33, '2024-12-09', '2024-12-09 13:16:51', 1),
(3559, 163, 43, 3, 243, 9.5, '2024-12-09', '2024-12-09 13:16:51', 1),
(3560, 165, 43, 3, 243, 9.33, '2024-12-09', '2024-12-09 13:16:51', 1),
(3561, 166, 43, 3, 243, 9.66, '2024-12-09', '2024-12-09 13:16:51', 1),
(3562, 168, 43, 3, 243, 13.66, '2024-12-09', '2024-12-09 13:16:51', 1),
(3563, 173, 43, 3, 243, 7, '2024-12-09', '2024-12-09 13:16:51', 1),
(3564, 174, 43, 3, 243, 19.66, '2024-12-09', '2024-12-09 13:16:51', 1),
(3565, 176, 43, 3, 243, 7.66, '2024-12-09', '2024-12-09 13:16:51', 1),
(3566, 279, 43, 3, 243, 4.66, '2024-12-09', '2024-12-09 13:16:51', 1),
(3567, 280, 43, 3, 243, 10.66, '2024-12-09', '2024-12-09 13:16:51', 1),
(3568, 177, 43, 3, 243, 13.66, '2024-12-09', '2024-12-09 13:16:51', 1),
(3569, 197, 43, 3, 243, 9, '2024-12-09', '2024-12-09 13:16:51', 1),
(3570, 202, 43, 3, 243, 12.66, '2024-12-09', '2024-12-09 13:16:51', 1),
(3571, 201, 44, 3, 244, 8.33, '2024-12-09', '2024-12-09 13:21:55', 1),
(3572, 278, 44, 3, 244, 6.33, '2024-12-09', '2024-12-09 13:21:56', 1),
(3573, 161, 44, 3, 244, 6.33, '2024-12-09', '2024-12-09 13:21:56', 1),
(3574, 162, 44, 3, 244, 8.33, '2024-12-09', '2024-12-09 13:21:56', 1),
(3575, 163, 44, 3, 244, 7.66, '2024-12-09', '2024-12-09 13:21:56', 1),
(3576, 165, 44, 3, 244, 8, '2024-12-09', '2024-12-09 13:21:56', 1),
(3577, 166, 44, 3, 244, 7, '2024-12-09', '2024-12-09 13:21:56', 1),
(3578, 168, 44, 3, 244, 14.66, '2024-12-09', '2024-12-09 13:21:56', 1),
(3579, 173, 44, 3, 244, 13.68, '2024-12-09', '2024-12-09 13:21:56', 1),
(3580, 174, 44, 3, 244, 14.33, '2024-12-09', '2024-12-09 13:21:56', 1),
(3581, 176, 44, 3, 244, 10.66, '2024-12-09', '2024-12-09 13:21:56', 1),
(3582, 279, 44, 3, 244, 9.66, '2024-12-09', '2024-12-09 13:21:56', 1),
(3583, 280, 44, 3, 244, 8.66, '2024-12-09', '2024-12-09 13:21:56', 1),
(3584, 177, 44, 3, 244, 8.33, '2024-12-09', '2024-12-09 13:21:56', 1),
(3585, 197, 44, 3, 244, 3.66, '2024-12-09', '2024-12-09 13:21:56', 1),
(3586, 202, 44, 3, 244, 13, '2024-12-09', '2024-12-09 13:21:56', 1),
(3587, 201, 45, 3, 245, 16.66, '2024-12-09', '2024-12-09 13:23:43', 1),
(3588, 278, 45, 3, 245, 10.66, '2024-12-09', '2024-12-09 13:23:44', 1),
(3589, 161, 45, 3, 245, 16, '2024-12-09', '2024-12-09 13:23:44', 1),
(3590, 162, 45, 3, 245, 14, '2024-12-09', '2024-12-09 13:23:44', 1),
(3591, 163, 45, 3, 245, 18.33, '2024-12-09', '2024-12-09 13:23:44', 1),
(3592, 165, 45, 3, 245, 17, '2024-12-09', '2024-12-09 13:23:44', 1),
(3593, 166, 45, 3, 245, 10, '2024-12-09', '2024-12-09 13:23:44', 1),
(3594, 168, 45, 3, 245, 16.33, '2024-12-09', '2024-12-09 13:23:44', 1),
(3595, 173, 45, 3, 245, 13, '2024-12-09', '2024-12-09 13:23:44', 1),
(3596, 174, 45, 3, 245, 17.33, '2024-12-09', '2024-12-09 13:23:44', 1),
(3597, 176, 45, 3, 245, 16.66, '2024-12-09', '2024-12-09 13:23:44', 1),
(3598, 279, 45, 3, 245, 8.66, '2024-12-09', '2024-12-09 13:23:44', 1),
(3599, 280, 45, 3, 245, 18, '2024-12-09', '2024-12-09 13:23:44', 1),
(3600, 177, 45, 3, 245, 13.66, '2024-12-09', '2024-12-09 13:23:44', 1),
(3601, 197, 45, 3, 245, 17, '2024-12-09', '2024-12-09 13:23:44', 1),
(3602, 202, 45, 3, 245, 12, '2024-12-09', '2024-12-09 13:23:44', 1),
(3603, 201, 47, 3, 247, 7.33, '2024-12-09', '2024-12-09 13:25:39', 1),
(3604, 278, 47, 3, 247, 6, '2024-12-09', '2024-12-09 13:25:39', 1),
(3605, 161, 47, 3, 247, 7.66, '2024-12-09', '2024-12-09 13:25:39', 1),
(3606, 162, 47, 3, 247, 12, '2024-12-09', '2024-12-09 13:25:39', 1),
(3607, 163, 47, 3, 247, 10.33, '2024-12-09', '2024-12-09 13:25:39', 1),
(3608, 165, 47, 3, 247, 5.33, '2024-12-09', '2024-12-09 13:25:39', 1),
(3609, 166, 47, 3, 247, 10, '2024-12-09', '2024-12-09 13:25:39', 1),
(3610, 168, 47, 3, 247, 10.33, '2024-12-09', '2024-12-09 13:25:39', 1),
(3611, 173, 47, 3, 247, 9, '2024-12-09', '2024-12-09 13:25:39', 1),
(3612, 174, 47, 3, 247, 6, '2024-12-09', '2024-12-09 13:25:39', 1),
(3613, 176, 47, 3, 247, 5.33, '2024-12-09', '2024-12-09 13:25:39', 1),
(3614, 279, 47, 3, 247, 11, '2024-12-09', '2024-12-09 13:25:39', 1),
(3615, 280, 47, 3, 247, 8.33, '2024-12-09', '2024-12-09 13:25:39', 1),
(3616, 177, 47, 3, 247, 15.66, '2024-12-09', '2024-12-09 13:25:39', 1),
(3617, 197, 47, 3, 247, 6.33, '2024-12-09', '2024-12-09 13:25:39', 1),
(3618, 202, 47, 3, 247, 8, '2024-12-09', '2024-12-09 13:25:39', 1),
(3619, 201, 46, 3, 246, 13, '2024-12-09', '2024-12-09 13:26:55', 1),
(3620, 278, 46, 3, 246, 8, '2024-12-09', '2024-12-09 13:26:55', 1),
(3621, 161, 46, 3, 246, 0, '2024-12-09', '2024-12-09 13:26:55', 1),
(3622, 162, 46, 3, 246, 8, '2024-12-09', '2024-12-09 13:26:55', 1),
(3623, 163, 46, 3, 246, 13.25, '2024-12-09', '2024-12-09 13:26:55', 1),
(3624, 165, 46, 3, 246, 13.25, '2024-12-09', '2024-12-09 13:26:55', 1),
(3625, 166, 46, 3, 246, 8.5, '2024-12-09', '2024-12-09 13:26:55', 1),
(3626, 168, 46, 3, 246, 10, '2024-12-09', '2024-12-09 13:26:55', 1),
(3627, 173, 46, 3, 246, 9.5, '2024-12-09', '2024-12-09 13:26:55', 1),
(3628, 174, 46, 3, 246, 16.75, '2024-12-09', '2024-12-09 13:26:55', 1),
(3629, 176, 46, 3, 246, 12.25, '2024-12-09', '2024-12-09 13:26:55', 1),
(3630, 279, 46, 3, 246, 10, '2024-12-09', '2024-12-09 13:26:55', 1),
(3631, 280, 46, 3, 246, 14.25, '2024-12-09', '2024-12-09 13:26:55', 1),
(3632, 177, 46, 3, 246, 16.75, '2024-12-09', '2024-12-09 13:26:55', 1),
(3633, 197, 46, 3, 246, 12.5, '2024-12-09', '2024-12-09 13:26:55', 1),
(3634, 202, 46, 3, 246, 14.75, '2024-12-09', '2024-12-09 13:26:55', 1),
(3635, 201, 48, 3, 248, 12.5, '2024-12-09', '2024-12-09 13:28:08', 1),
(3636, 278, 48, 3, 248, 7.83, '2024-12-09', '2024-12-09 13:28:08', 1),
(3637, 161, 48, 3, 248, 12.5, '2024-12-09', '2024-12-09 13:28:08', 1),
(3638, 162, 48, 3, 248, 14.83, '2024-12-09', '2024-12-09 13:28:08', 1),
(3639, 163, 48, 3, 248, 18.41, '2024-12-09', '2024-12-09 13:28:08', 1),
(3640, 165, 48, 3, 248, 12.33, '2024-12-09', '2024-12-09 13:28:08', 1),
(3641, 166, 48, 3, 248, 8.66, '2024-12-09', '2024-12-09 13:28:08', 1),
(3642, 168, 48, 3, 248, 15.66, '2024-12-09', '2024-12-09 13:28:08', 1),
(3643, 173, 48, 3, 248, 11.58, '2024-12-09', '2024-12-09 13:28:08', 1),
(3644, 174, 48, 3, 248, 19.5, '2024-12-09', '2024-12-09 13:28:08', 1),
(3645, 176, 48, 3, 248, 9.75, '2024-12-09', '2024-12-09 13:28:08', 1),
(3646, 279, 48, 3, 248, 7.5, '2024-12-09', '2024-12-09 13:28:08', 1),
(3647, 280, 48, 3, 248, 14.16, '2024-12-09', '2024-12-09 13:28:08', 1),
(3648, 177, 48, 3, 248, 12.83, '2024-12-09', '2024-12-09 13:28:08', 1),
(3649, 197, 48, 3, 248, 12.08, '2024-12-09', '2024-12-09 13:28:08', 1),
(3650, 202, 48, 3, 248, 14.91, '2024-12-09', '2024-12-09 13:28:08', 1),
(3651, 201, 49, 3, 249, 14.66, '2024-12-09', '2024-12-09 13:30:32', 1),
(3652, 278, 49, 3, 249, 17.33, '2024-12-09', '2024-12-09 13:30:32', 1),
(3653, 161, 49, 3, 249, 15.33, '2024-12-09', '2024-12-09 13:30:32', 1),
(3654, 162, 49, 3, 249, 14.66, '2024-12-09', '2024-12-09 13:30:32', 1),
(3655, 163, 49, 3, 249, 16.66, '2024-12-09', '2024-12-09 13:30:32', 1),
(3656, 165, 49, 3, 249, 14.33, '2024-12-09', '2024-12-09 13:30:32', 1),
(3657, 166, 49, 3, 249, 15, '2024-12-09', '2024-12-09 13:30:32', 1),
(3658, 168, 49, 3, 249, 15, '2024-12-09', '2024-12-09 13:30:32', 1),
(3659, 173, 49, 3, 249, 14.66, '2024-12-09', '2024-12-09 13:30:32', 1),
(3660, 174, 49, 3, 249, 15.33, '2024-12-09', '2024-12-09 13:30:32', 1),
(3661, 176, 49, 3, 249, 14.66, '2024-12-09', '2024-12-09 13:30:32', 1),
(3662, 279, 49, 3, 249, 15.66, '2024-12-09', '2024-12-09 13:30:32', 1),
(3663, 280, 49, 3, 249, 15, '2024-12-09', '2024-12-09 13:30:32', 1),
(3664, 177, 49, 3, 249, 14.66, '2024-12-09', '2024-12-09 13:30:32', 1),
(3665, 197, 49, 3, 249, 15, '2024-12-09', '2024-12-09 13:30:32', 1),
(3666, 202, 49, 3, 249, 15.66, '2024-12-09', '2024-12-09 13:30:32', 1),
(3667, 289, 69, 2, 250, 9, '2024-12-09', '2024-12-09 13:34:12', 1),
(3668, 290, 69, 2, 250, 8, '2024-12-09', '2024-12-09 13:34:12', 1),
(3669, 291, 69, 2, 250, 10, '2024-12-09', '2024-12-09 13:34:12', 1),
(3670, 292, 69, 2, 250, 8, '2024-12-09', '2024-12-09 13:34:12', 1),
(3671, 293, 69, 2, 250, 7, '2024-12-09', '2024-12-09 13:34:12', 1),
(3672, 294, 69, 2, 250, 5, '2024-12-09', '2024-12-09 13:34:12', 1),
(3673, 289, 71, 2, 252, 4, '2024-12-09', '2024-12-09 13:35:19', 1),
(3674, 290, 71, 2, 252, 3.5, '2024-12-09', '2024-12-09 13:35:19', 1),
(3675, 291, 71, 2, 252, 5.5, '2024-12-09', '2024-12-09 13:35:19', 1),
(3676, 292, 71, 2, 252, 5, '2024-12-09', '2024-12-09 13:35:19', 1),
(3677, 293, 71, 2, 252, 2.5, '2024-12-09', '2024-12-09 13:35:19', 1),
(3678, 294, 71, 2, 252, 10, '2024-12-09', '2024-12-09 13:35:19', 1),
(3679, 289, 72, 2, 253, 10, '2024-12-09', '2024-12-09 13:35:59', 1),
(3680, 290, 72, 2, 253, 7, '2024-12-09', '2024-12-09 13:35:59', 1),
(3681, 291, 72, 2, 253, 7, '2024-12-09', '2024-12-09 13:35:59', 1),
(3682, 292, 72, 2, 253, 6, '2024-12-09', '2024-12-09 13:35:59', 1),
(3683, 293, 72, 2, 253, 4, '2024-12-09', '2024-12-09 13:35:59', 1),
(3684, 294, 72, 2, 253, 4, '2024-12-09', '2024-12-09 13:35:59', 1),
(3685, 289, 73, 2, 254, 6.5, '2024-12-09', '2024-12-09 13:36:35', 1),
(3686, 290, 73, 2, 254, 12.5, '2024-12-09', '2024-12-09 13:36:35', 1),
(3687, 291, 73, 2, 254, 16, '2024-12-09', '2024-12-09 13:36:35', 1),
(3688, 292, 73, 2, 254, 12.5, '2024-12-09', '2024-12-09 13:36:35', 1),
(3689, 293, 73, 2, 254, 9, '2024-12-09', '2024-12-09 13:36:35', 1),
(3690, 294, 73, 2, 254, 8, '2024-12-09', '2024-12-09 13:36:35', 1),
(3691, 289, 74, 2, 255, 14, '2024-12-09', '2024-12-09 13:37:23', 1),
(3692, 290, 74, 2, 255, 0, '2024-12-09', '2024-12-09 13:37:23', 1),
(3693, 291, 74, 2, 255, 11, '2024-12-09', '2024-12-09 13:37:23', 1),
(3694, 292, 74, 2, 255, 11.5, '2024-12-09', '2024-12-09 13:37:23', 1),
(3695, 293, 74, 2, 255, 4.5, '2024-12-09', '2024-12-09 13:37:23', 1),
(3696, 294, 74, 2, 255, 9, '2024-12-09', '2024-12-09 13:37:23', 1),
(3697, 289, 75, 2, 256, 5, '2024-12-09', '2024-12-09 13:38:03', 1),
(3698, 290, 75, 2, 256, 0, '2024-12-09', '2024-12-09 13:38:03', 1),
(3699, 291, 75, 2, 256, 10, '2024-12-09', '2024-12-09 13:38:03', 1),
(3700, 292, 75, 2, 256, 13, '2024-12-09', '2024-12-09 13:38:03', 1),
(3701, 293, 75, 2, 256, 5, '2024-12-09', '2024-12-09 13:38:03', 1),
(3702, 294, 75, 2, 256, 16, '2024-12-09', '2024-12-09 13:38:03', 1),
(3703, 289, 76, 2, 257, 10, '2024-12-09', '2024-12-09 13:38:39', 1),
(3704, 290, 76, 2, 257, 14, '2024-12-09', '2024-12-09 13:38:39', 1),
(3705, 291, 76, 2, 257, 10, '2024-12-09', '2024-12-09 13:38:39', 1),
(3706, 292, 76, 2, 257, 10, '2024-12-09', '2024-12-09 13:38:39', 1),
(3707, 293, 76, 2, 257, 9, '2024-12-09', '2024-12-09 13:38:39', 1),
(3708, 294, 76, 2, 257, 10, '2024-12-09', '2024-12-09 13:38:39', 1),
(3709, 289, 77, 2, 258, 15, '2024-12-09', '2024-12-09 13:39:14', 1),
(3710, 290, 77, 2, 258, 14, '2024-12-09', '2024-12-09 13:39:14', 1),
(3711, 291, 77, 2, 258, 18, '2024-12-09', '2024-12-09 13:39:14', 1),
(3712, 292, 77, 2, 258, 18, '2024-12-09', '2024-12-09 13:39:14', 1),
(3713, 293, 77, 2, 258, 18, '2024-12-09', '2024-12-09 13:39:14', 1),
(3714, 294, 77, 2, 258, 19, '2024-12-09', '2024-12-09 13:39:14', 1),
(3715, 289, 78, 2, 259, 15, '2024-12-09', '2024-12-09 13:39:53', 1),
(3716, 290, 78, 2, 259, 15, '2024-12-09', '2024-12-09 13:39:53', 1),
(3717, 291, 78, 2, 259, 16, '2024-12-09', '2024-12-09 13:39:53', 1),
(3718, 292, 78, 2, 259, 14, '2024-12-09', '2024-12-09 13:39:53', 1),
(3719, 293, 78, 2, 259, 16, '2024-12-09', '2024-12-09 13:39:53', 1),
(3720, 294, 78, 2, 259, 14, '2024-12-09', '2024-12-09 13:39:53', 1),
(3721, 289, 69, 3, 260, 9, '2024-12-09', '2024-12-09 13:41:17', 1),
(3722, 290, 69, 3, 260, 5.5, '2024-12-09', '2024-12-09 13:41:17', 1),
(3723, 291, 69, 3, 260, 8, '2024-12-09', '2024-12-09 13:41:17', 1),
(3724, 292, 69, 3, 260, 10.5, '2024-12-09', '2024-12-09 13:41:17', 1),
(3725, 293, 69, 3, 260, 8.5, '2024-12-09', '2024-12-09 13:41:17', 1),
(3726, 294, 69, 3, 260, 9, '2024-12-09', '2024-12-09 13:41:17', 1),
(3727, 289, 71, 3, 262, 10.75, '2024-12-09', '2024-12-09 13:42:10', 1),
(3728, 290, 71, 3, 262, 11.75, '2024-12-09', '2024-12-09 13:42:10', 1),
(3729, 291, 71, 3, 262, 11.25, '2024-12-09', '2024-12-09 13:42:10', 1),
(3730, 292, 71, 3, 262, 14.12, '2024-12-09', '2024-12-09 13:42:10', 1),
(3731, 293, 71, 3, 262, 6.5, '2024-12-09', '2024-12-09 13:42:10', 1),
(3732, 294, 71, 3, 262, 9.25, '2024-12-09', '2024-12-09 13:42:10', 1),
(3733, 289, 72, 3, 263, 10.33, '2024-12-09', '2024-12-09 13:42:50', 1),
(3734, 290, 72, 3, 263, 12, '2024-12-09', '2024-12-09 13:42:50', 1),
(3735, 291, 72, 3, 263, 9.33, '2024-12-09', '2024-12-09 13:42:50', 1),
(3736, 292, 72, 3, 263, 11.33, '2024-12-09', '2024-12-09 13:42:50', 1),
(3737, 293, 72, 3, 263, 5, '2024-12-09', '2024-12-09 13:42:50', 1),
(3738, 294, 72, 3, 263, 9.33, '2024-12-09', '2024-12-09 13:42:50', 1),
(3739, 289, 73, 3, 264, 14.5, '2024-12-09', '2024-12-09 13:59:50', 1),
(3740, 290, 73, 3, 264, 16, '2024-12-09', '2024-12-09 13:59:50', 1),
(3741, 291, 73, 3, 264, 16.5, '2024-12-09', '2024-12-09 13:59:50', 1),
(3742, 292, 73, 3, 264, 14.5, '2024-12-09', '2024-12-09 13:59:50', 1),
(3743, 293, 73, 3, 264, 13, '2024-12-09', '2024-12-09 13:59:50', 1),
(3744, 294, 73, 3, 264, 14.5, '2024-12-09', '2024-12-09 13:59:50', 1),
(3745, 289, 74, 3, 265, 10, '2024-12-09', '2024-12-09 14:00:23', 1),
(3746, 290, 74, 3, 265, 14.83, '2024-12-09', '2024-12-09 14:00:23', 1),
(3747, 291, 74, 3, 265, 15.16, '2024-12-09', '2024-12-09 14:00:23', 1),
(3748, 292, 74, 3, 265, 13.33, '2024-12-09', '2024-12-09 14:00:23', 1),
(3749, 293, 74, 3, 265, 8.83, '2024-12-09', '2024-12-09 14:00:23', 1),
(3750, 294, 74, 3, 265, 8.5, '2024-12-09', '2024-12-09 14:00:23', 1),
(3751, 289, 75, 3, 266, 6.66, '2024-12-09', '2024-12-09 14:00:55', 1),
(3752, 290, 75, 3, 266, 9.83, '2024-12-09', '2024-12-09 14:00:55', 1),
(3753, 291, 75, 3, 266, 10.66, '2024-12-09', '2024-12-09 14:00:56', 1),
(3754, 292, 75, 3, 266, 9.33, '2024-12-09', '2024-12-09 14:00:56', 1),
(3755, 293, 75, 3, 266, 5.33, '2024-12-09', '2024-12-09 14:00:56', 1),
(3756, 294, 75, 3, 266, 13, '2024-12-09', '2024-12-09 14:00:56', 1),
(3757, 289, 76, 3, 267, 9, '2024-12-09', '2024-12-09 14:01:26', 1),
(3758, 290, 76, 3, 267, 16.33, '2024-12-09', '2024-12-09 14:01:26', 1),
(3759, 291, 76, 3, 267, 14.66, '2024-12-09', '2024-12-09 14:01:26', 1),
(3760, 292, 76, 3, 267, 15, '2024-12-09', '2024-12-09 14:01:26', 1),
(3761, 293, 76, 3, 267, 10.33, '2024-12-09', '2024-12-09 14:01:26', 1),
(3762, 294, 76, 3, 267, 13.33, '2024-12-09', '2024-12-09 14:01:26', 1),
(3763, 289, 77, 3, 268, 12, '2024-12-09', '2024-12-09 14:01:57', 1),
(3764, 290, 77, 3, 268, 12, '2024-12-09', '2024-12-09 14:01:57', 1),
(3765, 291, 77, 3, 268, 17.5, '2024-12-09', '2024-12-09 14:01:57', 1),
(3766, 292, 77, 3, 268, 14.5, '2024-12-09', '2024-12-09 14:01:57', 1),
(3767, 293, 77, 3, 268, 17.5, '2024-12-09', '2024-12-09 14:01:57', 1),
(3768, 294, 77, 3, 268, 18.5, '2024-12-09', '2024-12-09 14:01:57', 1),
(3769, 205, 60, 2, 269, 0, '2024-12-09', '2024-12-09 14:04:32', 1),
(3770, 295, 60, 2, 269, 14, '2024-12-09', '2024-12-09 14:04:32', 1),
(3771, 205, 62, 2, 271, 0, '2024-12-09', '2024-12-09 14:05:03', 1),
(3772, 295, 62, 2, 271, 10, '2024-12-09', '2024-12-09 14:05:04', 1),
(3773, 205, 63, 2, 272, 0, '2024-12-09', '2024-12-09 14:05:19', 1),
(3774, 295, 63, 2, 272, 10, '2024-12-09', '2024-12-09 14:05:19', 1),
(3775, 205, 64, 2, 273, 0, '2024-12-09', '2024-12-09 14:10:51', 1),
(3776, 295, 64, 2, 273, 16, '2024-12-09', '2024-12-09 14:10:51', 1),
(3785, 205, 67, 2, 288, 0, '2024-12-09', '2024-12-09 14:25:15', 1),
(3786, 295, 67, 2, 288, 18, '2024-12-09', '2024-12-09 14:25:15', 1),
(3787, 205, 60, 3, 278, 0, '2024-12-09', '2024-12-09 14:25:47', 1),
(3788, 295, 60, 3, 278, 12.5, '2024-12-09', '2024-12-09 14:25:47', 1),
(3789, 205, 62, 3, 280, 0, '2024-12-09', '2024-12-09 14:26:18', 1),
(3790, 295, 62, 3, 280, 18.25, '2024-12-09', '2024-12-09 14:26:18', 1),
(3791, 205, 63, 3, 281, 0, '2024-12-09', '2024-12-09 14:26:30', 1),
(3792, 295, 63, 3, 281, 16, '2024-12-09', '2024-12-09 14:26:30', 1),
(3793, 205, 64, 3, 282, 0, '2024-12-09', '2024-12-09 14:26:58', 1),
(3794, 295, 64, 3, 282, 14, '2024-12-09', '2024-12-09 14:26:58', 1),
(3795, 205, 65, 3, 283, 0, '2024-12-09', '2024-12-09 14:27:18', 1),
(3796, 295, 65, 3, 283, 14.16, '2024-12-09', '2024-12-09 14:27:18', 1),
(3797, 205, 66, 2, 287, 0, '2024-12-09', '2024-12-09 14:27:34', 1),
(3798, 295, 66, 2, 287, 9.66, '2024-12-09', '2024-12-09 14:27:34', 1),
(3799, 205, 67, 3, 285, 0, '2024-12-09', '2024-12-09 14:30:28', 1),
(3800, 295, 67, 3, 285, 15.5, '2024-12-09', '2024-12-09 14:30:28', 1),
(3801, 281, 51, 2, 289, 13.5, '2024-12-10', '2024-12-10 09:45:27', 1),
(3802, 282, 51, 2, 289, 16, '2024-12-10', '2024-12-10 09:45:28', 1),
(3803, 164, 51, 2, 289, 9.5, '2024-12-10', '2024-12-10 09:45:28', 1),
(3804, 167, 51, 2, 289, 16.5, '2024-12-10', '2024-12-10 09:45:28', 1),
(3805, 283, 51, 2, 289, 13, '2024-12-10', '2024-12-10 09:45:28', 1),
(3806, 284, 51, 2, 289, 13, '2024-12-10', '2024-12-10 09:45:28', 1),
(3807, 169, 51, 2, 289, 16, '2024-12-10', '2024-12-10 09:45:28', 1),
(3808, 171, 51, 2, 289, 16, '2024-12-10', '2024-12-10 09:45:28', 1),
(3809, 172, 51, 2, 289, 8, '2024-12-10', '2024-12-10 09:45:28', 1),
(3810, 285, 51, 2, 289, 5, '2024-12-10', '2024-12-10 09:45:28', 1),
(3811, 286, 51, 2, 289, 7, '2024-12-10', '2024-12-10 09:45:28', 1),
(3812, 287, 51, 2, 289, 14, '2024-12-10', '2024-12-10 09:45:28', 1),
(3813, 191, 51, 2, 289, 4, '2024-12-10', '2024-12-10 09:45:28', 1),
(3814, 192, 51, 2, 289, 15, '2024-12-10', '2024-12-10 09:45:28', 1),
(3815, 194, 51, 2, 289, 7, '2024-12-10', '2024-12-10 09:45:28', 1),
(3816, 196, 51, 2, 289, 12.5, '2024-12-10', '2024-12-10 09:45:28', 1),
(3817, 198, 51, 2, 289, 10.5, '2024-12-10', '2024-12-10 09:45:28', 1),
(3818, 200, 51, 2, 289, 7.5, '2024-12-10', '2024-12-10 09:45:28', 1),
(3819, 288, 51, 2, 289, 16.5, '2024-12-10', '2024-12-10 09:45:28', 1),
(3820, 203, 51, 2, 289, 12, '2024-12-10', '2024-12-10 09:45:28', 1),
(3821, 281, 52, 2, 290, 18, '2024-12-10', '2024-12-10 09:46:56', 1),
(3822, 282, 52, 2, 290, 18, '2024-12-10', '2024-12-10 09:46:56', 1),
(3823, 164, 52, 2, 290, 7, '2024-12-10', '2024-12-10 09:46:56', 1),
(3824, 167, 52, 2, 290, 17, '2024-12-10', '2024-12-10 09:46:56', 1),
(3825, 283, 52, 2, 290, 11, '2024-12-10', '2024-12-10 09:46:56', 1),
(3826, 284, 52, 2, 290, 12, '2024-12-10', '2024-12-10 09:46:56', 1),
(3827, 169, 52, 2, 290, 17, '2024-12-10', '2024-12-10 09:46:56', 1),
(3828, 171, 52, 2, 290, 18, '2024-12-10', '2024-12-10 09:46:56', 1),
(3829, 172, 52, 2, 290, 10, '2024-12-10', '2024-12-10 09:46:56', 1),
(3830, 285, 52, 2, 290, 9, '2024-12-10', '2024-12-10 09:46:56', 1),
(3831, 286, 52, 2, 290, 6, '2024-12-10', '2024-12-10 09:46:56', 1),
(3832, 287, 52, 2, 290, 9, '2024-12-10', '2024-12-10 09:46:56', 1),
(3833, 191, 52, 2, 290, 12, '2024-12-10', '2024-12-10 09:46:56', 1),
(3834, 192, 52, 2, 290, 12, '2024-12-10', '2024-12-10 09:46:56', 1),
(3835, 194, 52, 2, 290, 19, '2024-12-10', '2024-12-10 09:46:56', 1),
(3836, 196, 52, 2, 290, 8, '2024-12-10', '2024-12-10 09:46:56', 1),
(3837, 198, 52, 2, 290, 12, '2024-12-10', '2024-12-10 09:46:56', 1),
(3838, 200, 52, 2, 290, 7, '2024-12-10', '2024-12-10 09:46:56', 1),
(3839, 288, 52, 2, 290, 16, '2024-12-10', '2024-12-10 09:46:56', 1),
(3840, 203, 52, 2, 290, 5, '2024-12-10', '2024-12-10 09:46:56', 1),
(3841, 281, 53, 2, 291, 15, '2024-12-10', '2024-12-10 09:48:24', 1),
(3842, 282, 53, 2, 291, 15.5, '2024-12-10', '2024-12-10 09:48:24', 1),
(3843, 164, 53, 2, 291, 9, '2024-12-10', '2024-12-10 09:48:24', 1),
(3844, 167, 53, 2, 291, 14, '2024-12-10', '2024-12-10 09:48:24', 1),
(3845, 283, 53, 2, 291, 13, '2024-12-10', '2024-12-10 09:48:24', 1),
(3846, 284, 53, 2, 291, 11, '2024-12-10', '2024-12-10 09:48:24', 1),
(3847, 169, 53, 2, 291, 15, '2024-12-10', '2024-12-10 09:48:24', 1),
(3848, 171, 53, 2, 291, 16, '2024-12-10', '2024-12-10 09:48:24', 1),
(3849, 172, 53, 2, 291, 5, '2024-12-10', '2024-12-10 09:48:24', 1),
(3850, 285, 53, 2, 291, 7, '2024-12-10', '2024-12-10 09:48:24', 1),
(3851, 286, 53, 2, 291, 4, '2024-12-10', '2024-12-10 09:48:24', 1),
(3852, 287, 53, 2, 291, 10, '2024-12-10', '2024-12-10 09:48:24', 1),
(3853, 191, 53, 2, 291, 8, '2024-12-10', '2024-12-10 09:48:24', 1),
(3854, 192, 53, 2, 291, 16, '2024-12-10', '2024-12-10 09:48:24', 1),
(3855, 194, 53, 2, 291, 10, '2024-12-10', '2024-12-10 09:48:24', 1),
(3856, 196, 53, 2, 291, 10.5, '2024-12-10', '2024-12-10 09:48:24', 1),
(3857, 198, 53, 2, 291, 12, '2024-12-10', '2024-12-10 09:48:24', 1),
(3858, 200, 53, 2, 291, 12.5, '2024-12-10', '2024-12-10 09:48:24', 1),
(3859, 288, 53, 2, 291, 17.5, '2024-12-10', '2024-12-10 09:48:24', 1),
(3860, 203, 53, 2, 291, 2.5, '2024-12-10', '2024-12-10 09:48:24', 1),
(3861, 281, 54, 2, 292, 14, '2024-12-10', '2024-12-10 09:49:32', 1),
(3862, 282, 54, 2, 292, 9, '2024-12-10', '2024-12-10 09:49:32', 1),
(3863, 164, 54, 2, 292, 9, '2024-12-10', '2024-12-10 09:49:32', 1),
(3864, 167, 54, 2, 292, 13, '2024-12-10', '2024-12-10 09:49:32', 1),
(3865, 283, 54, 2, 292, 11, '2024-12-10', '2024-12-10 09:49:32', 1),
(3866, 284, 54, 2, 292, 11, '2024-12-10', '2024-12-10 09:49:32', 1),
(3867, 169, 54, 2, 292, 8, '2024-12-10', '2024-12-10 09:49:32', 1),
(3868, 171, 54, 2, 292, 13, '2024-12-10', '2024-12-10 09:49:32', 1),
(3869, 172, 54, 2, 292, 11, '2024-12-10', '2024-12-10 09:49:32', 1),
(3870, 285, 54, 2, 292, 5, '2024-12-10', '2024-12-10 09:49:32', 1),
(3871, 286, 54, 2, 292, 7, '2024-12-10', '2024-12-10 09:49:32', 1),
(3872, 287, 54, 2, 292, 8, '2024-12-10', '2024-12-10 09:49:32', 1),
(3873, 191, 54, 2, 292, 7, '2024-12-10', '2024-12-10 09:49:32', 1),
(3874, 192, 54, 2, 292, 14, '2024-12-10', '2024-12-10 09:49:32', 1),
(3875, 194, 54, 2, 292, 10, '2024-12-10', '2024-12-10 09:49:32', 1),
(3876, 196, 54, 2, 292, 6, '2024-12-10', '2024-12-10 09:49:32', 1),
(3877, 198, 54, 2, 292, 8, '2024-12-10', '2024-12-10 09:49:32', 1),
(3878, 200, 54, 2, 292, 11, '2024-12-10', '2024-12-10 09:49:32', 1),
(3879, 288, 54, 2, 292, 16, '2024-12-10', '2024-12-10 09:49:32', 1),
(3880, 203, 54, 2, 292, 14, '2024-12-10', '2024-12-10 09:49:32', 1),
(3881, 281, 55, 2, 293, 11, '2024-12-10', '2024-12-10 09:50:54', 1),
(3882, 282, 55, 2, 293, 12, '2024-12-10', '2024-12-10 09:50:54', 1),
(3883, 164, 55, 2, 293, 9, '2024-12-10', '2024-12-10 09:50:54', 1),
(3884, 167, 55, 2, 293, 12, '2024-12-10', '2024-12-10 09:50:54', 1),
(3885, 283, 55, 2, 293, 13, '2024-12-10', '2024-12-10 09:50:54', 1),
(3886, 284, 55, 2, 293, 12, '2024-12-10', '2024-12-10 09:50:54', 1),
(3887, 169, 55, 2, 293, 17, '2024-12-10', '2024-12-10 09:50:54', 1),
(3888, 171, 55, 2, 293, 9, '2024-12-10', '2024-12-10 09:50:54', 1),
(3889, 172, 55, 2, 293, 6, '2024-12-10', '2024-12-10 09:50:54', 1),
(3890, 285, 55, 2, 293, 1, '2024-12-10', '2024-12-10 09:50:54', 1),
(3891, 286, 55, 2, 293, 3, '2024-12-10', '2024-12-10 09:50:54', 1),
(3892, 287, 55, 2, 293, 8, '2024-12-10', '2024-12-10 09:50:54', 1),
(3893, 191, 55, 2, 293, 6, '2024-12-10', '2024-12-10 09:50:54', 1),
(3894, 192, 55, 2, 293, 15, '2024-12-10', '2024-12-10 09:50:54', 1),
(3895, 194, 55, 2, 293, 12, '2024-12-10', '2024-12-10 09:50:54', 1),
(3896, 196, 55, 2, 293, 4, '2024-12-10', '2024-12-10 09:50:54', 1),
(3897, 198, 55, 2, 293, 7, '2024-12-10', '2024-12-10 09:50:54', 1),
(3898, 200, 55, 2, 293, 8, '2024-12-10', '2024-12-10 09:50:54', 1),
(3899, 288, 55, 2, 293, 9, '2024-12-10', '2024-12-10 09:50:54', 1),
(3900, 203, 55, 2, 293, 9, '2024-12-10', '2024-12-10 09:50:54', 1);
INSERT INTO `notes` (`id`, `eleve_id`, `matiere_id`, `evaluation_id`, `examinations_id`, `note`, `date_evaluation`, `created_at`, `trimestre`) VALUES
(3901, 281, 56, 2, 294, 10, '2024-12-10', '2024-12-10 09:58:21', 1),
(3902, 282, 56, 2, 294, 11, '2024-12-10', '2024-12-10 09:58:21', 1),
(3903, 164, 56, 2, 294, 12, '2024-12-10', '2024-12-10 09:58:21', 1),
(3904, 167, 56, 2, 294, 17.5, '2024-12-10', '2024-12-10 09:58:21', 1),
(3905, 283, 56, 2, 294, 11.5, '2024-12-10', '2024-12-10 09:58:21', 1),
(3906, 284, 56, 2, 294, 15.5, '2024-12-10', '2024-12-10 09:58:21', 1),
(3907, 169, 56, 2, 294, 16, '2024-12-10', '2024-12-10 09:58:21', 1),
(3908, 171, 56, 2, 294, 18, '2024-12-10', '2024-12-10 09:58:21', 1),
(3909, 172, 56, 2, 294, 0, '2024-12-10', '2024-12-10 09:58:21', 1),
(3910, 285, 56, 2, 294, 4.5, '2024-12-10', '2024-12-10 09:58:21', 1),
(3911, 286, 56, 2, 294, 8, '2024-12-10', '2024-12-10 09:58:21', 1),
(3912, 287, 56, 2, 294, 7, '2024-12-10', '2024-12-10 09:58:21', 1),
(3913, 191, 56, 2, 294, 10, '2024-12-10', '2024-12-10 09:58:21', 1),
(3914, 192, 56, 2, 294, 15.5, '2024-12-10', '2024-12-10 09:58:21', 1),
(3915, 194, 56, 2, 294, 11, '2024-12-10', '2024-12-10 09:58:21', 1),
(3916, 196, 56, 2, 294, 11, '2024-12-10', '2024-12-10 09:58:21', 1),
(3917, 198, 56, 2, 294, 16, '2024-12-10', '2024-12-10 09:58:22', 1),
(3918, 200, 56, 2, 294, 11, '2024-12-10', '2024-12-10 09:58:22', 1),
(3919, 288, 56, 2, 294, 15.5, '2024-12-10', '2024-12-10 09:58:22', 1),
(3920, 203, 56, 2, 294, 9, '2024-12-10', '2024-12-10 09:58:22', 1),
(3921, 281, 57, 2, 295, 12, '2024-12-10', '2024-12-10 09:59:52', 1),
(3922, 282, 57, 2, 295, 19, '2024-12-10', '2024-12-10 09:59:52', 1),
(3923, 164, 57, 2, 295, 10, '2024-12-10', '2024-12-10 09:59:52', 1),
(3924, 167, 57, 2, 295, 11, '2024-12-10', '2024-12-10 09:59:52', 1),
(3925, 283, 57, 2, 295, 12, '2024-12-10', '2024-12-10 09:59:52', 1),
(3926, 284, 57, 2, 295, 14, '2024-12-10', '2024-12-10 09:59:52', 1),
(3927, 169, 57, 2, 295, 9, '2024-12-10', '2024-12-10 09:59:52', 1),
(3928, 171, 57, 2, 295, 17, '2024-12-10', '2024-12-10 09:59:52', 1),
(3929, 172, 57, 2, 295, 2, '2024-12-10', '2024-12-10 09:59:52', 1),
(3930, 285, 57, 2, 295, 1, '2024-12-10', '2024-12-10 09:59:52', 1),
(3931, 286, 57, 2, 295, 3, '2024-12-10', '2024-12-10 09:59:52', 1),
(3932, 287, 57, 2, 295, 3, '2024-12-10', '2024-12-10 09:59:52', 1),
(3933, 191, 57, 2, 295, 2, '2024-12-10', '2024-12-10 09:59:52', 1),
(3934, 192, 57, 2, 295, 20, '2024-12-10', '2024-12-10 09:59:52', 1),
(3935, 194, 57, 2, 295, 11, '2024-12-10', '2024-12-10 09:59:52', 1),
(3936, 196, 57, 2, 295, 5, '2024-12-10', '2024-12-10 09:59:52', 1),
(3937, 198, 57, 2, 295, 10, '2024-12-10', '2024-12-10 09:59:52', 1),
(3938, 200, 57, 2, 295, 10, '2024-12-10', '2024-12-10 09:59:52', 1),
(3939, 288, 57, 2, 295, 14, '2024-12-10', '2024-12-10 09:59:52', 1),
(3940, 203, 57, 2, 295, 11, '2024-12-10', '2024-12-10 09:59:52', 1),
(3941, 281, 58, 2, 296, 15, '2024-12-10', '2024-12-10 10:01:05', 1),
(3942, 282, 58, 2, 296, 15, '2024-12-10', '2024-12-10 10:01:06', 1),
(3943, 164, 58, 2, 296, 14, '2024-12-10', '2024-12-10 10:01:06', 1),
(3944, 167, 58, 2, 296, 16, '2024-12-10', '2024-12-10 10:01:06', 1),
(3945, 283, 58, 2, 296, 14, '2024-12-10', '2024-12-10 10:01:06', 1),
(3946, 284, 58, 2, 296, 14, '2024-12-10', '2024-12-10 10:01:06', 1),
(3947, 169, 58, 2, 296, 15, '2024-12-10', '2024-12-10 10:01:06', 1),
(3948, 171, 58, 2, 296, 16, '2024-12-10', '2024-12-10 10:01:06', 1),
(3949, 172, 58, 2, 296, 0, '2024-12-10', '2024-12-10 10:01:06', 1),
(3950, 285, 58, 2, 296, 14, '2024-12-10', '2024-12-10 10:01:06', 1),
(3951, 286, 58, 2, 296, 15, '2024-12-10', '2024-12-10 10:01:06', 1),
(3952, 287, 58, 2, 296, 16, '2024-12-10', '2024-12-10 10:01:06', 1),
(3953, 191, 58, 2, 296, 16, '2024-12-10', '2024-12-10 10:01:06', 1),
(3954, 192, 58, 2, 296, 16, '2024-12-10', '2024-12-10 10:01:06', 1),
(3955, 194, 58, 2, 296, 16, '2024-12-10', '2024-12-10 10:01:06', 1),
(3956, 196, 58, 2, 296, 0, '2024-12-10', '2024-12-10 10:01:06', 1),
(3957, 198, 58, 2, 296, 16, '2024-12-10', '2024-12-10 10:01:06', 1),
(3958, 200, 58, 2, 296, 14, '2024-12-10', '2024-12-10 10:01:06', 1),
(3959, 288, 58, 2, 296, 15, '2024-12-10', '2024-12-10 10:01:06', 1),
(3960, 203, 58, 2, 296, 15, '2024-12-10', '2024-12-10 10:01:06', 1),
(3961, 281, 59, 2, 297, 16, '2024-12-10', '2024-12-10 10:04:30', 1),
(3962, 282, 59, 2, 297, 16, '2024-12-10', '2024-12-10 10:04:30', 1),
(3963, 164, 59, 2, 297, 16, '2024-12-10', '2024-12-10 10:04:30', 1),
(3964, 167, 59, 2, 297, 16, '2024-12-10', '2024-12-10 10:04:30', 1),
(3965, 283, 59, 2, 297, 16, '2024-12-10', '2024-12-10 10:04:30', 1),
(3966, 284, 59, 2, 297, 15, '2024-12-10', '2024-12-10 10:04:30', 1),
(3967, 169, 59, 2, 297, 16, '2024-12-10', '2024-12-10 10:04:30', 1),
(3968, 171, 59, 2, 297, 16, '2024-12-10', '2024-12-10 10:04:30', 1),
(3969, 172, 59, 2, 297, 16, '2024-12-10', '2024-12-10 10:04:30', 1),
(3970, 285, 59, 2, 297, 16, '2024-12-10', '2024-12-10 10:04:30', 1),
(3971, 286, 59, 2, 297, 16, '2024-12-10', '2024-12-10 10:04:30', 1),
(3972, 287, 59, 2, 297, 16, '2024-12-10', '2024-12-10 10:04:30', 1),
(3973, 191, 59, 2, 297, 14, '2024-12-10', '2024-12-10 10:04:30', 1),
(3974, 192, 59, 2, 297, 16, '2024-12-10', '2024-12-10 10:04:30', 1),
(3975, 194, 59, 2, 297, 16, '2024-12-10', '2024-12-10 10:04:30', 1),
(3976, 196, 59, 2, 297, 16, '2024-12-10', '2024-12-10 10:04:30', 1),
(3977, 198, 59, 2, 297, 16, '2024-12-10', '2024-12-10 10:04:30', 1),
(3978, 200, 59, 2, 297, 16, '2024-12-10', '2024-12-10 10:04:30', 1),
(3979, 288, 59, 2, 297, 16, '2024-12-10', '2024-12-10 10:04:30', 1),
(3980, 203, 59, 2, 297, 16, '2024-12-10', '2024-12-10 10:04:30', 1),
(3981, 281, 51, 3, 298, 16, '2024-12-10', '2024-12-10 10:06:35', 1),
(3982, 282, 51, 3, 298, 18.83, '2024-12-10', '2024-12-10 10:06:35', 1),
(3983, 164, 51, 3, 298, 11, '2024-12-10', '2024-12-10 10:06:35', 1),
(3984, 167, 51, 3, 298, 19.33, '2024-12-10', '2024-12-10 10:06:35', 1),
(3985, 283, 51, 3, 298, 11.66, '2024-12-10', '2024-12-10 10:06:35', 1),
(3986, 284, 51, 3, 298, 15.66, '2024-12-10', '2024-12-10 10:06:35', 1),
(3987, 169, 51, 3, 298, 17.66, '2024-12-10', '2024-12-10 10:06:35', 1),
(3988, 171, 51, 3, 298, 18.66, '2024-12-10', '2024-12-10 10:06:35', 1),
(3989, 172, 51, 3, 298, 13.33, '2024-12-10', '2024-12-10 10:06:35', 1),
(3990, 285, 51, 3, 298, 9.66, '2024-12-10', '2024-12-10 10:06:35', 1),
(3991, 286, 51, 3, 298, 8.66, '2024-12-10', '2024-12-10 10:06:35', 1),
(3992, 287, 51, 3, 298, 16, '2024-12-10', '2024-12-10 10:06:35', 1),
(3993, 191, 51, 3, 298, 6.33, '2024-12-10', '2024-12-10 10:06:35', 1),
(3994, 192, 51, 3, 298, 17.33, '2024-12-10', '2024-12-10 10:06:35', 1),
(3995, 194, 51, 3, 298, 12.33, '2024-12-10', '2024-12-10 10:06:35', 1),
(3996, 196, 51, 3, 298, 13, '2024-12-10', '2024-12-10 10:06:35', 1),
(3997, 198, 51, 3, 298, 14.33, '2024-12-10', '2024-12-10 10:06:35', 1),
(3998, 200, 51, 3, 298, 12.33, '2024-12-10', '2024-12-10 10:06:35', 1),
(3999, 288, 51, 3, 298, 18.16, '2024-12-10', '2024-12-10 10:06:35', 1),
(4000, 203, 51, 3, 298, 16.33, '2024-12-10', '2024-12-10 10:06:35', 1),
(4001, 281, 52, 3, 299, 0, '2024-12-10', '2024-12-10 10:07:18', 1),
(4002, 282, 52, 3, 299, 16.25, '2024-12-10', '2024-12-10 10:07:18', 1),
(4003, 164, 52, 3, 299, 10.75, '2024-12-10', '2024-12-10 10:07:18', 1),
(4004, 167, 52, 3, 299, 16.75, '2024-12-10', '2024-12-10 10:07:18', 1),
(4005, 283, 52, 3, 299, 12.5, '2024-12-10', '2024-12-10 10:07:18', 1),
(4006, 284, 52, 3, 299, 14, '2024-12-10', '2024-12-10 10:07:18', 1),
(4007, 169, 52, 3, 299, 14, '2024-12-10', '2024-12-10 10:07:18', 1),
(4008, 171, 52, 3, 299, 17, '2024-12-10', '2024-12-10 10:07:18', 1),
(4009, 172, 52, 3, 299, 10, '2024-12-10', '2024-12-10 10:07:18', 1),
(4010, 285, 52, 3, 299, 9.75, '2024-12-10', '2024-12-10 10:07:18', 1),
(4011, 286, 52, 3, 299, 10.75, '2024-12-10', '2024-12-10 10:07:18', 1),
(4012, 287, 52, 3, 299, 13, '2024-12-10', '2024-12-10 10:07:18', 1),
(4013, 191, 52, 3, 299, 13.25, '2024-12-10', '2024-12-10 10:07:18', 1),
(4014, 192, 52, 3, 299, 17.25, '2024-12-10', '2024-12-10 10:07:18', 1),
(4015, 194, 52, 3, 299, 11.75, '2024-12-10', '2024-12-10 10:07:18', 1),
(4016, 196, 52, 3, 299, 0, '2024-12-10', '2024-12-10 10:07:18', 1),
(4017, 198, 52, 3, 299, 13, '2024-12-10', '2024-12-10 10:07:18', 1),
(4018, 200, 52, 3, 299, 14.25, '2024-12-10', '2024-12-10 10:07:18', 1),
(4019, 288, 52, 3, 299, 17.5, '2024-12-10', '2024-12-10 10:07:18', 1),
(4020, 203, 52, 3, 299, 11, '2024-12-10', '2024-12-10 10:07:18', 1),
(4021, 281, 53, 3, 300, 16, '2024-12-10', '2024-12-10 10:09:57', 1),
(4022, 282, 53, 3, 300, 14.33, '2024-12-10', '2024-12-10 10:09:57', 1),
(4023, 164, 53, 3, 300, 7.33, '2024-12-10', '2024-12-10 10:09:57', 1),
(4024, 167, 53, 3, 300, 14.66, '2024-12-10', '2024-12-10 10:09:57', 1),
(4025, 283, 53, 3, 300, 11.33, '2024-12-10', '2024-12-10 10:09:57', 1),
(4026, 284, 53, 3, 300, 13.33, '2024-12-10', '2024-12-10 10:09:57', 1),
(4027, 169, 53, 3, 300, 17.66, '2024-12-10', '2024-12-10 10:09:57', 1),
(4028, 171, 53, 3, 300, 18, '2024-12-10', '2024-12-10 10:09:57', 1),
(4029, 172, 53, 3, 300, 7.33, '2024-12-10', '2024-12-10 10:09:57', 1),
(4030, 285, 53, 3, 300, 8.66, '2024-12-10', '2024-12-10 10:09:57', 1),
(4031, 286, 53, 3, 300, 8.66, '2024-12-10', '2024-12-10 10:09:57', 1),
(4032, 287, 53, 3, 300, 13, '2024-12-10', '2024-12-10 10:09:57', 1),
(4033, 191, 53, 3, 300, 10.66, '2024-12-10', '2024-12-10 10:09:57', 1),
(4034, 192, 53, 3, 300, 17.33, '2024-12-10', '2024-12-10 10:09:57', 1),
(4035, 194, 53, 3, 300, 14, '2024-12-10', '2024-12-10 10:09:57', 1),
(4036, 196, 53, 3, 300, 9.33, '2024-12-10', '2024-12-10 10:09:57', 1),
(4037, 198, 53, 3, 300, 14.66, '2024-12-10', '2024-12-10 10:09:57', 1),
(4038, 200, 53, 3, 300, 16, '2024-12-10', '2024-12-10 10:09:57', 1),
(4039, 288, 53, 3, 300, 18.66, '2024-12-10', '2024-12-10 10:09:57', 1),
(4040, 203, 53, 3, 300, 6, '2024-12-10', '2024-12-10 10:09:57', 1),
(4041, 281, 54, 3, 301, 14.33, '2024-12-10', '2024-12-10 10:11:41', 1),
(4042, 282, 54, 3, 301, 15.33, '2024-12-10', '2024-12-10 10:11:41', 1),
(4043, 164, 54, 3, 301, 9.33, '2024-12-10', '2024-12-10 10:11:41', 1),
(4044, 167, 54, 3, 301, 14.66, '2024-12-10', '2024-12-10 10:11:41', 1),
(4045, 283, 54, 3, 301, 10, '2024-12-10', '2024-12-10 10:11:41', 1),
(4046, 284, 54, 3, 301, 12.33, '2024-12-10', '2024-12-10 10:11:41', 1),
(4047, 169, 54, 3, 301, 18, '2024-12-10', '2024-12-10 10:11:41', 1),
(4048, 171, 54, 3, 301, 16, '2024-12-10', '2024-12-10 10:11:41', 1),
(4049, 172, 54, 3, 301, 8.66, '2024-12-10', '2024-12-10 10:11:41', 1),
(4050, 285, 54, 3, 301, 6, '2024-12-10', '2024-12-10 10:11:41', 1),
(4051, 286, 54, 3, 301, 10, '2024-12-10', '2024-12-10 10:11:41', 1),
(4052, 287, 54, 3, 301, 14.66, '2024-12-10', '2024-12-10 10:11:41', 1),
(4053, 191, 54, 3, 301, 10.33, '2024-12-10', '2024-12-10 10:11:41', 1),
(4054, 192, 54, 3, 301, 17.66, '2024-12-10', '2024-12-10 10:11:41', 1),
(4055, 194, 54, 3, 301, 6.33, '2024-12-10', '2024-12-10 10:11:41', 1),
(4056, 196, 54, 3, 301, 10.66, '2024-12-10', '2024-12-10 10:11:41', 1),
(4057, 198, 54, 3, 301, 12, '2024-12-10', '2024-12-10 10:11:41', 1),
(4058, 200, 54, 3, 301, 13.66, '2024-12-10', '2024-12-10 10:11:41', 1),
(4059, 288, 54, 3, 301, 14.66, '2024-12-10', '2024-12-10 10:11:41', 1),
(4060, 203, 54, 3, 301, 9, '2024-12-10', '2024-12-10 10:11:41', 1),
(4061, 281, 55, 3, 302, 13.83, '2024-12-10', '2024-12-10 10:14:11', 1),
(4062, 282, 55, 3, 302, 16.16, '2024-12-10', '2024-12-10 10:14:11', 1),
(4063, 164, 55, 3, 302, 11.33, '2024-12-10', '2024-12-10 10:14:11', 1),
(4064, 167, 55, 3, 302, 11.16, '2024-12-10', '2024-12-10 10:14:11', 1),
(4065, 283, 55, 3, 302, 11.33, '2024-12-10', '2024-12-10 10:14:11', 1),
(4066, 284, 55, 3, 302, 12, '2024-12-10', '2024-12-10 10:14:11', 1),
(4067, 169, 55, 3, 302, 12.33, '2024-12-10', '2024-12-10 10:14:11', 1),
(4068, 171, 55, 3, 302, 13.26, '2024-12-10', '2024-12-10 10:14:11', 1),
(4069, 172, 55, 3, 302, 9.33, '2024-12-10', '2024-12-10 10:14:11', 1),
(4070, 285, 55, 3, 302, 6.63, '2024-12-10', '2024-12-10 10:14:11', 1),
(4071, 286, 55, 3, 302, 7.5, '2024-12-10', '2024-12-10 10:14:11', 1),
(4072, 287, 55, 3, 302, 11, '2024-12-10', '2024-12-10 10:14:11', 1),
(4073, 191, 55, 3, 302, 8.5, '2024-12-10', '2024-12-10 10:14:11', 1),
(4074, 192, 55, 3, 302, 17.66, '2024-12-10', '2024-12-10 10:14:11', 1),
(4075, 194, 55, 3, 302, 12.83, '2024-12-10', '2024-12-10 10:14:11', 1),
(4076, 196, 55, 3, 302, 9.83, '2024-12-10', '2024-12-10 10:14:12', 1),
(4077, 198, 55, 3, 302, 9.66, '2024-12-10', '2024-12-10 10:14:12', 1),
(4078, 200, 55, 3, 302, 11.16, '2024-12-10', '2024-12-10 10:14:12', 1),
(4079, 288, 55, 3, 302, 11.75, '2024-12-10', '2024-12-10 10:14:12', 1),
(4080, 203, 55, 3, 302, 9.66, '2024-12-10', '2024-12-10 10:14:12', 1),
(4081, 281, 56, 3, 303, 14.5, '2024-12-10', '2024-12-10 10:15:55', 1),
(4082, 282, 56, 3, 303, 13.33, '2024-12-10', '2024-12-10 10:15:55', 1),
(4083, 164, 56, 3, 303, 9.66, '2024-12-10', '2024-12-10 10:15:55', 1),
(4084, 167, 56, 3, 303, 14.16, '2024-12-10', '2024-12-10 10:15:55', 1),
(4085, 283, 56, 3, 303, 11.33, '2024-12-10', '2024-12-10 10:15:55', 1),
(4086, 284, 56, 3, 303, 12, '2024-12-10', '2024-12-10 10:15:55', 1),
(4087, 169, 56, 3, 303, 14.33, '2024-12-10', '2024-12-10 10:15:55', 1),
(4088, 171, 56, 3, 303, 15.33, '2024-12-10', '2024-12-10 10:15:55', 1),
(4089, 172, 56, 3, 303, 13.66, '2024-12-10', '2024-12-10 10:15:55', 1),
(4090, 285, 56, 3, 303, 6, '2024-12-10', '2024-12-10 10:15:55', 1),
(4091, 286, 56, 3, 303, 7.83, '2024-12-10', '2024-12-10 10:15:55', 1),
(4092, 287, 56, 3, 303, 12.5, '2024-12-10', '2024-12-10 10:15:55', 1),
(4093, 191, 56, 3, 303, 11, '2024-12-10', '2024-12-10 10:15:55', 1),
(4094, 192, 56, 3, 303, 15, '2024-12-10', '2024-12-10 10:15:55', 1),
(4095, 194, 56, 3, 303, 13, '2024-12-10', '2024-12-10 10:15:55', 1),
(4096, 196, 56, 3, 303, 13, '2024-12-10', '2024-12-10 10:15:55', 1),
(4097, 198, 56, 3, 303, 12.66, '2024-12-10', '2024-12-10 10:15:55', 1),
(4098, 200, 56, 3, 303, 9.33, '2024-12-10', '2024-12-10 10:15:56', 1),
(4099, 288, 56, 3, 303, 16, '2024-12-10', '2024-12-10 10:15:56', 1),
(4100, 203, 56, 3, 303, 10.83, '2024-12-10', '2024-12-10 10:15:56', 1),
(4101, 281, 57, 3, 304, 11.75, '2024-12-10', '2024-12-10 10:17:16', 1),
(4102, 282, 57, 3, 304, 17.5, '2024-12-10', '2024-12-10 10:17:16', 1),
(4103, 164, 57, 3, 304, 7.25, '2024-12-10', '2024-12-10 10:17:16', 1),
(4104, 167, 57, 3, 304, 12.5, '2024-12-10', '2024-12-10 10:17:16', 1),
(4105, 283, 57, 3, 304, 12, '2024-12-10', '2024-12-10 10:17:16', 1),
(4106, 284, 57, 3, 304, 11.5, '2024-12-10', '2024-12-10 10:17:16', 1),
(4107, 169, 57, 3, 304, 7.75, '2024-12-10', '2024-12-10 10:17:16', 1),
(4108, 171, 57, 3, 304, 10, '2024-12-10', '2024-12-10 10:17:16', 1),
(4109, 172, 57, 3, 304, 0, '2024-12-10', '2024-12-10 10:17:16', 1),
(4110, 285, 57, 3, 304, 1, '2024-12-10', '2024-12-10 10:17:16', 1),
(4111, 286, 57, 3, 304, 2, '2024-12-10', '2024-12-10 10:17:16', 1),
(4112, 287, 57, 3, 304, 4, '2024-12-10', '2024-12-10 10:17:16', 1),
(4113, 191, 57, 3, 304, 5.5, '2024-12-10', '2024-12-10 10:17:16', 1),
(4114, 192, 57, 3, 304, 16, '2024-12-10', '2024-12-10 10:17:16', 1),
(4115, 194, 57, 3, 304, 11.12, '2024-12-10', '2024-12-10 10:17:16', 1),
(4116, 196, 57, 3, 304, 6.5, '2024-12-10', '2024-12-10 10:17:16', 1),
(4117, 198, 57, 3, 304, 16, '2024-12-10', '2024-12-10 10:17:16', 1),
(4118, 200, 57, 3, 304, 14, '2024-12-10', '2024-12-10 10:17:16', 1),
(4119, 288, 57, 3, 304, 15, '2024-12-10', '2024-12-10 10:17:16', 1),
(4120, 203, 57, 3, 304, 14.37, '2024-12-10', '2024-12-10 10:17:16', 1),
(4121, 281, 58, 3, 305, 14.66, '2024-12-10', '2024-12-10 10:19:16', 1),
(4122, 282, 58, 3, 305, 16, '2024-12-10', '2024-12-10 10:19:16', 1),
(4123, 164, 58, 3, 305, 16.33, '2024-12-10', '2024-12-10 10:19:16', 1),
(4124, 167, 58, 3, 305, 16.66, '2024-12-10', '2024-12-10 10:19:16', 1),
(4125, 283, 58, 3, 305, 15.33, '2024-12-10', '2024-12-10 10:19:16', 1),
(4126, 284, 58, 3, 305, 14.66, '2024-12-10', '2024-12-10 10:19:16', 1),
(4127, 169, 58, 3, 305, 15, '2024-12-10', '2024-12-10 10:19:16', 1),
(4128, 171, 58, 3, 305, 14.66, '2024-12-10', '2024-12-10 10:19:16', 1),
(4129, 172, 58, 3, 305, 0, '2024-12-10', '2024-12-10 10:19:16', 1),
(4130, 285, 58, 3, 305, 14.66, '2024-12-10', '2024-12-10 10:19:16', 1),
(4131, 286, 58, 3, 305, 14, '2024-12-10', '2024-12-10 10:19:16', 1),
(4132, 287, 58, 3, 305, 16.33, '2024-12-10', '2024-12-10 10:19:16', 1),
(4133, 191, 58, 3, 305, 15.5, '2024-12-10', '2024-12-10 10:19:16', 1),
(4134, 192, 58, 3, 305, 15, '2024-12-10', '2024-12-10 10:19:16', 1),
(4135, 194, 58, 3, 305, 15, '2024-12-10', '2024-12-10 10:19:16', 1),
(4136, 196, 58, 3, 305, 0, '2024-12-10', '2024-12-10 10:19:16', 1),
(4137, 198, 58, 3, 305, 16, '2024-12-10', '2024-12-10 10:19:16', 1),
(4138, 200, 58, 3, 305, 14, '2024-12-10', '2024-12-10 10:19:16', 1),
(4139, 288, 58, 3, 305, 15, '2024-12-10', '2024-12-10 10:19:16', 1),
(4140, 203, 58, 3, 305, 14.33, '2024-12-10', '2024-12-10 10:19:16', 1),
(4141, 298, 79, 2, 307, 15, '2024-12-11', '2024-12-11 07:57:02', 1),
(4142, 299, 79, 2, 307, 10, '2024-12-11', '2024-12-11 07:57:02', 1),
(4143, 300, 79, 2, 307, 14, '2024-12-11', '2024-12-11 07:57:02', 1),
(4144, 218, 79, 2, 307, 9, '2024-12-11', '2024-12-11 07:57:02', 1),
(4145, 219, 79, 2, 307, 11, '2024-12-11', '2024-12-11 07:57:02', 1),
(4146, 220, 79, 2, 307, 6, '2024-12-11', '2024-12-11 07:57:02', 1),
(4147, 221, 79, 2, 307, 6, '2024-12-11', '2024-12-11 07:57:03', 1),
(4148, 222, 79, 2, 307, 8, '2024-12-11', '2024-12-11 07:57:03', 1),
(4149, 223, 79, 2, 307, 9, '2024-12-11', '2024-12-11 07:57:03', 1),
(4150, 301, 79, 2, 307, 12, '2024-12-11', '2024-12-11 07:57:03', 1),
(4151, 298, 80, 2, 308, 15.5, '2024-12-11', '2024-12-11 07:57:35', 1),
(4152, 299, 80, 2, 308, 14.25, '2024-12-11', '2024-12-11 07:57:35', 1),
(4153, 300, 80, 2, 308, 17.25, '2024-12-11', '2024-12-11 07:57:35', 1),
(4154, 218, 80, 2, 308, 14.25, '2024-12-11', '2024-12-11 07:57:35', 1),
(4155, 219, 80, 2, 308, 13, '2024-12-11', '2024-12-11 07:57:35', 1),
(4156, 220, 80, 2, 308, 15, '2024-12-11', '2024-12-11 07:57:35', 1),
(4157, 221, 80, 2, 308, 12.75, '2024-12-11', '2024-12-11 07:57:35', 1),
(4158, 222, 80, 2, 308, 12.25, '2024-12-11', '2024-12-11 07:57:35', 1),
(4159, 223, 80, 2, 308, 16.5, '2024-12-11', '2024-12-11 07:57:35', 1),
(4160, 301, 80, 2, 308, 12.25, '2024-12-11', '2024-12-11 07:57:35', 1),
(4161, 298, 81, 2, 309, 13, '2024-12-11', '2024-12-11 08:02:07', 1),
(4162, 299, 81, 2, 309, 9, '2024-12-11', '2024-12-11 08:02:07', 1),
(4163, 300, 81, 2, 309, 13.5, '2024-12-11', '2024-12-11 08:02:07', 1),
(4164, 218, 81, 2, 309, 12, '2024-12-11', '2024-12-11 08:02:07', 1),
(4165, 219, 81, 2, 309, 12.5, '2024-12-11', '2024-12-11 08:02:07', 1),
(4166, 220, 81, 2, 309, 12.5, '2024-12-11', '2024-12-11 08:02:07', 1),
(4167, 221, 81, 2, 309, 12, '2024-12-11', '2024-12-11 08:02:07', 1),
(4168, 222, 81, 2, 309, 11, '2024-12-11', '2024-12-11 08:02:07', 1),
(4169, 223, 81, 2, 309, 15, '2024-12-11', '2024-12-11 08:02:07', 1),
(4170, 301, 81, 2, 309, 14, '2024-12-11', '2024-12-11 08:02:07', 1),
(4171, 298, 82, 2, 310, 10, '2024-12-11', '2024-12-11 08:02:48', 1),
(4172, 299, 82, 2, 310, 10, '2024-12-11', '2024-12-11 08:02:48', 1),
(4173, 300, 82, 2, 310, 9, '2024-12-11', '2024-12-11 08:02:48', 1),
(4174, 218, 82, 2, 310, 12, '2024-12-11', '2024-12-11 08:02:48', 1),
(4175, 219, 82, 2, 310, 8, '2024-12-11', '2024-12-11 08:02:48', 1),
(4176, 220, 82, 2, 310, 8, '2024-12-11', '2024-12-11 08:02:48', 1),
(4177, 221, 82, 2, 310, 5, '2024-12-11', '2024-12-11 08:02:48', 1),
(4178, 222, 82, 2, 310, 4, '2024-12-11', '2024-12-11 08:02:48', 1),
(4179, 223, 82, 2, 310, 5, '2024-12-11', '2024-12-11 08:02:48', 1),
(4180, 301, 82, 2, 310, 8, '2024-12-11', '2024-12-11 08:02:48', 1),
(4181, 298, 83, 2, 311, 8, '2024-12-11', '2024-12-11 08:03:36', 1),
(4182, 299, 83, 2, 311, 3, '2024-12-11', '2024-12-11 08:03:36', 1),
(4183, 300, 83, 2, 311, 5, '2024-12-11', '2024-12-11 08:03:36', 1),
(4184, 218, 83, 2, 311, 6, '2024-12-11', '2024-12-11 08:03:36', 1),
(4185, 219, 83, 2, 311, 3, '2024-12-11', '2024-12-11 08:03:36', 1),
(4186, 220, 83, 2, 311, 3, '2024-12-11', '2024-12-11 08:03:36', 1),
(4187, 221, 83, 2, 311, 5, '2024-12-11', '2024-12-11 08:03:36', 1),
(4188, 222, 83, 2, 311, 7, '2024-12-11', '2024-12-11 08:03:36', 1),
(4189, 223, 83, 2, 311, 6, '2024-12-11', '2024-12-11 08:03:36', 1),
(4190, 301, 83, 2, 311, 4, '2024-12-11', '2024-12-11 08:03:36', 1),
(4191, 298, 84, 2, 312, 10, '2024-12-11', '2024-12-11 08:06:17', 1),
(4192, 299, 84, 2, 312, 15, '2024-12-11', '2024-12-11 08:06:17', 1),
(4193, 300, 84, 2, 312, 11, '2024-12-11', '2024-12-11 08:06:17', 1),
(4194, 218, 84, 2, 312, 14, '2024-12-11', '2024-12-11 08:06:17', 1),
(4195, 219, 84, 2, 312, 8, '2024-12-11', '2024-12-11 08:06:17', 1),
(4196, 220, 84, 2, 312, 14, '2024-12-11', '2024-12-11 08:06:17', 1),
(4197, 221, 84, 2, 312, 8, '2024-12-11', '2024-12-11 08:06:17', 1),
(4198, 222, 84, 2, 312, 9, '2024-12-11', '2024-12-11 08:06:17', 1),
(4199, 223, 84, 2, 312, 9, '2024-12-11', '2024-12-11 08:06:17', 1),
(4200, 301, 84, 2, 312, 15, '2024-12-11', '2024-12-11 08:06:17', 1),
(4201, 298, 85, 2, 313, 4, '2024-12-11', '2024-12-11 08:06:56', 1),
(4202, 299, 85, 2, 313, 1, '2024-12-11', '2024-12-11 08:06:56', 1),
(4203, 300, 85, 2, 313, 2, '2024-12-11', '2024-12-11 08:06:56', 1),
(4204, 218, 85, 2, 313, 1, '2024-12-11', '2024-12-11 08:06:56', 1),
(4205, 219, 85, 2, 313, 2, '2024-12-11', '2024-12-11 08:06:56', 1),
(4206, 220, 85, 2, 313, 2, '2024-12-11', '2024-12-11 08:06:56', 1),
(4207, 221, 85, 2, 313, 3, '2024-12-11', '2024-12-11 08:06:56', 1),
(4208, 222, 85, 2, 313, 1, '2024-12-11', '2024-12-11 08:06:56', 1),
(4209, 223, 85, 2, 313, 2, '2024-12-11', '2024-12-11 08:06:56', 1),
(4210, 301, 85, 2, 313, 4, '2024-12-11', '2024-12-11 08:06:56', 1),
(4211, 298, 86, 2, 314, 13.5, '2024-12-11', '2024-12-11 08:07:35', 1),
(4212, 299, 86, 2, 314, 14.5, '2024-12-11', '2024-12-11 08:07:35', 1),
(4213, 300, 86, 2, 314, 13.5, '2024-12-11', '2024-12-11 08:07:35', 1),
(4214, 218, 86, 2, 314, 19, '2024-12-11', '2024-12-11 08:07:35', 1),
(4215, 219, 86, 2, 314, 13.5, '2024-12-11', '2024-12-11 08:07:35', 1),
(4216, 220, 86, 2, 314, 15.5, '2024-12-11', '2024-12-11 08:07:35', 1),
(4217, 221, 86, 2, 314, 14.5, '2024-12-11', '2024-12-11 08:07:35', 1),
(4218, 222, 86, 2, 314, 18, '2024-12-11', '2024-12-11 08:07:35', 1),
(4219, 223, 86, 2, 314, 17.5, '2024-12-11', '2024-12-11 08:07:35', 1),
(4220, 301, 86, 2, 314, 17.5, '2024-12-11', '2024-12-11 08:07:35', 1),
(4221, 298, 87, 2, 315, 16, '2024-12-11', '2024-12-11 08:17:51', 1),
(4222, 299, 87, 2, 315, 15, '2024-12-11', '2024-12-11 08:17:51', 1),
(4223, 300, 87, 2, 315, 16, '2024-12-11', '2024-12-11 08:17:51', 1),
(4224, 218, 87, 2, 315, 15, '2024-12-11', '2024-12-11 08:17:51', 1),
(4225, 219, 87, 2, 315, 16, '2024-12-11', '2024-12-11 08:17:51', 1),
(4226, 220, 87, 2, 315, 16, '2024-12-11', '2024-12-11 08:17:51', 1),
(4227, 221, 87, 2, 315, 16, '2024-12-11', '2024-12-11 08:17:51', 1),
(4228, 222, 87, 2, 315, 13, '2024-12-11', '2024-12-11 08:17:51', 1),
(4229, 223, 87, 2, 315, 15, '2024-12-11', '2024-12-11 08:17:51', 1),
(4230, 301, 87, 2, 315, 16, '2024-12-11', '2024-12-11 08:17:51', 1),
(4231, 298, 79, 3, 316, 13.5, '2024-12-11', '2024-12-11 08:18:58', 1),
(4232, 299, 79, 3, 316, 11.5, '2024-12-11', '2024-12-11 08:18:58', 1),
(4233, 300, 79, 3, 316, 10, '2024-12-11', '2024-12-11 08:18:58', 1),
(4234, 218, 79, 3, 316, 11, '2024-12-11', '2024-12-11 08:18:58', 1),
(4235, 219, 79, 3, 316, 10.5, '2024-12-11', '2024-12-11 08:18:58', 1),
(4236, 220, 79, 3, 316, 10.5, '2024-12-11', '2024-12-11 08:18:58', 1),
(4237, 221, 79, 3, 316, 9.5, '2024-12-11', '2024-12-11 08:18:58', 1),
(4238, 222, 79, 3, 316, 10, '2024-12-11', '2024-12-11 08:18:58', 1),
(4239, 223, 79, 3, 316, 12, '2024-12-11', '2024-12-11 08:18:58', 1),
(4240, 301, 79, 3, 316, 10.5, '2024-12-11', '2024-12-11 08:18:58', 1),
(4241, 298, 80, 3, 317, 14.16, '2024-12-11', '2024-12-11 08:20:32', 1),
(4242, 299, 80, 3, 317, 9.16, '2024-12-11', '2024-12-11 08:20:32', 1),
(4243, 300, 80, 3, 317, 14.83, '2024-12-11', '2024-12-11 08:20:32', 1),
(4244, 218, 80, 3, 317, 12.5, '2024-12-11', '2024-12-11 08:20:32', 1),
(4245, 219, 80, 3, 317, 10.66, '2024-12-11', '2024-12-11 08:20:32', 1),
(4246, 220, 80, 3, 317, 10.66, '2024-12-11', '2024-12-11 08:20:33', 1),
(4247, 221, 80, 3, 317, 10.33, '2024-12-11', '2024-12-11 08:20:33', 1),
(4248, 222, 80, 3, 317, 12.16, '2024-12-11', '2024-12-11 08:20:33', 1),
(4249, 223, 80, 3, 317, 17, '2024-12-11', '2024-12-11 08:20:33', 1),
(4250, 301, 80, 3, 317, 10.66, '2024-12-11', '2024-12-11 08:20:33', 1),
(4251, 298, 81, 3, 318, 9.5, '2024-12-11', '2024-12-11 08:21:13', 1),
(4252, 299, 81, 3, 318, 12, '2024-12-11', '2024-12-11 08:21:13', 1),
(4253, 300, 81, 3, 318, 11.5, '2024-12-11', '2024-12-11 08:21:13', 1),
(4254, 218, 81, 3, 318, 15, '2024-12-11', '2024-12-11 08:21:13', 1),
(4255, 219, 81, 3, 318, 13, '2024-12-11', '2024-12-11 08:21:13', 1),
(4256, 220, 81, 3, 318, 17, '2024-12-11', '2024-12-11 08:21:13', 1),
(4257, 221, 81, 3, 318, 9.5, '2024-12-11', '2024-12-11 08:21:13', 1),
(4258, 222, 81, 3, 318, 13, '2024-12-11', '2024-12-11 08:21:13', 1),
(4259, 223, 81, 3, 318, 18, '2024-12-11', '2024-12-11 08:21:13', 1),
(4260, 301, 81, 3, 318, 17, '2024-12-11', '2024-12-11 08:21:13', 1),
(4261, 298, 82, 3, 319, 11.66, '2024-12-11', '2024-12-11 08:21:59', 1),
(4262, 299, 82, 3, 319, 10, '2024-12-11', '2024-12-11 08:21:59', 1),
(4263, 300, 82, 3, 319, 13, '2024-12-11', '2024-12-11 08:21:59', 1),
(4264, 218, 82, 3, 319, 13, '2024-12-11', '2024-12-11 08:21:59', 1),
(4265, 219, 82, 3, 319, 13.66, '2024-12-11', '2024-12-11 08:21:59', 1),
(4266, 220, 82, 3, 319, 13.33, '2024-12-11', '2024-12-11 08:21:59', 1),
(4267, 221, 82, 3, 319, 9.66, '2024-12-11', '2024-12-11 08:21:59', 1),
(4268, 222, 82, 3, 319, 11.66, '2024-12-11', '2024-12-11 08:21:59', 1),
(4269, 223, 82, 3, 319, 11.33, '2024-12-11', '2024-12-11 08:21:59', 1),
(4270, 301, 82, 3, 319, 13.66, '2024-12-11', '2024-12-11 08:21:59', 1),
(4271, 298, 83, 3, 320, 14, '2024-12-11', '2024-12-11 08:22:41', 1),
(4272, 299, 83, 3, 320, 9, '2024-12-11', '2024-12-11 08:22:41', 1),
(4273, 300, 83, 3, 320, 10, '2024-12-11', '2024-12-11 08:22:41', 1),
(4274, 218, 83, 3, 320, 13, '2024-12-11', '2024-12-11 08:22:41', 1),
(4275, 219, 83, 3, 320, 12, '2024-12-11', '2024-12-11 08:22:41', 1),
(4276, 220, 83, 3, 320, 10.5, '2024-12-11', '2024-12-11 08:22:41', 1),
(4277, 221, 83, 3, 320, 14, '2024-12-11', '2024-12-11 08:22:41', 1),
(4278, 222, 83, 3, 320, 15.25, '2024-12-11', '2024-12-11 08:22:41', 1),
(4279, 223, 83, 3, 320, 10.75, '2024-12-11', '2024-12-11 08:22:41', 1),
(4280, 301, 83, 3, 320, 14, '2024-12-11', '2024-12-11 08:22:41', 1),
(4281, 298, 84, 3, 321, 9.5, '2024-12-11', '2024-12-11 08:23:34', 1),
(4282, 299, 84, 3, 321, 10.37, '2024-12-11', '2024-12-11 08:23:34', 1),
(4283, 300, 84, 3, 321, 15, '2024-12-11', '2024-12-11 08:23:34', 1),
(4284, 218, 84, 3, 321, 13, '2024-12-11', '2024-12-11 08:23:34', 1),
(4285, 219, 84, 3, 321, 8, '2024-12-11', '2024-12-11 08:23:34', 1),
(4286, 220, 84, 3, 321, 14.25, '2024-12-11', '2024-12-11 08:23:34', 1),
(4287, 221, 84, 3, 321, 13, '2024-12-11', '2024-12-11 08:23:34', 1),
(4288, 222, 84, 3, 321, 13.5, '2024-12-11', '2024-12-11 08:23:34', 1),
(4289, 223, 84, 3, 321, 12.25, '2024-12-11', '2024-12-11 08:23:34', 1),
(4290, 301, 84, 3, 321, 18.75, '2024-12-11', '2024-12-11 08:23:34', 1),
(4291, 298, 85, 3, 322, 13, '2024-12-11', '2024-12-11 08:25:09', 1),
(4292, 299, 85, 3, 322, 12.5, '2024-12-11', '2024-12-11 08:25:10', 1),
(4293, 300, 85, 3, 322, 9, '2024-12-11', '2024-12-11 08:25:10', 1),
(4294, 218, 85, 3, 322, 10.5, '2024-12-11', '2024-12-11 08:25:10', 1),
(4295, 219, 85, 3, 322, 9, '2024-12-11', '2024-12-11 08:25:10', 1),
(4296, 220, 85, 3, 322, 11, '2024-12-11', '2024-12-11 08:25:10', 1),
(4297, 221, 85, 3, 322, 13.5, '2024-12-11', '2024-12-11 08:25:10', 1),
(4298, 222, 85, 3, 322, 11.5, '2024-12-11', '2024-12-11 08:25:10', 1),
(4299, 223, 85, 3, 322, 12.5, '2024-12-11', '2024-12-11 08:25:10', 1),
(4300, 301, 85, 3, 322, 13, '2024-12-11', '2024-12-11 08:25:10', 1),
(4301, 298, 86, 3, 323, 10.5, '2024-12-11', '2024-12-11 08:27:36', 1),
(4302, 299, 86, 3, 323, 13.5, '2024-12-11', '2024-12-11 08:27:36', 1),
(4303, 300, 86, 3, 323, 9, '2024-12-11', '2024-12-11 08:27:36', 1),
(4304, 218, 86, 3, 323, 17, '2024-12-11', '2024-12-11 08:27:36', 1),
(4305, 219, 86, 3, 323, 11.5, '2024-12-11', '2024-12-11 08:27:36', 1),
(4306, 220, 86, 3, 323, 13.5, '2024-12-11', '2024-12-11 08:27:36', 1),
(4307, 221, 86, 3, 323, 15, '2024-12-11', '2024-12-11 08:27:36', 1),
(4308, 222, 86, 3, 323, 18, '2024-12-11', '2024-12-11 08:27:36', 1),
(4309, 223, 86, 3, 323, 18, '2024-12-11', '2024-12-11 08:27:36', 1),
(4310, 301, 86, 3, 323, 16.5, '2024-12-11', '2024-12-11 08:27:36', 1),
(4311, 302, 115, 2, 324, 15, '2024-12-11', '2024-12-11 08:29:48', 1),
(4312, 303, 115, 2, 324, 9, '2024-12-11', '2024-12-11 08:29:48', 1),
(4313, 302, 123, 2, 332, 17.25, '2024-12-11', '2024-12-11 08:30:35', 1),
(4314, 303, 123, 2, 332, 14, '2024-12-11', '2024-12-11 08:30:35', 1),
(4315, 302, 116, 2, 325, 15, '2024-12-11', '2024-12-11 08:30:47', 1),
(4316, 303, 116, 2, 325, 11, '2024-12-11', '2024-12-11 08:30:47', 1),
(4317, 302, 122, 2, 331, 16, '2024-12-11', '2024-12-11 08:31:07', 1),
(4318, 303, 122, 2, 331, 10, '2024-12-11', '2024-12-11 08:31:07', 1),
(4319, 302, 121, 2, 330, 13, '2024-12-11', '2024-12-11 08:31:18', 1),
(4320, 303, 121, 2, 330, 9, '2024-12-11', '2024-12-11 08:31:18', 1),
(4321, 302, 117, 2, 326, 14, '2024-12-11', '2024-12-11 08:31:30', 1),
(4322, 303, 117, 2, 326, 10, '2024-12-11', '2024-12-11 08:31:30', 1),
(4323, 302, 118, 2, 327, 11, '2024-12-11', '2024-12-11 08:31:44', 1),
(4324, 303, 118, 2, 327, 7, '2024-12-11', '2024-12-11 08:31:44', 1),
(4325, 302, 119, 2, 328, 18.5, '2024-12-11', '2024-12-11 08:31:58', 1),
(4326, 303, 119, 2, 328, 14, '2024-12-11', '2024-12-11 08:31:58', 1),
(4327, 302, 120, 2, 329, 16, '2024-12-11', '2024-12-11 08:32:09', 1),
(4328, 303, 120, 2, 329, 15, '2024-12-11', '2024-12-11 08:32:09', 1),
(4329, 302, 115, 3, 333, 13, '2024-12-11', '2024-12-11 08:33:37', 1),
(4330, 303, 115, 3, 333, 10.5, '2024-12-11', '2024-12-11 08:33:37', 1),
(4331, 302, 123, 3, 340, 17.5, '2024-12-11', '2024-12-11 08:33:54', 1),
(4332, 303, 123, 3, 340, 9.66, '2024-12-11', '2024-12-11 08:33:54', 1),
(4333, 302, 116, 3, 334, 14, '2024-12-11', '2024-12-11 08:34:08', 1),
(4334, 303, 116, 3, 334, 15, '2024-12-11', '2024-12-11 08:34:08', 1),
(4335, 302, 122, 3, 339, 16, '2024-12-11', '2024-12-11 08:34:20', 1),
(4336, 303, 122, 3, 339, 13.33, '2024-12-11', '2024-12-11 08:34:20', 1),
(4337, 302, 121, 3, 338, 19.5, '2024-12-11', '2024-12-11 08:34:35', 1),
(4338, 303, 121, 3, 338, 19, '2024-12-11', '2024-12-11 08:34:35', 1),
(4339, 302, 117, 3, 335, 15.25, '2024-12-11', '2024-12-11 08:34:49', 1),
(4340, 303, 117, 3, 335, 12, '2024-12-11', '2024-12-11 08:34:49', 1),
(4341, 302, 118, 3, 336, 16, '2024-12-11', '2024-12-11 08:35:02', 1),
(4342, 303, 118, 3, 336, 16.5, '2024-12-11', '2024-12-11 08:35:02', 1),
(4343, 302, 119, 3, 337, 16.5, '2024-12-11', '2024-12-11 08:35:18', 1),
(4344, 303, 119, 3, 337, 12, '2024-12-11', '2024-12-11 08:35:18', 1),
(4345, 225, 97, 2, 341, 8, '2024-12-11', '2024-12-11 08:37:40', 1),
(4346, 226, 97, 2, 341, 9, '2024-12-11', '2024-12-11 08:37:41', 1),
(4347, 304, 97, 2, 341, 5, '2024-12-11', '2024-12-11 08:37:41', 1),
(4348, 229, 97, 2, 341, 6, '2024-12-11', '2024-12-11 08:37:41', 1),
(4349, 305, 97, 2, 341, 6, '2024-12-11', '2024-12-11 08:37:41', 1),
(4350, 225, 99, 2, 343, 9, '2024-12-11', '2024-12-11 08:39:54', 1),
(4351, 226, 99, 2, 343, 8, '2024-12-11', '2024-12-11 08:39:54', 1),
(4352, 304, 99, 2, 343, 7, '2024-12-11', '2024-12-11 08:39:54', 1),
(4353, 229, 99, 2, 343, 8, '2024-12-11', '2024-12-11 08:39:54', 1),
(4354, 305, 99, 2, 343, 8, '2024-12-11', '2024-12-11 08:39:54', 1),
(4355, 225, 101, 2, 345, 17, '2024-12-11', '2024-12-11 08:40:58', 1),
(4356, 226, 101, 2, 345, 7.5, '2024-12-11', '2024-12-11 08:40:58', 1),
(4357, 304, 101, 2, 345, 9.5, '2024-12-11', '2024-12-11 08:40:58', 1),
(4358, 229, 101, 2, 345, 10.5, '2024-12-11', '2024-12-11 08:40:58', 1),
(4359, 305, 101, 2, 345, 9.5, '2024-12-11', '2024-12-11 08:40:58', 1),
(4360, 225, 102, 2, 346, 6, '2024-12-11', '2024-12-11 08:41:37', 1),
(4361, 226, 102, 2, 346, 5, '2024-12-11', '2024-12-11 08:41:37', 1),
(4362, 304, 102, 2, 346, 4, '2024-12-11', '2024-12-11 08:41:37', 1),
(4363, 229, 102, 2, 346, 4, '2024-12-11', '2024-12-11 08:41:37', 1),
(4364, 305, 102, 2, 346, 4, '2024-12-11', '2024-12-11 08:41:37', 1),
(4365, 225, 103, 2, 347, 10.25, '2024-12-11', '2024-12-11 08:42:03', 1),
(4366, 226, 103, 2, 347, 11, '2024-12-11', '2024-12-11 08:42:03', 1),
(4367, 304, 103, 2, 347, 10, '2024-12-11', '2024-12-11 08:42:03', 1),
(4368, 229, 103, 2, 347, 7.5, '2024-12-11', '2024-12-11 08:42:03', 1),
(4369, 305, 103, 2, 347, 9, '2024-12-11', '2024-12-11 08:42:03', 1),
(4370, 225, 104, 2, 348, 8, '2024-12-11', '2024-12-11 08:42:30', 1),
(4371, 226, 104, 2, 348, 13, '2024-12-11', '2024-12-11 08:42:30', 1),
(4372, 304, 104, 2, 348, 14, '2024-12-11', '2024-12-11 08:42:30', 1),
(4373, 229, 104, 2, 348, 16, '2024-12-11', '2024-12-11 08:42:30', 1),
(4374, 305, 104, 2, 348, 17, '2024-12-11', '2024-12-11 08:42:30', 1),
(4375, 225, 105, 2, 349, 15, '2024-12-11', '2024-12-11 08:45:05', 1),
(4376, 226, 105, 2, 349, 16, '2024-12-11', '2024-12-11 08:45:05', 1),
(4377, 304, 105, 2, 349, 15, '2024-12-11', '2024-12-11 08:45:05', 1),
(4378, 229, 105, 2, 349, 15, '2024-12-11', '2024-12-11 08:45:05', 1),
(4379, 305, 105, 2, 349, 15, '2024-12-11', '2024-12-11 08:45:05', 1),
(4380, 225, 97, 3, 350, 7.8, '2024-12-11', '2024-12-11 08:46:08', 1),
(4381, 226, 97, 3, 350, 6, '2024-12-11', '2024-12-11 08:46:08', 1),
(4382, 304, 97, 3, 350, 4.5, '2024-12-11', '2024-12-11 08:46:08', 1),
(4383, 229, 97, 3, 350, 7.5, '2024-12-11', '2024-12-11 08:46:08', 1),
(4384, 305, 97, 3, 350, 8, '2024-12-11', '2024-12-11 08:46:08', 1),
(4385, 225, 99, 3, 352, 12, '2024-12-11', '2024-12-11 08:46:31', 1),
(4386, 226, 99, 3, 352, 8.75, '2024-12-11', '2024-12-11 08:46:31', 1),
(4387, 304, 99, 3, 352, 10, '2024-12-11', '2024-12-11 08:46:31', 1),
(4388, 229, 99, 3, 352, 11, '2024-12-11', '2024-12-11 08:46:31', 1),
(4389, 305, 99, 3, 352, 9, '2024-12-11', '2024-12-11 08:46:31', 1),
(4390, 225, 100, 3, 353, 13.5, '2024-12-11', '2024-12-11 08:47:02', 1),
(4391, 226, 100, 3, 353, 10.25, '2024-12-11', '2024-12-11 08:47:02', 1),
(4392, 304, 100, 3, 353, 9.5, '2024-12-11', '2024-12-11 08:47:02', 1),
(4393, 229, 100, 3, 353, 11, '2024-12-11', '2024-12-11 08:47:02', 1),
(4394, 305, 100, 3, 353, 11.5, '2024-12-11', '2024-12-11 08:47:02', 1),
(4395, 225, 101, 3, 354, 16.33, '2024-12-11', '2024-12-11 08:48:27', 1),
(4396, 226, 101, 3, 354, 11.33, '2024-12-11', '2024-12-11 08:48:27', 1),
(4397, 304, 101, 3, 354, 14.5, '2024-12-11', '2024-12-11 08:48:27', 1),
(4398, 229, 101, 3, 354, 15.16, '2024-12-11', '2024-12-11 08:48:27', 1),
(4399, 305, 101, 3, 354, 7.66, '2024-12-11', '2024-12-11 08:48:27', 1),
(4400, 225, 102, 3, 355, 15.5, '2024-12-11', '2024-12-11 08:48:58', 1),
(4401, 226, 102, 3, 355, 12, '2024-12-11', '2024-12-11 08:48:58', 1),
(4402, 304, 102, 3, 355, 4.5, '2024-12-11', '2024-12-11 08:48:58', 1),
(4403, 229, 102, 3, 355, 9.5, '2024-12-11', '2024-12-11 08:48:58', 1),
(4404, 305, 102, 3, 355, 0, '2024-12-11', '2024-12-11 08:48:58', 1),
(4405, 225, 103, 3, 356, 13.83, '2024-12-11', '2024-12-11 08:49:33', 1),
(4406, 226, 103, 3, 356, 14.08, '2024-12-11', '2024-12-11 08:49:33', 1),
(4407, 304, 103, 3, 356, 9.66, '2024-12-11', '2024-12-11 08:49:33', 1),
(4408, 229, 103, 3, 356, 12.16, '2024-12-11', '2024-12-11 08:49:33', 1),
(4409, 305, 103, 3, 356, 8.75, '2024-12-11', '2024-12-11 08:49:33', 1),
(4410, 225, 104, 3, 357, 13.5, '2024-12-11', '2024-12-11 08:50:12', 1),
(4411, 226, 104, 3, 357, 12.66, '2024-12-11', '2024-12-11 08:50:12', 1),
(4412, 304, 104, 3, 357, 13, '2024-12-11', '2024-12-11 08:50:12', 1),
(4413, 229, 104, 3, 357, 14.37, '2024-12-11', '2024-12-11 08:50:12', 1),
(4414, 305, 104, 3, 357, 15.33, '2024-12-11', '2024-12-11 08:50:12', 1),
(4415, 3, 2, 1, 40, 8, '2024-11-08', '2024-12-11 09:51:35', 1),
(4416, 4, 2, 1, 40, 11, '2024-11-08', '2024-12-11 09:51:35', 1),
(4417, 5, 2, 1, 40, 8, '2024-11-08', '2024-12-11 09:51:35', 1),
(4418, 6, 2, 1, 40, 10, '2024-11-08', '2024-12-11 09:51:35', 1),
(4419, 7, 2, 1, 40, 13, '2024-11-08', '2024-12-11 09:51:35', 1),
(4420, 8, 2, 1, 40, 15, '2024-11-08', '2024-12-11 09:51:35', 1),
(4421, 9, 2, 1, 40, 15, '2024-11-08', '2024-12-11 09:51:35', 1),
(4422, 10, 2, 1, 40, 13, '2024-11-08', '2024-12-11 09:51:35', 1),
(4423, 12, 2, 1, 40, 11, '2024-11-08', '2024-12-11 09:51:35', 1),
(4424, 11, 2, 1, 40, 11, '2024-11-08', '2024-12-11 09:51:35', 1),
(4425, 13, 2, 1, 40, 8, '2024-11-08', '2024-12-11 09:51:35', 1),
(4426, 14, 2, 1, 40, 8, '2024-11-08', '2024-12-11 09:51:35', 1),
(4427, 25, 2, 1, 40, 10, '2024-11-08', '2024-12-11 09:51:35', 1),
(4428, 15, 2, 1, 40, 11, '2024-11-08', '2024-12-11 09:51:35', 1),
(4429, 16, 2, 1, 40, 6, '2024-11-08', '2024-12-11 09:51:35', 1),
(4430, 17, 2, 1, 40, 8, '2024-11-08', '2024-12-11 09:51:35', 1),
(4431, 18, 2, 1, 40, 13, '2024-11-08', '2024-12-11 09:51:35', 1),
(4432, 19, 2, 1, 40, 13, '2024-11-08', '2024-12-11 09:51:35', 1),
(4433, 1, 2, 1, 40, 8, '2024-11-08', '2024-12-11 09:51:35', 1),
(4434, 20, 2, 1, 40, 6, '2024-11-08', '2024-12-11 09:51:35', 1),
(4435, 21, 2, 1, 40, 13, '2024-11-08', '2024-12-11 09:51:35', 1),
(4436, 22, 2, 1, 40, 10, '2024-11-08', '2024-12-11 09:51:35', 1),
(4437, 23, 2, 1, 40, 7, '2024-11-08', '2024-12-11 09:51:35', 1),
(4438, 24, 2, 1, 40, 12, '2024-11-08', '2024-12-11 09:51:35', 1),
(4439, 3, 1, 2, 180, 9, '2024-12-07', '2024-12-11 09:53:55', 1),
(4440, 4, 1, 2, 180, 9, '2024-12-07', '2024-12-11 09:53:55', 1),
(4441, 5, 1, 2, 180, 8, '2024-12-07', '2024-12-11 09:53:55', 1),
(4442, 6, 1, 2, 180, 11, '2024-12-07', '2024-12-11 09:53:55', 1),
(4443, 7, 1, 2, 180, 13, '2024-12-07', '2024-12-11 09:53:55', 1),
(4444, 8, 1, 2, 180, 9, '2024-12-07', '2024-12-11 09:53:55', 1),
(4445, 9, 1, 2, 180, 14, '2024-12-07', '2024-12-11 09:53:55', 1),
(4446, 10, 1, 2, 180, 9, '2024-12-07', '2024-12-11 09:53:55', 1),
(4447, 12, 1, 2, 180, 6, '2024-12-07', '2024-12-11 09:53:55', 1),
(4448, 11, 1, 2, 180, 8, '2024-12-07', '2024-12-11 09:53:55', 1),
(4449, 13, 1, 2, 180, 10, '2024-12-07', '2024-12-11 09:53:55', 1),
(4450, 14, 1, 2, 180, 8, '2024-12-07', '2024-12-11 09:53:55', 1),
(4451, 25, 1, 2, 180, 14, '2024-12-07', '2024-12-11 09:53:55', 1),
(4452, 15, 1, 2, 180, 10, '2024-12-07', '2024-12-11 09:53:55', 1),
(4453, 16, 1, 2, 180, 12, '2024-12-07', '2024-12-11 09:53:55', 1),
(4454, 17, 1, 2, 180, 8, '2024-12-07', '2024-12-11 09:53:55', 1),
(4455, 18, 1, 2, 180, 13, '2024-12-07', '2024-12-11 09:53:55', 1),
(4456, 19, 1, 2, 180, 11, '2024-12-07', '2024-12-11 09:53:55', 1),
(4457, 1, 1, 2, 180, 9, '2024-12-07', '2024-12-11 09:53:55', 1),
(4458, 20, 1, 2, 180, 11, '2024-12-07', '2024-12-11 09:53:55', 1),
(4459, 21, 1, 2, 180, 13, '2024-12-07', '2024-12-11 09:53:55', 1),
(4460, 22, 1, 2, 180, 11, '2024-12-07', '2024-12-11 09:53:55', 1),
(4461, 23, 1, 2, 180, 10, '2024-12-07', '2024-12-11 09:53:55', 1),
(4462, 24, 1, 2, 180, 7, '2024-12-07', '2024-12-11 09:53:55', 1),
(4463, 3, 124, 1, 367, 6.5, '2024-12-11', '2024-12-11 09:55:56', 1),
(4464, 4, 124, 1, 367, 12.5, '2024-12-11', '2024-12-11 09:55:56', 1),
(4465, 5, 124, 1, 367, 7.5, '2024-12-11', '2024-12-11 09:55:56', 1),
(4466, 6, 124, 1, 367, 8.5, '2024-12-11', '2024-12-11 09:55:56', 1),
(4467, 7, 124, 1, 367, 12, '2024-12-11', '2024-12-11 09:55:57', 1),
(4468, 8, 124, 1, 367, 5.5, '2024-12-11', '2024-12-11 09:55:57', 1),
(4469, 9, 124, 1, 367, 15, '2024-12-11', '2024-12-11 09:55:57', 1),
(4470, 10, 124, 1, 367, 13, '2024-12-11', '2024-12-11 09:55:57', 1),
(4471, 12, 124, 1, 367, 11.5, '2024-12-11', '2024-12-11 09:55:57', 1),
(4472, 11, 124, 1, 367, 11, '2024-12-11', '2024-12-11 09:55:57', 1),
(4473, 13, 124, 1, 367, 8.5, '2024-12-11', '2024-12-11 09:55:57', 1),
(4474, 14, 124, 1, 367, 5.5, '2024-12-11', '2024-12-11 09:55:57', 1),
(4475, 25, 124, 1, 367, 14.5, '2024-12-11', '2024-12-11 09:55:57', 1),
(4476, 15, 124, 1, 367, 11, '2024-12-11', '2024-12-11 09:55:57', 1),
(4477, 16, 124, 1, 367, 14.5, '2024-12-11', '2024-12-11 09:55:57', 1),
(4478, 17, 124, 1, 367, 5, '2024-12-11', '2024-12-11 09:55:57', 1),
(4479, 18, 124, 1, 367, 16.5, '2024-12-11', '2024-12-11 09:55:57', 1),
(4480, 19, 124, 1, 367, 10, '2024-12-11', '2024-12-11 09:55:57', 1),
(4481, 1, 124, 1, 367, 15, '2024-12-11', '2024-12-11 09:55:57', 1),
(4482, 20, 124, 1, 367, 13, '2024-12-11', '2024-12-11 09:55:57', 1),
(4483, 21, 124, 1, 367, 14, '2024-12-11', '2024-12-11 09:55:57', 1),
(4484, 22, 124, 1, 367, 14, '2024-12-11', '2024-12-11 09:55:57', 1),
(4485, 23, 124, 1, 367, 14, '2024-12-11', '2024-12-11 09:55:57', 1),
(4486, 24, 124, 1, 367, 15, '2024-12-11', '2024-12-11 09:55:57', 1),
(4487, 62, 13, 2, 150, 19, '2024-12-05', '2024-12-11 09:59:46', 1),
(4488, 27, 13, 2, 150, 17.25, '2024-12-05', '2024-12-11 09:59:46', 1),
(4489, 28, 13, 2, 150, 7.5, '2024-12-05', '2024-12-11 09:59:46', 1),
(4490, 88, 13, 2, 150, 7.5, '2024-12-05', '2024-12-11 09:59:46', 1),
(4491, 65, 13, 2, 150, 7.5, '2024-12-05', '2024-12-11 09:59:46', 1),
(4492, 31, 13, 2, 150, 8.5, '2024-12-05', '2024-12-11 09:59:46', 1),
(4493, 32, 13, 2, 150, 14.5, '2024-12-05', '2024-12-11 09:59:46', 1),
(4494, 33, 13, 2, 150, 14, '2024-12-05', '2024-12-11 09:59:46', 1),
(4495, 34, 13, 2, 150, 19, '2024-12-05', '2024-12-11 09:59:46', 1),
(4496, 35, 13, 2, 150, 15.5, '2024-12-05', '2024-12-11 09:59:46', 1),
(4497, 36, 13, 2, 150, 11, '2024-12-05', '2024-12-11 09:59:46', 1),
(4498, 37, 13, 2, 150, 7, '2024-12-05', '2024-12-11 09:59:46', 1),
(4499, 38, 13, 2, 150, 11.5, '2024-12-05', '2024-12-11 09:59:46', 1),
(4500, 39, 13, 2, 150, 14, '2024-12-05', '2024-12-11 09:59:46', 1),
(4501, 101, 13, 2, 150, 14, '2024-12-05', '2024-12-11 09:59:46', 1),
(4502, 41, 13, 2, 150, 7.5, '2024-12-05', '2024-12-11 09:59:46', 1),
(4503, 42, 13, 2, 150, 9.25, '2024-12-05', '2024-12-11 09:59:46', 1),
(4504, 43, 13, 2, 150, 8.5, '2024-12-05', '2024-12-11 09:59:46', 1),
(4505, 44, 13, 2, 150, 16, '2024-12-05', '2024-12-11 09:59:47', 1),
(4506, 45, 13, 2, 150, 8.25, '2024-12-05', '2024-12-11 09:59:47', 1),
(4507, 93, 13, 2, 150, 9.5, '2024-12-05', '2024-12-11 09:59:47', 1),
(4508, 47, 13, 2, 150, 8.5, '2024-12-05', '2024-12-11 09:59:47', 1),
(4509, 48, 13, 2, 150, 9, '2024-12-05', '2024-12-11 09:59:47', 1),
(4510, 49, 13, 2, 150, 13.5, '2024-12-05', '2024-12-11 09:59:47', 1),
(4511, 50, 13, 2, 150, 12, '2024-12-05', '2024-12-11 09:59:47', 1),
(4512, 51, 13, 2, 150, 9.5, '2024-12-05', '2024-12-11 09:59:47', 1),
(4513, 52, 13, 2, 150, 8.5, '2024-12-05', '2024-12-11 09:59:47', 1),
(4514, 53, 13, 2, 150, 11.25, '2024-12-05', '2024-12-11 09:59:47', 1),
(4515, 54, 13, 2, 150, 11, '2024-12-05', '2024-12-11 09:59:47', 1),
(4516, 55, 13, 2, 150, 17, '2024-12-05', '2024-12-11 09:59:47', 1),
(4517, 56, 13, 2, 150, 4, '2024-12-05', '2024-12-11 09:59:47', 1),
(4518, 57, 13, 2, 150, 14, '2024-12-05', '2024-12-11 09:59:47', 1),
(4519, 58, 13, 2, 150, 14, '2024-12-05', '2024-12-11 09:59:47', 1),
(4520, 59, 13, 2, 150, 14.5, '2024-12-05', '2024-12-11 09:59:47', 1),
(4521, 60, 13, 2, 150, 6.5, '2024-12-05', '2024-12-11 09:59:47', 1),
(4522, 61, 13, 2, 150, 6.25, '2024-12-05', '2024-12-11 09:59:47', 1),
(4523, 62, 16, 2, 153, 19, '2024-12-05', '2024-12-11 10:05:17', 1),
(4524, 27, 16, 2, 153, 16, '2024-12-05', '2024-12-11 10:05:17', 1),
(4525, 28, 16, 2, 153, 14, '2024-12-05', '2024-12-11 10:05:17', 1),
(4526, 88, 16, 2, 153, 11, '2024-12-05', '2024-12-11 10:05:17', 1),
(4527, 65, 16, 2, 153, 13, '2024-12-05', '2024-12-11 10:05:17', 1),
(4528, 31, 16, 2, 153, 12, '2024-12-05', '2024-12-11 10:05:17', 1),
(4529, 32, 16, 2, 153, 17, '2024-12-05', '2024-12-11 10:05:17', 1),
(4530, 33, 16, 2, 153, 12, '2024-12-05', '2024-12-11 10:05:17', 1),
(4531, 34, 16, 2, 153, 19, '2024-12-05', '2024-12-11 10:05:17', 1),
(4532, 35, 16, 2, 153, 19, '2024-12-05', '2024-12-11 10:05:17', 1),
(4533, 36, 16, 2, 153, 15, '2024-12-05', '2024-12-11 10:05:17', 1),
(4534, 37, 16, 2, 153, 12, '2024-12-05', '2024-12-11 10:05:17', 1),
(4535, 38, 16, 2, 153, 17, '2024-12-05', '2024-12-11 10:05:17', 1),
(4536, 39, 16, 2, 153, 15, '2024-12-05', '2024-12-11 10:05:17', 1),
(4537, 101, 16, 2, 153, 12, '2024-12-05', '2024-12-11 10:05:17', 1),
(4538, 41, 16, 2, 153, 9, '2024-12-05', '2024-12-11 10:05:17', 1),
(4539, 42, 16, 2, 153, 7, '2024-12-05', '2024-12-11 10:05:17', 1),
(4540, 43, 16, 2, 153, 18, '2024-12-05', '2024-12-11 10:05:17', 1),
(4541, 44, 16, 2, 153, 13, '2024-12-05', '2024-12-11 10:05:17', 1),
(4542, 45, 16, 2, 153, 18, '2024-12-05', '2024-12-11 10:05:17', 1),
(4543, 93, 16, 2, 153, 11, '2024-12-05', '2024-12-11 10:05:17', 1),
(4544, 47, 16, 2, 153, 10, '2024-12-05', '2024-12-11 10:05:17', 1),
(4545, 48, 16, 2, 153, 13, '2024-12-05', '2024-12-11 10:05:17', 1),
(4546, 49, 16, 2, 153, 14, '2024-12-05', '2024-12-11 10:05:17', 1),
(4547, 50, 16, 2, 153, 18, '2024-12-05', '2024-12-11 10:05:17', 1),
(4548, 51, 16, 2, 153, 14, '2024-12-05', '2024-12-11 10:05:17', 1),
(4549, 52, 16, 2, 153, 12, '2024-12-05', '2024-12-11 10:05:17', 1),
(4550, 53, 16, 2, 153, 16, '2024-12-05', '2024-12-11 10:05:17', 1),
(4551, 54, 16, 2, 153, 15, '2024-12-05', '2024-12-11 10:05:17', 1),
(4552, 55, 16, 2, 153, 18, '2024-12-05', '2024-12-11 10:05:17', 1),
(4553, 56, 16, 2, 153, 9, '2024-12-05', '2024-12-11 10:05:17', 1),
(4554, 57, 16, 2, 153, 19, '2024-12-05', '2024-12-11 10:05:17', 1),
(4555, 58, 16, 2, 153, 16, '2024-12-05', '2024-12-11 10:05:17', 1),
(4556, 59, 16, 2, 153, 17, '2024-12-05', '2024-12-11 10:05:17', 1),
(4557, 60, 16, 2, 153, 11, '2024-12-05', '2024-12-11 10:05:17', 1),
(4558, 61, 16, 2, 153, 12, '2024-12-05', '2024-12-11 10:05:17', 1),
(4559, 62, 17, 2, 154, 20, '2024-12-05', '2024-12-11 10:08:13', 1),
(4560, 27, 17, 2, 154, 17, '2024-12-05', '2024-12-11 10:08:13', 1),
(4561, 28, 17, 2, 154, 20, '2024-12-05', '2024-12-11 10:08:13', 1),
(4562, 88, 17, 2, 154, 11, '2024-12-05', '2024-12-11 10:08:13', 1),
(4563, 65, 17, 2, 154, 17, '2024-12-05', '2024-12-11 10:08:13', 1),
(4564, 31, 17, 2, 154, 18, '2024-12-05', '2024-12-11 10:08:13', 1),
(4565, 32, 17, 2, 154, 15, '2024-12-05', '2024-12-11 10:08:13', 1),
(4566, 33, 17, 2, 154, 15, '2024-12-05', '2024-12-11 10:08:13', 1),
(4567, 34, 17, 2, 154, 19, '2024-12-05', '2024-12-11 10:08:13', 1),
(4568, 35, 17, 2, 154, 19, '2024-12-05', '2024-12-11 10:08:13', 1),
(4569, 36, 17, 2, 154, 14, '2024-12-05', '2024-12-11 10:08:13', 1),
(4570, 37, 17, 2, 154, 12, '2024-12-05', '2024-12-11 10:08:13', 1),
(4571, 38, 17, 2, 154, 16, '2024-12-05', '2024-12-11 10:08:13', 1),
(4572, 39, 17, 2, 154, 18, '2024-12-05', '2024-12-11 10:08:13', 1),
(4573, 101, 17, 2, 154, 10, '2024-12-05', '2024-12-11 10:08:13', 1),
(4574, 41, 17, 2, 154, 16, '2024-12-05', '2024-12-11 10:08:13', 1),
(4575, 42, 17, 2, 154, 13, '2024-12-05', '2024-12-11 10:08:13', 1),
(4576, 43, 17, 2, 154, 14, '2024-12-05', '2024-12-11 10:08:13', 1),
(4577, 44, 17, 2, 154, 19, '2024-12-05', '2024-12-11 10:08:13', 1),
(4578, 45, 17, 2, 154, 14, '2024-12-05', '2024-12-11 10:08:13', 1),
(4579, 93, 17, 2, 154, 14, '2024-12-05', '2024-12-11 10:08:13', 1),
(4580, 47, 17, 2, 154, 12, '2024-12-05', '2024-12-11 10:08:13', 1),
(4581, 48, 17, 2, 154, 14, '2024-12-05', '2024-12-11 10:08:13', 1),
(4582, 49, 17, 2, 154, 18, '2024-12-05', '2024-12-11 10:08:13', 1),
(4583, 50, 17, 2, 154, 19, '2024-12-05', '2024-12-11 10:08:13', 1),
(4584, 51, 17, 2, 154, 12, '2024-12-05', '2024-12-11 10:08:13', 1),
(4585, 52, 17, 2, 154, 14, '2024-12-05', '2024-12-11 10:08:13', 1),
(4586, 53, 17, 2, 154, 13, '2024-12-05', '2024-12-11 10:08:13', 1),
(4587, 54, 17, 2, 154, 15, '2024-12-05', '2024-12-11 10:08:13', 1),
(4588, 55, 17, 2, 154, 17, '2024-12-05', '2024-12-11 10:08:13', 1),
(4589, 56, 17, 2, 154, 13, '2024-12-05', '2024-12-11 10:08:13', 1),
(4590, 57, 17, 2, 154, 18, '2024-12-05', '2024-12-11 10:08:13', 1),
(4591, 58, 17, 2, 154, 17, '2024-12-05', '2024-12-11 10:08:13', 1),
(4592, 59, 17, 2, 154, 16, '2024-12-05', '2024-12-11 10:08:13', 1),
(4593, 60, 17, 2, 154, 13, '2024-12-05', '2024-12-11 10:08:13', 1),
(4594, 61, 17, 2, 154, 15, '2024-12-05', '2024-12-11 10:08:13', 1),
(4595, 62, 18, 1, 368, 15.5, '2024-12-11', '2024-12-11 10:11:57', 1),
(4596, 27, 18, 1, 368, 18.5, '2024-12-11', '2024-12-11 10:11:57', 1),
(4597, 28, 18, 1, 368, 12.5, '2024-12-11', '2024-12-11 10:11:57', 1),
(4598, 88, 18, 1, 368, 5, '2024-12-11', '2024-12-11 10:11:57', 1),
(4599, 65, 18, 1, 368, 7, '2024-12-11', '2024-12-11 10:11:57', 1),
(4600, 31, 18, 1, 368, 6.5, '2024-12-11', '2024-12-11 10:11:57', 1),
(4601, 32, 18, 1, 368, 15.5, '2024-12-11', '2024-12-11 10:11:57', 1),
(4602, 33, 18, 1, 368, 8.5, '2024-12-11', '2024-12-11 10:11:57', 1),
(4603, 34, 18, 1, 368, 20, '2024-12-11', '2024-12-11 10:11:57', 1),
(4604, 35, 18, 1, 368, 14.5, '2024-12-11', '2024-12-11 10:11:57', 1),
(4605, 36, 18, 1, 368, 12, '2024-12-11', '2024-12-11 10:11:57', 1),
(4606, 37, 18, 1, 368, 8, '2024-12-11', '2024-12-11 10:11:57', 1),
(4607, 38, 18, 1, 368, 13, '2024-12-11', '2024-12-11 10:11:57', 1),
(4608, 39, 18, 1, 368, 18.5, '2024-12-11', '2024-12-11 10:11:57', 1),
(4609, 101, 18, 1, 368, 12, '2024-12-11', '2024-12-11 10:11:57', 1),
(4610, 41, 18, 1, 368, 6, '2024-12-11', '2024-12-11 10:11:57', 1),
(4611, 42, 18, 1, 368, 8.5, '2024-12-11', '2024-12-11 10:11:57', 1),
(4612, 43, 18, 1, 368, 14, '2024-12-11', '2024-12-11 10:11:57', 1),
(4613, 44, 18, 1, 368, 11, '2024-12-11', '2024-12-11 10:11:57', 1),
(4614, 45, 18, 1, 368, 12.5, '2024-12-11', '2024-12-11 10:11:57', 1),
(4615, 93, 18, 1, 368, 8.5, '2024-12-11', '2024-12-11 10:11:57', 1),
(4616, 47, 18, 1, 368, 6.5, '2024-12-11', '2024-12-11 10:11:57', 1),
(4617, 48, 18, 1, 368, 4.5, '2024-12-11', '2024-12-11 10:11:57', 1),
(4618, 49, 18, 1, 368, 6, '2024-12-11', '2024-12-11 10:11:57', 1),
(4619, 50, 18, 1, 368, 12.5, '2024-12-11', '2024-12-11 10:11:57', 1),
(4620, 51, 18, 1, 368, 6, '2024-12-11', '2024-12-11 10:11:57', 1),
(4621, 52, 18, 1, 368, 5, '2024-12-11', '2024-12-11 10:11:57', 1),
(4622, 53, 18, 1, 368, 8.5, '2024-12-11', '2024-12-11 10:11:57', 1),
(4623, 54, 18, 1, 368, 13, '2024-12-11', '2024-12-11 10:11:57', 1),
(4624, 55, 18, 1, 368, 18, '2024-12-11', '2024-12-11 10:11:57', 1),
(4625, 56, 18, 1, 368, 8, '2024-12-11', '2024-12-11 10:11:57', 1),
(4626, 57, 18, 1, 368, 13, '2024-12-11', '2024-12-11 10:11:57', 1),
(4627, 58, 18, 1, 368, 13, '2024-12-11', '2024-12-11 10:11:57', 1),
(4628, 59, 18, 1, 368, 14, '2024-12-11', '2024-12-11 10:11:57', 1),
(4629, 60, 18, 1, 368, 4, '2024-12-11', '2024-12-11 10:11:57', 1),
(4630, 61, 18, 1, 368, 12.5, '2024-12-11', '2024-12-11 10:11:57', 1),
(4631, 62, 10, 3, 160, 12, '2024-12-07', '2024-12-11 10:18:47', 1),
(4632, 27, 10, 3, 160, 17.75, '2024-12-07', '2024-12-11 10:18:49', 1),
(4633, 28, 10, 3, 160, 11.87, '2024-12-07', '2024-12-11 10:18:49', 1),
(4634, 88, 10, 3, 160, 11.75, '2024-12-07', '2024-12-11 10:18:49', 1),
(4635, 65, 10, 3, 160, 5.5, '2024-12-07', '2024-12-11 10:18:49', 1),
(4636, 31, 10, 3, 160, 10, '2024-12-07', '2024-12-11 10:18:49', 1),
(4637, 32, 10, 3, 160, 13.75, '2024-12-07', '2024-12-11 10:18:49', 1),
(4638, 33, 10, 3, 160, 10.12, '2024-12-07', '2024-12-11 10:18:49', 1),
(4639, 34, 10, 3, 160, 17.87, '2024-12-07', '2024-12-11 10:18:49', 1);
INSERT INTO `notes` (`id`, `eleve_id`, `matiere_id`, `evaluation_id`, `examinations_id`, `note`, `date_evaluation`, `created_at`, `trimestre`) VALUES
(4640, 35, 10, 3, 160, 15.25, '2024-12-07', '2024-12-11 10:18:49', 1),
(4641, 36, 10, 3, 160, 13.75, '2024-12-07', '2024-12-11 10:18:49', 1),
(4642, 37, 10, 3, 160, 13.62, '2024-12-07', '2024-12-11 10:18:49', 1),
(4643, 38, 10, 3, 160, 12, '2024-12-07', '2024-12-11 10:18:49', 1),
(4644, 39, 10, 3, 160, 15.37, '2024-12-07', '2024-12-11 10:18:49', 1),
(4645, 101, 10, 3, 160, 12.25, '2024-12-07', '2024-12-11 10:18:49', 1),
(4646, 41, 10, 3, 160, 12, '2024-12-07', '2024-12-11 10:18:49', 1),
(4647, 42, 10, 3, 160, 10.25, '2024-12-07', '2024-12-11 10:18:49', 1),
(4648, 43, 10, 3, 160, 13.37, '2024-12-07', '2024-12-11 10:18:49', 1),
(4649, 44, 10, 3, 160, 13, '2024-12-07', '2024-12-11 10:18:49', 1),
(4650, 45, 10, 3, 160, 15.25, '2024-12-07', '2024-12-11 10:18:49', 1),
(4651, 93, 10, 3, 160, 1175, '2024-12-07', '2024-12-11 10:18:49', 1),
(4652, 47, 10, 3, 160, 13.25, '2024-12-07', '2024-12-11 10:18:49', 1),
(4653, 48, 10, 3, 160, 13.75, '2024-12-07', '2024-12-11 10:18:49', 1),
(4654, 49, 10, 3, 160, 13.75, '2024-12-07', '2024-12-11 10:18:49', 1),
(4655, 50, 10, 3, 160, 11, '2024-12-07', '2024-12-11 10:18:49', 1),
(4656, 51, 10, 3, 160, 8.5, '2024-12-07', '2024-12-11 10:18:49', 1),
(4657, 52, 10, 3, 160, 10, '2024-12-07', '2024-12-11 10:18:49', 1),
(4658, 53, 10, 3, 160, 14.12, '2024-12-07', '2024-12-11 10:18:49', 1),
(4659, 54, 10, 3, 160, 16, '2024-12-07', '2024-12-11 10:18:49', 1),
(4660, 55, 10, 3, 160, 16.5, '2024-12-07', '2024-12-11 10:18:49', 1),
(4661, 56, 10, 3, 160, 9, '2024-12-07', '2024-12-11 10:18:49', 1),
(4662, 57, 10, 3, 160, 12.37, '2024-12-07', '2024-12-11 10:18:49', 1),
(4663, 58, 10, 3, 160, 12.37, '2024-12-07', '2024-12-11 10:18:49', 1),
(4664, 59, 10, 3, 160, 15, '2024-12-07', '2024-12-11 10:18:49', 1),
(4665, 60, 10, 3, 160, 8.5, '2024-12-07', '2024-12-11 10:18:49', 1),
(4666, 61, 10, 3, 160, 10.12, '2024-12-07', '2024-12-11 10:18:49', 1),
(4667, 62, 11, 3, 161, 16.25, '2024-12-07', '2024-12-11 10:19:49', 1),
(4668, 27, 11, 3, 161, 18, '2024-12-07', '2024-12-11 10:19:49', 1),
(4669, 28, 11, 3, 161, 12.75, '2024-12-07', '2024-12-11 10:19:49', 1),
(4670, 88, 11, 3, 161, 12, '2024-12-07', '2024-12-11 10:19:49', 1),
(4671, 65, 11, 3, 161, 11, '2024-12-07', '2024-12-11 10:19:49', 1),
(4672, 31, 11, 3, 161, 10.5, '2024-12-07', '2024-12-11 10:19:49', 1),
(4673, 32, 11, 3, 161, 11.5, '2024-12-07', '2024-12-11 10:19:49', 1),
(4674, 33, 11, 3, 161, 15, '2024-12-07', '2024-12-11 10:19:49', 1),
(4675, 34, 11, 3, 161, 18.75, '2024-12-07', '2024-12-11 10:19:49', 1),
(4676, 35, 11, 3, 161, 14, '2024-12-07', '2024-12-11 10:19:49', 1),
(4677, 36, 11, 3, 161, 13.5, '2024-12-07', '2024-12-11 10:19:49', 1),
(4678, 37, 11, 3, 161, 12.75, '2024-12-07', '2024-12-11 10:19:49', 1),
(4679, 38, 11, 3, 161, 16, '2024-12-07', '2024-12-11 10:19:49', 1),
(4680, 39, 11, 3, 161, 16.5, '2024-12-07', '2024-12-11 10:19:49', 1),
(4681, 101, 11, 3, 161, 11.25, '2024-12-07', '2024-12-11 10:19:49', 1),
(4682, 41, 11, 3, 161, 14, '2024-12-07', '2024-12-11 10:19:49', 1),
(4683, 42, 11, 3, 161, 8.5, '2024-12-07', '2024-12-11 10:19:49', 1),
(4684, 43, 11, 3, 161, 11.5, '2024-12-07', '2024-12-11 10:19:49', 1),
(4685, 44, 11, 3, 161, 13.25, '2024-12-07', '2024-12-11 10:19:49', 1),
(4686, 45, 11, 3, 161, 11, '2024-12-07', '2024-12-11 10:19:49', 1),
(4687, 93, 11, 3, 161, 11, '2024-12-07', '2024-12-11 10:19:49', 1),
(4688, 47, 11, 3, 161, 8.5, '2024-12-07', '2024-12-11 10:19:49', 1),
(4689, 48, 11, 3, 161, 15.5, '2024-12-07', '2024-12-11 10:19:49', 1),
(4690, 49, 11, 3, 161, 11, '2024-12-07', '2024-12-11 10:19:49', 1),
(4691, 50, 11, 3, 161, 15.5, '2024-12-07', '2024-12-11 10:19:49', 1),
(4692, 51, 11, 3, 161, 9, '2024-12-07', '2024-12-11 10:19:49', 1),
(4693, 52, 11, 3, 161, 12, '2024-12-07', '2024-12-11 10:19:49', 1),
(4694, 53, 11, 3, 161, 11, '2024-12-07', '2024-12-11 10:19:49', 1),
(4695, 54, 11, 3, 161, 17, '2024-12-07', '2024-12-11 10:19:49', 1),
(4696, 55, 11, 3, 161, 16.5, '2024-12-07', '2024-12-11 10:19:49', 1),
(4697, 56, 11, 3, 161, 12.25, '2024-12-07', '2024-12-11 10:19:49', 1),
(4698, 57, 11, 3, 161, 11.75, '2024-12-07', '2024-12-11 10:19:49', 1),
(4699, 58, 11, 3, 161, 17.5, '2024-12-07', '2024-12-11 10:19:49', 1),
(4700, 59, 11, 3, 161, 12.25, '2024-12-07', '2024-12-11 10:19:49', 1),
(4701, 60, 11, 3, 161, 14.12, '2024-12-07', '2024-12-11 10:19:49', 1),
(4702, 61, 11, 3, 161, 15, '2024-12-07', '2024-12-11 10:19:49', 1),
(4703, 62, 12, 3, 162, 11.5, '2024-12-07', '2024-12-11 10:28:37', 1),
(4704, 27, 12, 3, 162, 18, '2024-12-07', '2024-12-11 10:28:37', 1),
(4705, 28, 12, 3, 162, 11.5, '2024-12-07', '2024-12-11 10:28:37', 1),
(4706, 88, 12, 3, 162, 8.5, '2024-12-07', '2024-12-11 10:28:37', 1),
(4707, 65, 12, 3, 162, 3.5, '2024-12-07', '2024-12-11 10:28:37', 1),
(4708, 31, 12, 3, 162, 3.5, '2024-12-07', '2024-12-11 10:28:37', 1),
(4709, 32, 12, 3, 162, 12, '2024-12-07', '2024-12-11 10:28:37', 1),
(4710, 33, 12, 3, 162, 3.5, '2024-12-07', '2024-12-11 10:28:37', 1),
(4711, 34, 12, 3, 162, 17.5, '2024-12-07', '2024-12-11 10:28:37', 1),
(4712, 35, 12, 3, 162, 17.5, '2024-12-07', '2024-12-11 10:28:37', 1),
(4713, 36, 12, 3, 162, 17.5, '2024-12-07', '2024-12-11 10:28:37', 1),
(4714, 37, 12, 3, 162, 15.5, '2024-12-07', '2024-12-11 10:28:37', 1),
(4715, 38, 12, 3, 162, 14.5, '2024-12-07', '2024-12-11 10:28:37', 1),
(4716, 39, 12, 3, 162, 17, '2024-12-07', '2024-12-11 10:28:37', 1),
(4717, 101, 12, 3, 162, 12.5, '2024-12-07', '2024-12-11 10:28:37', 1),
(4718, 41, 12, 3, 162, 10, '2024-12-07', '2024-12-11 10:28:37', 1),
(4719, 42, 12, 3, 162, 12, '2024-12-07', '2024-12-11 10:28:37', 1),
(4720, 43, 12, 3, 162, 13.5, '2024-12-07', '2024-12-11 10:28:37', 1),
(4721, 44, 12, 3, 162, 7.5, '2024-12-07', '2024-12-11 10:28:37', 1),
(4722, 45, 12, 3, 162, 11, '2024-12-07', '2024-12-11 10:28:37', 1),
(4723, 93, 12, 3, 162, 4.5, '2024-12-07', '2024-12-11 10:28:37', 1),
(4724, 47, 12, 3, 162, 10.5, '2024-12-07', '2024-12-11 10:28:37', 1),
(4725, 48, 12, 3, 162, 15.5, '2024-12-07', '2024-12-11 10:28:37', 1),
(4726, 49, 12, 3, 162, 6, '2024-12-07', '2024-12-11 10:28:37', 1),
(4727, 50, 12, 3, 162, 7, '2024-12-07', '2024-12-11 10:28:37', 1),
(4728, 51, 12, 3, 162, 4, '2024-12-07', '2024-12-11 10:28:37', 1),
(4729, 52, 12, 3, 162, 2, '2024-12-07', '2024-12-11 10:28:37', 1),
(4730, 53, 12, 3, 162, 11.75, '2024-12-07', '2024-12-11 10:28:37', 1),
(4731, 54, 12, 3, 162, 8, '2024-12-07', '2024-12-11 10:28:37', 1),
(4732, 55, 12, 3, 162, 18, '2024-12-07', '2024-12-11 10:28:37', 1),
(4733, 56, 12, 3, 162, 4, '2024-12-07', '2024-12-11 10:28:37', 1),
(4734, 57, 12, 3, 162, 16.5, '2024-12-07', '2024-12-11 10:28:37', 1),
(4735, 58, 12, 3, 162, 16.5, '2024-12-07', '2024-12-11 10:28:37', 1),
(4736, 59, 12, 3, 162, 0, '2024-12-07', '2024-12-11 10:28:37', 1),
(4737, 60, 12, 3, 162, 8, '2024-12-07', '2024-12-11 10:28:37', 1),
(4738, 61, 12, 3, 162, 9.5, '2024-12-07', '2024-12-11 10:28:37', 1),
(4739, 62, 13, 3, 163, 18.37, '2024-12-07', '2024-12-11 10:41:13', 1),
(4740, 27, 13, 3, 163, 17.75, '2024-12-07', '2024-12-11 10:41:13', 1),
(4741, 28, 13, 3, 163, 8.5, '2024-12-07', '2024-12-11 10:41:13', 1),
(4742, 88, 13, 3, 163, 8.16, '2024-12-07', '2024-12-11 10:41:13', 1),
(4743, 65, 13, 3, 163, 2.5, '2024-12-07', '2024-12-11 10:41:13', 1),
(4744, 31, 13, 3, 163, 3.16, '2024-12-07', '2024-12-11 10:41:13', 1),
(4745, 32, 13, 3, 163, 6.5, '2024-12-07', '2024-12-11 10:41:13', 1),
(4746, 33, 13, 3, 163, 4.26, '2024-12-07', '2024-12-11 10:41:13', 1),
(4747, 34, 13, 3, 163, 19.25, '2024-12-07', '2024-12-11 10:41:13', 1),
(4748, 35, 13, 3, 163, 12.12, '2024-12-07', '2024-12-11 10:41:13', 1),
(4749, 36, 13, 3, 163, 7.5, '2024-12-07', '2024-12-11 10:41:13', 1),
(4750, 37, 13, 3, 163, 4.5, '2024-12-07', '2024-12-11 10:41:13', 1),
(4751, 38, 13, 3, 163, 11.25, '2024-12-07', '2024-12-11 10:41:13', 1),
(4752, 39, 13, 3, 163, 13.87, '2024-12-07', '2024-12-11 10:41:13', 1),
(4753, 101, 13, 3, 163, 8, '2024-12-07', '2024-12-11 10:41:13', 1),
(4754, 41, 13, 3, 163, 6.37, '2024-12-07', '2024-12-11 10:41:13', 1),
(4755, 42, 13, 3, 163, 7, '2024-12-07', '2024-12-11 10:41:13', 1),
(4756, 43, 13, 3, 163, 13.25, '2024-12-07', '2024-12-11 10:41:13', 1),
(4757, 44, 13, 3, 163, 9.5, '2024-12-07', '2024-12-11 10:41:13', 1),
(4758, 45, 13, 3, 163, 5.12, '2024-12-07', '2024-12-11 10:41:13', 1),
(4759, 93, 13, 3, 163, 2.37, '2024-12-07', '2024-12-11 10:41:13', 1),
(4760, 47, 13, 3, 163, 5.12, '2024-12-07', '2024-12-11 10:41:13', 1),
(4761, 48, 13, 3, 163, 3.25, '2024-12-07', '2024-12-11 10:41:13', 1),
(4762, 49, 13, 3, 163, 11.87, '2024-12-07', '2024-12-11 10:41:13', 1),
(4763, 50, 13, 3, 163, 9, '2024-12-07', '2024-12-11 10:41:13', 1),
(4764, 51, 13, 3, 163, 3, '2024-12-07', '2024-12-11 10:41:13', 1),
(4765, 52, 13, 3, 163, 4.62, '2024-12-07', '2024-12-11 10:41:13', 1),
(4766, 53, 13, 3, 163, 11, '2024-12-07', '2024-12-11 10:41:13', 1),
(4767, 54, 13, 3, 163, 0, '2024-12-07', '2024-12-11 10:41:13', 1),
(4768, 55, 13, 3, 163, 11.5, '2024-12-07', '2024-12-11 10:41:13', 1),
(4769, 56, 13, 3, 163, 1, '2024-12-07', '2024-12-11 10:41:13', 1),
(4770, 57, 13, 3, 163, 8.5, '2024-12-07', '2024-12-11 10:41:13', 1),
(4771, 58, 13, 3, 163, 15.5, '2024-12-07', '2024-12-11 10:41:13', 1),
(4772, 59, 13, 3, 163, 12.75, '2024-12-07', '2024-12-11 10:41:13', 1),
(4773, 60, 13, 3, 163, 2.75, '2024-12-07', '2024-12-11 10:41:13', 1),
(4774, 61, 13, 3, 163, 6.12, '2024-12-07', '2024-12-11 10:41:13', 1),
(4775, 62, 17, 3, 167, 19, '2024-12-07', '2024-12-11 10:47:24', 1),
(4776, 27, 17, 3, 167, 18, '2024-12-07', '2024-12-11 10:47:24', 1),
(4777, 28, 17, 3, 167, 16.5, '2024-12-07', '2024-12-11 10:47:24', 1),
(4778, 88, 17, 3, 167, 16, '2024-12-07', '2024-12-11 10:47:24', 1),
(4779, 65, 17, 3, 167, 9, '2024-12-07', '2024-12-11 10:47:24', 1),
(4780, 31, 17, 3, 167, 15.5, '2024-12-07', '2024-12-11 10:47:24', 1),
(4781, 32, 17, 3, 167, 13, '2024-12-07', '2024-12-11 10:47:24', 1),
(4782, 33, 17, 3, 167, 13, '2024-12-07', '2024-12-11 10:47:24', 1),
(4783, 34, 17, 3, 167, 20, '2024-12-07', '2024-12-11 10:47:24', 1),
(4784, 35, 17, 3, 167, 17, '2024-12-07', '2024-12-11 10:47:24', 1),
(4785, 36, 17, 3, 167, 13.5, '2024-12-07', '2024-12-11 10:47:24', 1),
(4786, 37, 17, 3, 167, 10.5, '2024-12-07', '2024-12-11 10:47:24', 1),
(4787, 38, 17, 3, 167, 16, '2024-12-07', '2024-12-11 10:47:24', 1),
(4788, 39, 17, 3, 167, 20, '2024-12-07', '2024-12-11 10:47:24', 1),
(4789, 101, 17, 3, 167, 15, '2024-12-07', '2024-12-11 10:47:24', 1),
(4790, 41, 17, 3, 167, 20, '2024-12-07', '2024-12-11 10:47:24', 1),
(4791, 42, 17, 3, 167, 15, '2024-12-07', '2024-12-11 10:47:24', 1),
(4792, 43, 17, 3, 167, 16.5, '2024-12-07', '2024-12-11 10:47:24', 1),
(4793, 44, 17, 3, 167, 18, '2024-12-07', '2024-12-11 10:47:24', 1),
(4794, 45, 17, 3, 167, 16.5, '2024-12-07', '2024-12-11 10:47:24', 1),
(4795, 93, 17, 3, 167, 11, '2024-12-07', '2024-12-11 10:47:24', 1),
(4796, 47, 17, 3, 167, 13.5, '2024-12-07', '2024-12-11 10:47:24', 1),
(4797, 48, 17, 3, 167, 16, '2024-12-07', '2024-12-11 10:47:24', 1),
(4798, 49, 17, 3, 167, 18, '2024-12-07', '2024-12-11 10:47:24', 1),
(4799, 50, 17, 3, 167, 20, '2024-12-07', '2024-12-11 10:47:24', 1),
(4800, 51, 17, 3, 167, 9, '2024-12-07', '2024-12-11 10:47:24', 1),
(4801, 52, 17, 3, 167, 18, '2024-12-07', '2024-12-11 10:47:24', 1),
(4802, 53, 17, 3, 167, 13, '2024-12-07', '2024-12-11 10:47:24', 1),
(4803, 54, 17, 3, 167, 14.5, '2024-12-07', '2024-12-11 10:47:24', 1),
(4804, 55, 17, 3, 167, 18.5, '2024-12-07', '2024-12-11 10:47:24', 1),
(4805, 56, 17, 3, 167, 14, '2024-12-07', '2024-12-11 10:47:24', 1),
(4806, 57, 17, 3, 167, 13.5, '2024-12-07', '2024-12-11 10:47:24', 1),
(4807, 58, 17, 3, 167, 18, '2024-12-07', '2024-12-11 10:47:24', 1),
(4808, 59, 17, 3, 167, 16.5, '2024-12-07', '2024-12-11 10:47:24', 1),
(4809, 60, 17, 3, 167, 12, '2024-12-07', '2024-12-11 10:47:24', 1),
(4810, 61, 17, 3, 167, 17.5, '2024-12-07', '2024-12-11 10:47:24', 1),
(4811, 62, 16, 3, 166, 17, '2024-12-07', '2024-12-11 10:51:22', 1),
(4812, 27, 16, 3, 166, 19, '2024-12-07', '2024-12-11 10:51:22', 1),
(4813, 28, 16, 3, 166, 7, '2024-12-07', '2024-12-11 10:51:22', 1),
(4814, 88, 16, 3, 166, 11, '2024-12-07', '2024-12-11 10:51:22', 1),
(4815, 65, 16, 3, 166, 11, '2024-12-07', '2024-12-11 10:51:22', 1),
(4816, 31, 16, 3, 166, 4.5, '2024-12-07', '2024-12-11 10:51:22', 1),
(4817, 32, 16, 3, 166, 9.5, '2024-12-07', '2024-12-11 10:51:22', 1),
(4818, 33, 16, 3, 166, 4, '2024-12-07', '2024-12-11 10:51:22', 1),
(4819, 34, 16, 3, 166, 20, '2024-12-07', '2024-12-11 10:51:22', 1),
(4820, 35, 16, 3, 166, 17, '2024-12-07', '2024-12-11 10:51:22', 1),
(4821, 36, 16, 3, 166, 13.5, '2024-12-07', '2024-12-11 10:51:22', 1),
(4822, 37, 16, 3, 166, 11, '2024-12-07', '2024-12-11 10:51:22', 1),
(4823, 38, 16, 3, 166, 13, '2024-12-07', '2024-12-11 10:51:22', 1),
(4824, 39, 16, 3, 166, 17.75, '2024-12-07', '2024-12-11 10:51:22', 1),
(4825, 101, 16, 3, 166, 11.5, '2024-12-07', '2024-12-11 10:51:22', 1),
(4826, 41, 16, 3, 166, 4.5, '2024-12-07', '2024-12-11 10:51:22', 1),
(4827, 42, 16, 3, 166, 4.5, '2024-12-07', '2024-12-11 10:51:22', 1),
(4828, 43, 16, 3, 166, 11, '2024-12-07', '2024-12-11 10:51:22', 1),
(4829, 44, 16, 3, 166, 2.5, '2024-12-07', '2024-12-11 10:51:22', 1),
(4830, 45, 16, 3, 166, 11.5, '2024-12-07', '2024-12-11 10:51:22', 1),
(4831, 93, 16, 3, 166, 6.5, '2024-12-07', '2024-12-11 10:51:22', 1),
(4832, 47, 16, 3, 166, 7.25, '2024-12-07', '2024-12-11 10:51:22', 1),
(4833, 48, 16, 3, 166, 18.5, '2024-12-07', '2024-12-11 10:51:22', 1),
(4834, 49, 16, 3, 166, 4.5, '2024-12-07', '2024-12-11 10:51:22', 1),
(4835, 50, 16, 3, 166, 15, '2024-12-07', '2024-12-11 10:51:22', 1),
(4836, 51, 16, 3, 166, 14.5, '2024-12-07', '2024-12-11 10:51:22', 1),
(4837, 52, 16, 3, 166, 3, '2024-12-07', '2024-12-11 10:51:22', 1),
(4838, 53, 16, 3, 166, 10.5, '2024-12-07', '2024-12-11 10:51:22', 1),
(4839, 54, 16, 3, 166, 13.75, '2024-12-07', '2024-12-11 10:51:22', 1),
(4840, 55, 16, 3, 166, 16, '2024-12-07', '2024-12-11 10:51:22', 1),
(4841, 56, 16, 3, 166, 1.5, '2024-12-07', '2024-12-11 10:51:22', 1),
(4842, 57, 16, 3, 166, 16, '2024-12-07', '2024-12-11 10:51:22', 1),
(4843, 58, 16, 3, 166, 17, '2024-12-07', '2024-12-11 10:51:22', 1),
(4844, 59, 16, 3, 166, 16, '2024-12-07', '2024-12-11 10:51:22', 1),
(4845, 60, 16, 3, 166, 11, '2024-12-07', '2024-12-11 10:51:22', 1),
(4846, 61, 16, 3, 166, 11.25, '2024-12-07', '2024-12-11 10:51:22', 1),
(4847, 62, 18, 3, 168, 16.5, '2024-12-07', '2024-12-11 10:56:48', 1),
(4848, 27, 18, 3, 168, 14, '2024-12-07', '2024-12-11 10:56:48', 1),
(4849, 28, 18, 3, 168, 17, '2024-12-07', '2024-12-11 10:56:48', 1),
(4850, 88, 18, 3, 168, 15.5, '2024-12-07', '2024-12-11 10:56:48', 1),
(4851, 65, 18, 3, 168, 10, '2024-12-07', '2024-12-11 10:56:48', 1),
(4852, 31, 18, 3, 168, 10, '2024-12-07', '2024-12-11 10:56:48', 1),
(4853, 32, 18, 3, 168, 13.5, '2024-12-07', '2024-12-11 10:56:48', 1),
(4854, 33, 18, 3, 168, 11.5, '2024-12-07', '2024-12-11 10:56:48', 1),
(4855, 34, 18, 3, 168, 20, '2024-12-07', '2024-12-11 10:56:48', 1),
(4856, 35, 18, 3, 168, 18, '2024-12-07', '2024-12-11 10:56:48', 1),
(4857, 36, 18, 3, 168, 14, '2024-12-07', '2024-12-11 10:56:48', 1),
(4858, 37, 18, 3, 168, 14, '2024-12-07', '2024-12-11 10:56:48', 1),
(4859, 38, 18, 3, 168, 17, '2024-12-07', '2024-12-11 10:56:48', 1),
(4860, 39, 18, 3, 168, 16.5, '2024-12-07', '2024-12-11 10:56:48', 1),
(4861, 101, 18, 3, 168, 15, '2024-12-07', '2024-12-11 10:56:48', 1),
(4862, 41, 18, 3, 168, 17.5, '2024-12-07', '2024-12-11 10:56:48', 1),
(4863, 42, 18, 3, 168, 13.5, '2024-12-07', '2024-12-11 10:56:48', 1),
(4864, 43, 18, 3, 168, 15, '2024-12-07', '2024-12-11 10:56:48', 1),
(4865, 44, 18, 3, 168, 14.5, '2024-12-07', '2024-12-11 10:56:48', 1),
(4866, 45, 18, 3, 168, 16.5, '2024-12-07', '2024-12-11 10:56:48', 1),
(4867, 93, 18, 3, 168, 10, '2024-12-07', '2024-12-11 10:56:48', 1),
(4868, 47, 18, 3, 168, 13.5, '2024-12-07', '2024-12-11 10:56:48', 1),
(4869, 48, 18, 3, 168, 11.5, '2024-12-07', '2024-12-11 10:56:48', 1),
(4870, 49, 18, 3, 168, 14.5, '2024-12-07', '2024-12-11 10:56:48', 1),
(4871, 50, 18, 3, 168, 18, '2024-12-07', '2024-12-11 10:56:48', 1),
(4872, 51, 18, 3, 168, 9, '2024-12-07', '2024-12-11 10:56:48', 1),
(4873, 52, 18, 3, 168, 6, '2024-12-07', '2024-12-11 10:56:48', 1),
(4874, 53, 18, 3, 168, 11.5, '2024-12-07', '2024-12-11 10:56:49', 1),
(4875, 54, 18, 3, 168, 12.5, '2024-12-07', '2024-12-11 10:56:49', 1),
(4876, 55, 18, 3, 168, 14.5, '2024-12-07', '2024-12-11 10:56:49', 1),
(4877, 56, 18, 3, 168, 13, '2024-12-07', '2024-12-11 10:56:49', 1),
(4878, 57, 18, 3, 168, 16, '2024-12-07', '2024-12-11 10:56:49', 1),
(4879, 58, 18, 3, 168, 17.5, '2024-12-07', '2024-12-11 10:56:49', 1),
(4880, 59, 18, 3, 168, 12.5, '2024-12-07', '2024-12-11 10:56:49', 1),
(4881, 60, 18, 3, 168, 12.5, '2024-12-07', '2024-12-11 10:56:49', 1),
(4882, 61, 18, 3, 168, 16.5, '2024-12-07', '2024-12-11 10:56:49', 1),
(4883, 205, 61, 2, 270, 0, '2024-12-09', '2024-12-11 11:06:35', 1),
(4884, 295, 61, 2, 270, 13.25, '2024-12-09', '2024-12-11 11:06:35', 1),
(4885, 205, 65, 1, 369, 0, '2024-12-11', '2024-12-11 11:07:47', 1),
(4886, 295, 65, 1, 369, 15.5, '2024-12-11', '2024-12-11 11:07:47', 1),
(4887, 205, 61, 3, 279, 0, '2024-12-09', '2024-12-11 11:08:25', 1),
(4888, 295, 61, 3, 279, 14, '2024-12-09', '2024-12-11 11:08:25', 1),
(4889, 205, 66, 1, 120, 0, '2024-11-20', '2024-12-11 11:09:07', 1),
(4890, 295, 66, 1, 120, 4, '2024-11-20', '2024-12-11 11:09:07', 1),
(4891, 205, 68, 2, 370, 0, '2024-12-11', '2024-12-11 11:09:39', 1),
(4892, 295, 68, 2, 370, 15, '2024-12-11', '2024-12-11 11:09:39', 1),
(4893, 205, 66, 3, 371, 0, '2024-12-11', '2024-12-11 11:11:01', 1),
(4894, 295, 66, 3, 371, 9.66, '2024-12-11', '2024-12-11 11:11:01', 1),
(4895, 289, 70, 2, 251, 12.5, '2024-12-09', '2024-12-11 11:17:02', 1),
(4896, 290, 70, 2, 251, 12.25, '2024-12-09', '2024-12-11 11:17:02', 1),
(4897, 291, 70, 2, 251, 13, '2024-12-09', '2024-12-11 11:17:02', 1),
(4898, 292, 70, 2, 251, 16, '2024-12-09', '2024-12-11 11:17:02', 1),
(4899, 293, 70, 2, 251, 9.75, '2024-12-09', '2024-12-11 11:17:02', 1),
(4900, 294, 70, 2, 251, 15, '2024-12-09', '2024-12-11 11:17:02', 1),
(4901, 289, 70, 3, 261, 13, '2024-12-09', '2024-12-11 11:19:21', 1),
(4902, 290, 70, 3, 261, 11.83, '2024-12-09', '2024-12-11 11:19:21', 1),
(4903, 291, 70, 3, 261, 13.83, '2024-12-09', '2024-12-11 11:19:21', 1),
(4904, 292, 70, 3, 261, 16.16, '2024-12-09', '2024-12-11 11:19:21', 1),
(4905, 293, 70, 3, 261, 8.66, '2024-12-09', '2024-12-11 11:19:21', 1),
(4906, 294, 70, 3, 261, 12.83, '2024-12-09', '2024-12-11 11:19:21', 1),
(4907, 289, 75, 1, 128, 7, '2024-11-20', '2024-12-11 11:23:02', 1),
(4908, 290, 75, 1, 128, 6, '2024-11-20', '2024-12-11 11:23:02', 1),
(4909, 291, 75, 1, 128, 18, '2024-11-20', '2024-12-11 11:23:02', 1),
(4910, 292, 75, 1, 128, 14.5, '2024-11-20', '2024-12-11 11:23:02', 1),
(4911, 293, 75, 1, 128, 7, '2024-11-20', '2024-12-11 11:23:02', 1),
(4912, 294, 75, 1, 128, 18, '2024-11-20', '2024-12-11 11:23:02', 1),
(4913, 201, 42, 3, 242, 9.5, '2024-12-09', '2024-12-11 11:32:18', 1),
(4914, 278, 42, 3, 242, 12.75, '2024-12-09', '2024-12-11 11:32:18', 1),
(4915, 161, 42, 3, 242, 11.25, '2024-12-09', '2024-12-11 11:32:18', 1),
(4916, 162, 42, 3, 242, 15.75, '2024-12-09', '2024-12-11 11:32:18', 1),
(4917, 163, 42, 3, 242, 13, '2024-12-09', '2024-12-11 11:32:18', 1),
(4918, 165, 42, 3, 242, 10.75, '2024-12-09', '2024-12-11 11:32:18', 1),
(4919, 166, 42, 3, 242, 9.25, '2024-12-09', '2024-12-11 11:32:18', 1),
(4920, 168, 42, 3, 242, 10.5, '2024-12-09', '2024-12-11 11:32:18', 1),
(4921, 173, 42, 3, 242, 12.25, '2024-12-09', '2024-12-11 11:32:18', 1),
(4922, 174, 42, 3, 242, 12.5, '2024-12-09', '2024-12-11 11:32:18', 1),
(4923, 176, 42, 3, 242, 10.5, '2024-12-09', '2024-12-11 11:32:18', 1),
(4924, 279, 42, 3, 242, 13.25, '2024-12-09', '2024-12-11 11:32:18', 1),
(4925, 280, 42, 3, 242, 9, '2024-12-09', '2024-12-11 11:32:18', 1),
(4926, 177, 42, 3, 242, 14.75, '2024-12-09', '2024-12-11 11:32:18', 1),
(4927, 197, 42, 3, 242, 11.5, '2024-12-09', '2024-12-11 11:32:18', 1),
(4928, 202, 42, 3, 242, 11.25, '2024-12-09', '2024-12-11 11:32:18', 1),
(4929, 85, 31, 3, 210, 13.33, '2024-12-07', '2024-12-12 07:35:56', 1),
(4930, 86, 31, 3, 210, 17.5, '2024-12-07', '2024-12-12 07:35:56', 1),
(4931, 110, 31, 3, 210, 9.66, '2024-12-07', '2024-12-12 07:35:56', 1),
(4932, 111, 31, 3, 210, 13.16, '2024-12-07', '2024-12-12 07:35:56', 1),
(4933, 112, 31, 3, 210, 8.16, '2024-12-07', '2024-12-12 07:35:56', 1),
(4934, 113, 31, 3, 210, 15.66, '2024-12-07', '2024-12-12 07:35:56', 1),
(4935, 115, 31, 3, 210, 13.66, '2024-12-07', '2024-12-12 07:35:56', 1),
(4936, 270, 31, 3, 210, 8.66, '2024-12-07', '2024-12-12 07:35:56', 1),
(4937, 116, 31, 3, 210, 12.66, '2024-12-07', '2024-12-12 07:35:56', 1),
(4938, 271, 31, 3, 210, 6.33, '2024-12-07', '2024-12-12 07:35:56', 1),
(4939, 117, 31, 3, 210, 11.33, '2024-12-07', '2024-12-12 07:35:56', 1),
(4940, 118, 31, 3, 210, 8, '2024-12-07', '2024-12-12 07:35:56', 1),
(4941, 272, 31, 3, 210, 8.16, '2024-12-07', '2024-12-12 07:35:56', 1),
(4942, 120, 31, 3, 210, 7.33, '2024-12-07', '2024-12-12 07:35:56', 1),
(4943, 119, 31, 3, 210, 6.66, '2024-12-07', '2024-12-12 07:35:56', 1),
(4944, 141, 31, 3, 210, 14.66, '2024-12-07', '2024-12-12 07:35:56', 1),
(4945, 143, 31, 3, 210, 5.66, '2024-12-07', '2024-12-12 07:35:56', 1),
(4946, 273, 31, 3, 210, 5.66, '2024-12-07', '2024-12-12 07:35:56', 1),
(4947, 144, 31, 3, 210, 13.16, '2024-12-07', '2024-12-12 07:35:56', 1),
(4948, 148, 31, 3, 210, 6.16, '2024-12-07', '2024-12-12 07:35:56', 1),
(4949, 149, 31, 3, 210, 7.33, '2024-12-07', '2024-12-12 07:35:56', 1),
(4950, 150, 31, 3, 210, 11, '2024-12-07', '2024-12-12 07:35:56', 1),
(4951, 151, 31, 3, 210, 15.66, '2024-12-07', '2024-12-12 07:35:56', 1),
(4952, 152, 31, 3, 210, 10, '2024-12-07', '2024-12-12 07:35:56', 1),
(4953, 153, 31, 3, 210, 12, '2024-12-07', '2024-12-12 07:35:56', 1),
(4954, 274, 31, 3, 210, 8.33, '2024-12-07', '2024-12-12 07:35:56', 1),
(4955, 275, 31, 3, 210, 18.33, '2024-12-07', '2024-12-12 07:35:56', 1),
(4956, 155, 31, 3, 210, 7, '2024-12-07', '2024-12-12 07:35:56', 1),
(4957, 276, 31, 3, 210, 8, '2024-12-07', '2024-12-12 07:35:56', 1),
(4958, 156, 31, 3, 210, 9.66, '2024-12-07', '2024-12-12 07:35:56', 1),
(4959, 277, 31, 3, 210, 7, '2024-12-07', '2024-12-12 07:35:56', 1),
(4960, 85, 32, 3, 211, 11, '2024-12-07', '2024-12-12 07:40:55', 1),
(4961, 86, 32, 3, 211, 16, '2024-12-07', '2024-12-12 07:40:55', 1),
(4962, 110, 32, 3, 211, 11.66, '2024-12-07', '2024-12-12 07:40:55', 1),
(4963, 111, 32, 3, 211, 15, '2024-12-07', '2024-12-12 07:40:55', 1),
(4964, 112, 32, 3, 211, 12.33, '2024-12-07', '2024-12-12 07:40:55', 1),
(4965, 113, 32, 3, 211, 10.83, '2024-12-07', '2024-12-12 07:40:55', 1),
(4966, 115, 32, 3, 211, 15, '2024-12-07', '2024-12-12 07:40:55', 1),
(4967, 270, 32, 3, 211, 15.33, '2024-12-07', '2024-12-12 07:40:55', 1),
(4968, 116, 32, 3, 211, 15, '2024-12-07', '2024-12-12 07:40:55', 1),
(4969, 271, 32, 3, 211, 11.66, '2024-12-07', '2024-12-12 07:40:55', 1),
(4970, 117, 32, 3, 211, 14.33, '2024-12-07', '2024-12-12 07:40:55', 1),
(4971, 118, 32, 3, 211, 10, '2024-12-07', '2024-12-12 07:40:55', 1),
(4972, 272, 32, 3, 211, 17.66, '2024-12-07', '2024-12-12 07:40:55', 1),
(4973, 120, 32, 3, 211, 14.33, '2024-12-07', '2024-12-12 07:40:55', 1),
(4974, 119, 32, 3, 211, 9.66, '2024-12-07', '2024-12-12 07:40:55', 1),
(4975, 141, 32, 3, 211, 13, '2024-12-07', '2024-12-12 07:40:55', 1),
(4976, 143, 32, 3, 211, 9.33, '2024-12-07', '2024-12-12 07:40:55', 1),
(4977, 273, 32, 3, 211, 7.33, '2024-12-07', '2024-12-12 07:40:55', 1),
(4978, 144, 32, 3, 211, 12, '2024-12-07', '2024-12-12 07:40:55', 1),
(4979, 148, 32, 3, 211, 11, '2024-12-07', '2024-12-12 07:40:55', 1),
(4980, 149, 32, 3, 211, 16.33, '2024-12-07', '2024-12-12 07:40:55', 1),
(4981, 150, 32, 3, 211, 7.33, '2024-12-07', '2024-12-12 07:40:55', 1),
(4982, 151, 32, 3, 211, 14.66, '2024-12-07', '2024-12-12 07:40:55', 1),
(4983, 152, 32, 3, 211, 16.33, '2024-12-07', '2024-12-12 07:40:55', 1),
(4984, 153, 32, 3, 211, 11.66, '2024-12-07', '2024-12-12 07:40:55', 1),
(4985, 274, 32, 3, 211, 13.33, '2024-12-07', '2024-12-12 07:40:55', 1),
(4986, 275, 32, 3, 211, 15, '2024-12-07', '2024-12-12 07:40:55', 1),
(4987, 155, 32, 3, 211, 12.33, '2024-12-07', '2024-12-12 07:40:55', 1),
(4988, 276, 32, 3, 211, 14.66, '2024-12-07', '2024-12-12 07:40:55', 1),
(4989, 156, 32, 3, 211, 17.66, '2024-12-07', '2024-12-12 07:40:55', 1),
(4990, 277, 32, 3, 211, 9.33, '2024-12-07', '2024-12-12 07:40:55', 1),
(4991, 85, 38, 3, 217, 10.33, '2024-12-07', '2024-12-12 07:44:48', 1),
(4992, 86, 38, 3, 217, 19, '2024-12-07', '2024-12-12 07:44:48', 1),
(4993, 110, 38, 3, 217, 11.66, '2024-12-07', '2024-12-12 07:44:48', 1),
(4994, 111, 38, 3, 217, 9.33, '2024-12-07', '2024-12-12 07:44:48', 1),
(4995, 112, 38, 3, 217, 12.33, '2024-12-07', '2024-12-12 07:44:48', 1),
(4996, 113, 38, 3, 217, 13.33, '2024-12-07', '2024-12-12 07:44:48', 1),
(4997, 115, 38, 3, 217, 8.66, '2024-12-07', '2024-12-12 07:44:48', 1),
(4998, 270, 38, 3, 217, 11, '2024-12-07', '2024-12-12 07:44:48', 1),
(4999, 116, 38, 3, 217, 9.66, '2024-12-07', '2024-12-12 07:44:48', 1),
(5000, 271, 38, 3, 217, 11.33, '2024-12-07', '2024-12-12 07:44:48', 1),
(5001, 117, 38, 3, 217, 5, '2024-12-07', '2024-12-12 07:44:48', 1),
(5002, 118, 38, 3, 217, 18.33, '2024-12-07', '2024-12-12 07:44:48', 1),
(5003, 272, 38, 3, 217, 10.66, '2024-12-07', '2024-12-12 07:44:48', 1),
(5004, 120, 38, 3, 217, 8.66, '2024-12-07', '2024-12-12 07:44:48', 1),
(5005, 119, 38, 3, 217, 12, '2024-12-07', '2024-12-12 07:44:48', 1),
(5006, 141, 38, 3, 217, 11.66, '2024-12-07', '2024-12-12 07:44:48', 1),
(5007, 143, 38, 3, 217, 15, '2024-12-07', '2024-12-12 07:44:48', 1),
(5008, 273, 38, 3, 217, 13.33, '2024-12-07', '2024-12-12 07:44:48', 1),
(5009, 144, 38, 3, 217, 8, '2024-12-07', '2024-12-12 07:44:48', 1),
(5010, 148, 38, 3, 217, 12, '2024-12-07', '2024-12-12 07:44:48', 1),
(5011, 149, 38, 3, 217, 13.66, '2024-12-07', '2024-12-12 07:44:48', 1),
(5012, 150, 38, 3, 217, 6.66, '2024-12-07', '2024-12-12 07:44:48', 1),
(5013, 151, 38, 3, 217, 20, '2024-12-07', '2024-12-12 07:44:48', 1),
(5014, 152, 38, 3, 217, 18.66, '2024-12-07', '2024-12-12 07:44:48', 1),
(5015, 153, 38, 3, 217, 9.33, '2024-12-07', '2024-12-12 07:44:48', 1),
(5016, 274, 38, 3, 217, 7, '2024-12-07', '2024-12-12 07:44:49', 1),
(5017, 275, 38, 3, 217, 19.66, '2024-12-07', '2024-12-12 07:44:49', 1),
(5018, 155, 38, 3, 217, 14.33, '2024-12-07', '2024-12-12 07:44:49', 1),
(5019, 276, 38, 3, 217, 16.33, '2024-12-07', '2024-12-12 07:44:49', 1),
(5020, 156, 38, 3, 217, 18, '2024-12-07', '2024-12-12 07:44:49', 1),
(5021, 277, 38, 3, 217, 13.66, '2024-12-07', '2024-12-12 07:44:49', 1),
(5022, 70, 21, 3, 190, 8, '2024-12-07', '2024-12-12 08:13:10', 1),
(5023, 103, 21, 3, 190, 0, '2024-12-07', '2024-12-12 08:13:10', 1),
(5024, 71, 21, 3, 190, 11, '2024-12-07', '2024-12-12 08:13:10', 1),
(5025, 104, 21, 3, 190, 8, '2024-12-07', '2024-12-12 08:13:10', 1),
(5026, 105, 21, 3, 190, 0, '2024-12-07', '2024-12-12 08:13:10', 1),
(5027, 106, 21, 3, 190, 14, '2024-12-07', '2024-12-12 08:13:10', 1),
(5028, 72, 21, 3, 190, 16, '2024-12-07', '2024-12-12 08:13:10', 1),
(5029, 263, 21, 3, 190, 9.5, '2024-12-07', '2024-12-12 08:13:10', 1),
(5030, 73, 21, 3, 190, 14.5, '2024-12-07', '2024-12-12 08:13:10', 1),
(5031, 74, 21, 3, 190, 12, '2024-12-07', '2024-12-12 08:13:10', 1),
(5032, 75, 21, 3, 190, 11.5, '2024-12-07', '2024-12-12 08:13:10', 1),
(5033, 264, 21, 3, 190, 12, '2024-12-07', '2024-12-12 08:13:10', 1),
(5034, 265, 21, 3, 190, 12, '2024-12-07', '2024-12-12 08:13:10', 1),
(5035, 78, 21, 3, 190, 9, '2024-12-07', '2024-12-12 08:13:10', 1),
(5036, 108, 21, 3, 190, 15.5, '2024-12-07', '2024-12-12 08:13:10', 1),
(5037, 266, 21, 3, 190, 10.5, '2024-12-07', '2024-12-12 08:13:10', 1),
(5038, 267, 21, 3, 190, 0, '2024-12-07', '2024-12-12 08:13:10', 1),
(5039, 80, 21, 3, 190, 12, '2024-12-07', '2024-12-12 08:13:10', 1),
(5040, 81, 21, 3, 190, 11, '2024-12-07', '2024-12-12 08:13:10', 1),
(5041, 109, 21, 3, 190, 9.5, '2024-12-07', '2024-12-12 08:13:10', 1),
(5042, 82, 21, 3, 190, 11.5, '2024-12-07', '2024-12-12 08:13:10', 1),
(5043, 83, 21, 3, 190, 12.5, '2024-12-07', '2024-12-12 08:13:10', 1),
(5044, 268, 21, 3, 190, 12.5, '2024-12-07', '2024-12-12 08:13:10', 1),
(5045, 269, 21, 3, 190, 9.5, '2024-12-07', '2024-12-12 08:13:10', 1),
(5046, 84, 21, 3, 190, 15.5, '2024-12-07', '2024-12-12 08:13:10', 1),
(5047, 70, 21, 2, 200, 8, '2024-12-07', '2024-12-12 08:15:50', 1),
(5048, 103, 21, 2, 200, 7, '2024-12-07', '2024-12-12 08:15:50', 1),
(5049, 71, 21, 2, 200, 0, '2024-12-07', '2024-12-12 08:15:50', 1),
(5050, 104, 21, 2, 200, 8, '2024-12-07', '2024-12-12 08:15:50', 1),
(5051, 105, 21, 2, 200, 6, '2024-12-07', '2024-12-12 08:15:50', 1),
(5052, 106, 21, 2, 200, 11, '2024-12-07', '2024-12-12 08:15:50', 1),
(5053, 72, 21, 2, 200, 10, '2024-12-07', '2024-12-12 08:15:50', 1),
(5054, 263, 21, 2, 200, 5, '2024-12-07', '2024-12-12 08:15:50', 1),
(5055, 73, 21, 2, 200, 8, '2024-12-07', '2024-12-12 08:15:50', 1),
(5056, 74, 21, 2, 200, 10, '2024-12-07', '2024-12-12 08:15:50', 1),
(5057, 75, 21, 2, 200, 7, '2024-12-07', '2024-12-12 08:15:50', 1),
(5058, 264, 21, 2, 200, 6, '2024-12-07', '2024-12-12 08:15:50', 1),
(5059, 265, 21, 2, 200, 9, '2024-12-07', '2024-12-12 08:15:50', 1),
(5060, 78, 21, 2, 200, 8, '2024-12-07', '2024-12-12 08:15:50', 1),
(5061, 108, 21, 2, 200, 13, '2024-12-07', '2024-12-12 08:15:50', 1),
(5062, 266, 21, 2, 200, 8, '2024-12-07', '2024-12-12 08:15:50', 1),
(5063, 267, 21, 2, 200, 0, '2024-12-07', '2024-12-12 08:15:50', 1),
(5064, 80, 21, 2, 200, 8, '2024-12-07', '2024-12-12 08:15:50', 1),
(5065, 81, 21, 2, 200, 0, '2024-12-07', '2024-12-12 08:15:50', 1),
(5066, 109, 21, 2, 200, 8, '2024-12-07', '2024-12-12 08:15:50', 1),
(5067, 82, 21, 2, 200, 7, '2024-12-07', '2024-12-12 08:15:50', 1),
(5068, 83, 21, 2, 200, 5, '2024-12-07', '2024-12-12 08:15:50', 1),
(5069, 268, 21, 2, 200, 6, '2024-12-07', '2024-12-12 08:15:50', 1),
(5070, 269, 21, 2, 200, 6, '2024-12-07', '2024-12-12 08:15:50', 1),
(5071, 84, 21, 2, 200, 10, '2024-12-07', '2024-12-12 08:15:50', 1),
(5072, 70, 22, 3, 191, 11, '2024-12-07', '2024-12-12 08:22:29', 1),
(5073, 103, 22, 3, 191, 0, '2024-12-07', '2024-12-12 08:22:29', 1),
(5074, 71, 22, 3, 191, 13.5, '2024-12-07', '2024-12-12 08:22:29', 1),
(5075, 104, 22, 3, 191, 12, '2024-12-07', '2024-12-12 08:22:29', 1),
(5076, 105, 22, 3, 191, 9, '2024-12-07', '2024-12-12 08:22:29', 1),
(5077, 106, 22, 3, 191, 16, '2024-12-07', '2024-12-12 08:22:29', 1),
(5078, 72, 22, 3, 191, 14.5, '2024-12-07', '2024-12-12 08:22:29', 1),
(5079, 263, 22, 3, 191, 8, '2024-12-07', '2024-12-12 08:22:29', 1),
(5080, 73, 22, 3, 191, 11.5, '2024-12-07', '2024-12-12 08:22:29', 1),
(5081, 74, 22, 3, 191, 13.5, '2024-12-07', '2024-12-12 08:22:29', 1),
(5082, 75, 22, 3, 191, 11.5, '2024-12-07', '2024-12-12 08:22:29', 1),
(5083, 264, 22, 3, 191, 10, '2024-12-07', '2024-12-12 08:22:29', 1),
(5084, 265, 22, 3, 191, 13, '2024-12-07', '2024-12-12 08:22:29', 1),
(5085, 78, 22, 3, 191, 10.5, '2024-12-07', '2024-12-12 08:22:29', 1),
(5086, 108, 22, 3, 191, 13.5, '2024-12-07', '2024-12-12 08:22:29', 1),
(5087, 266, 22, 3, 191, 10, '2024-12-07', '2024-12-12 08:22:29', 1),
(5088, 267, 22, 3, 191, 9.5, '2024-12-07', '2024-12-12 08:22:29', 1),
(5089, 80, 22, 3, 191, 13.5, '2024-12-07', '2024-12-12 08:22:29', 1),
(5090, 81, 22, 3, 191, 12.5, '2024-12-07', '2024-12-12 08:22:29', 1),
(5091, 109, 22, 3, 191, 9.5, '2024-12-07', '2024-12-12 08:22:29', 1),
(5092, 82, 22, 3, 191, 12, '2024-12-07', '2024-12-12 08:22:29', 1),
(5093, 83, 22, 3, 191, 9, '2024-12-07', '2024-12-12 08:22:29', 1),
(5094, 268, 22, 3, 191, 10.5, '2024-12-07', '2024-12-12 08:22:29', 1),
(5095, 269, 22, 3, 191, 13.5, '2024-12-07', '2024-12-12 08:22:29', 1),
(5096, 84, 22, 3, 191, 14, '2024-12-07', '2024-12-12 08:22:29', 1),
(5097, 70, 22, 2, 201, 10, '2024-12-07', '2024-12-12 08:24:25', 1),
(5098, 103, 22, 2, 201, 12, '2024-12-07', '2024-12-12 08:24:25', 1),
(5099, 71, 22, 2, 201, 0, '2024-12-07', '2024-12-12 08:24:25', 1),
(5100, 104, 22, 2, 201, 9, '2024-12-07', '2024-12-12 08:24:25', 1),
(5101, 105, 22, 2, 201, 9, '2024-12-07', '2024-12-12 08:24:25', 1),
(5102, 106, 22, 2, 201, 11, '2024-12-07', '2024-12-12 08:24:25', 1),
(5103, 72, 22, 2, 201, 10, '2024-12-07', '2024-12-12 08:24:25', 1),
(5104, 263, 22, 2, 201, 7, '2024-12-07', '2024-12-12 08:24:25', 1),
(5105, 73, 22, 2, 201, 8, '2024-12-07', '2024-12-12 08:24:25', 1),
(5106, 74, 22, 2, 201, 8, '2024-12-07', '2024-12-12 08:24:25', 1),
(5107, 75, 22, 2, 201, 10, '2024-12-07', '2024-12-12 08:24:25', 1),
(5108, 264, 22, 2, 201, 9, '2024-12-07', '2024-12-12 08:24:25', 1),
(5109, 265, 22, 2, 201, 10, '2024-12-07', '2024-12-12 08:24:25', 1),
(5110, 78, 22, 2, 201, 12, '2024-12-07', '2024-12-12 08:24:25', 1),
(5111, 108, 22, 2, 201, 9, '2024-12-07', '2024-12-12 08:24:25', 1),
(5112, 266, 22, 2, 201, 13, '2024-12-07', '2024-12-12 08:24:25', 1),
(5113, 267, 22, 2, 201, 0, '2024-12-07', '2024-12-12 08:24:25', 1),
(5114, 80, 22, 2, 201, 6, '2024-12-07', '2024-12-12 08:24:25', 1),
(5115, 81, 22, 2, 201, 0, '2024-12-07', '2024-12-12 08:24:25', 1),
(5116, 109, 22, 2, 201, 11, '2024-12-07', '2024-12-12 08:24:25', 1),
(5117, 82, 22, 2, 201, 8, '2024-12-07', '2024-12-12 08:24:25', 1),
(5118, 83, 22, 2, 201, 8, '2024-12-07', '2024-12-12 08:24:25', 1),
(5119, 268, 22, 2, 201, 10, '2024-12-07', '2024-12-12 08:24:25', 1),
(5120, 269, 22, 2, 201, 15, '2024-12-07', '2024-12-12 08:24:25', 1),
(5121, 84, 22, 2, 201, 14, '2024-12-07', '2024-12-12 08:24:25', 1),
(5122, 225, 98, 3, 351, 15.75, '2024-12-11', '2024-12-12 08:30:35', 1),
(5123, 226, 98, 3, 351, 14, '2024-12-11', '2024-12-12 08:30:35', 1),
(5124, 304, 98, 3, 351, 14, '2024-12-11', '2024-12-12 08:30:35', 1),
(5125, 229, 98, 3, 351, 12, '2024-12-11', '2024-12-12 08:30:35', 1),
(5126, 305, 98, 3, 351, 16, '2024-12-11', '2024-12-12 08:30:35', 1),
(5127, 225, 98, 2, 342, 8, '2024-12-11', '2024-12-12 08:31:32', 1),
(5128, 226, 98, 2, 342, 8, '2024-12-11', '2024-12-12 08:31:32', 1),
(5129, 304, 98, 2, 342, 10.5, '2024-12-11', '2024-12-12 08:31:32', 1),
(5130, 229, 98, 2, 342, 9.5, '2024-12-11', '2024-12-12 08:31:32', 1),
(5131, 305, 98, 2, 342, 15.5, '2024-12-11', '2024-12-12 08:31:32', 1),
(5132, 225, 100, 2, 344, 10, '2024-12-11', '2024-12-12 08:32:44', 1),
(5133, 226, 100, 2, 344, 7, '2024-12-11', '2024-12-12 08:32:44', 1),
(5134, 304, 100, 2, 344, 8, '2024-12-11', '2024-12-12 08:32:44', 1),
(5135, 229, 100, 2, 344, 12, '2024-12-11', '2024-12-12 08:32:44', 1),
(5136, 305, 100, 2, 344, 5, '2024-12-11', '2024-12-12 08:32:44', 1),
(5137, 306, 88, 3, 372, 5.16, '2024-12-12', '2024-12-12 08:37:08', 1),
(5138, 227, 88, 3, 372, 8.25, '2024-12-12', '2024-12-12 08:37:08', 1),
(5139, 307, 88, 3, 372, 8, '2024-12-12', '2024-12-12 08:37:08', 1),
(5140, 231, 88, 3, 372, 7.5, '2024-12-12', '2024-12-12 08:37:08', 1),
(5141, 232, 88, 3, 372, 6, '2024-12-12', '2024-12-12 08:37:08', 1),
(5142, 306, 88, 2, 358, 3, '2024-12-11', '2024-12-12 08:37:54', 1),
(5143, 227, 88, 2, 358, 0, '2024-12-11', '2024-12-12 08:37:54', 1),
(5144, 307, 88, 2, 358, 7, '2024-12-11', '2024-12-12 08:37:54', 1),
(5145, 231, 88, 2, 358, 6, '2024-12-11', '2024-12-12 08:37:54', 1),
(5146, 232, 88, 2, 358, 4.5, '2024-12-11', '2024-12-12 08:37:54', 1),
(5147, 306, 89, 3, 373, 9.66, '2024-12-12', '2024-12-12 08:39:11', 1),
(5148, 227, 89, 3, 373, 16.33, '2024-12-12', '2024-12-12 08:39:11', 1),
(5149, 307, 89, 3, 373, 15.5, '2024-12-12', '2024-12-12 08:39:11', 1),
(5150, 231, 89, 3, 373, 15, '2024-12-12', '2024-12-12 08:39:11', 1),
(5151, 232, 89, 3, 373, 13.66, '2024-12-12', '2024-12-12 08:39:11', 1),
(5152, 306, 89, 2, 359, 6, '2024-12-11', '2024-12-12 08:40:34', 1),
(5153, 227, 89, 2, 359, 16, '2024-12-11', '2024-12-12 08:40:34', 1),
(5154, 307, 89, 2, 359, 8.5, '2024-12-11', '2024-12-12 08:40:34', 1),
(5155, 231, 89, 2, 359, 14, '2024-12-11', '2024-12-12 08:40:34', 1),
(5156, 232, 89, 2, 359, 10, '2024-12-11', '2024-12-12 08:40:34', 1),
(5157, 306, 90, 2, 360, 8, '2024-12-11', '2024-12-12 08:41:43', 1),
(5158, 227, 90, 2, 360, 12, '2024-12-11', '2024-12-12 08:41:43', 1),
(5159, 307, 90, 2, 360, 11, '2024-12-11', '2024-12-12 08:41:43', 1),
(5160, 231, 90, 2, 360, 10, '2024-12-11', '2024-12-12 08:41:43', 1),
(5161, 232, 90, 2, 360, 8, '2024-12-11', '2024-12-12 08:41:43', 1),
(5162, 306, 90, 3, 379, 7, '2024-12-12', '2024-12-12 08:43:36', 1),
(5163, 227, 90, 3, 379, 14.5, '2024-12-12', '2024-12-12 08:43:36', 1),
(5164, 307, 90, 3, 379, 9.6, '2024-12-12', '2024-12-12 08:43:36', 1),
(5165, 231, 90, 3, 379, 7.25, '2024-12-12', '2024-12-12 08:43:36', 1),
(5166, 232, 90, 3, 379, 11.5, '2024-12-12', '2024-12-12 08:43:36', 1),
(5167, 306, 91, 3, 374, 11, '2024-12-12', '2024-12-12 08:44:21', 1),
(5168, 227, 91, 3, 374, 12.75, '2024-12-12', '2024-12-12 08:44:21', 1),
(5169, 307, 91, 3, 374, 12, '2024-12-12', '2024-12-12 08:44:21', 1),
(5170, 231, 91, 3, 374, 10.75, '2024-12-12', '2024-12-12 08:44:21', 1),
(5171, 232, 91, 3, 374, 12.5, '2024-12-12', '2024-12-12 08:44:21', 1),
(5172, 306, 91, 2, 361, 12, '2024-12-11', '2024-12-12 08:45:02', 1),
(5173, 227, 91, 2, 361, 0, '2024-12-11', '2024-12-12 08:45:02', 1),
(5174, 307, 91, 2, 361, 13, '2024-12-11', '2024-12-12 08:45:02', 1),
(5175, 231, 91, 2, 361, 9, '2024-12-11', '2024-12-12 08:45:02', 1),
(5176, 232, 91, 2, 361, 9, '2024-12-11', '2024-12-12 08:45:02', 1),
(5177, 306, 92, 3, 375, 13.5, '2024-12-12', '2024-12-12 08:46:02', 1),
(5178, 227, 92, 3, 375, 15, '2024-12-12', '2024-12-12 08:46:02', 1),
(5179, 307, 92, 3, 375, 9, '2024-12-12', '2024-12-12 08:46:02', 1),
(5180, 231, 92, 3, 375, 13.5, '2024-12-12', '2024-12-12 08:46:02', 1),
(5181, 232, 92, 3, 375, 17.5, '2024-12-12', '2024-12-12 08:46:02', 1),
(5182, 306, 92, 2, 362, 10.5, '2024-12-11', '2024-12-12 08:46:53', 1),
(5183, 227, 92, 2, 362, 10.5, '2024-12-11', '2024-12-12 08:46:53', 1),
(5184, 307, 92, 2, 362, 11, '2024-12-11', '2024-12-12 08:46:53', 1),
(5185, 231, 92, 2, 362, 7.75, '2024-12-11', '2024-12-12 08:46:53', 1),
(5186, 232, 92, 2, 362, 10, '2024-12-11', '2024-12-12 08:46:53', 1),
(5187, 306, 93, 3, 376, 5.66, '2024-12-12', '2024-12-12 08:47:43', 1),
(5188, 227, 93, 3, 376, 17.33, '2024-12-12', '2024-12-12 08:47:43', 1),
(5189, 307, 93, 3, 376, 14.5, '2024-12-12', '2024-12-12 08:47:43', 1),
(5190, 231, 93, 3, 376, 14, '2024-12-12', '2024-12-12 08:47:43', 1),
(5191, 232, 93, 3, 376, 12.16, '2024-12-12', '2024-12-12 08:47:43', 1),
(5192, 306, 93, 2, 363, 5.5, '2024-12-11', '2024-12-12 08:51:00', 1),
(5193, 227, 93, 2, 363, 0, '2024-12-11', '2024-12-12 08:51:00', 1),
(5194, 307, 93, 2, 363, 14, '2024-12-11', '2024-12-12 08:51:00', 1),
(5195, 231, 93, 2, 363, 6, '2024-12-11', '2024-12-12 08:51:00', 1),
(5196, 232, 93, 2, 363, 10, '2024-12-11', '2024-12-12 08:51:00', 1),
(5197, 306, 94, 3, 377, 0, '2024-12-12', '2024-12-12 08:55:02', 1),
(5198, 227, 94, 3, 377, 15.5, '2024-12-12', '2024-12-12 08:55:02', 1),
(5199, 307, 94, 3, 377, 13.5, '2024-12-12', '2024-12-12 08:55:02', 1),
(5200, 231, 94, 3, 377, 10, '2024-12-12', '2024-12-12 08:55:02', 1),
(5201, 232, 94, 3, 377, 7, '2024-12-12', '2024-12-12 08:55:02', 1),
(5202, 306, 94, 2, 364, 4, '2024-12-11', '2024-12-12 08:56:09', 1),
(5203, 227, 94, 2, 364, 0, '2024-12-11', '2024-12-12 08:56:09', 1),
(5204, 307, 94, 2, 364, 12, '2024-12-11', '2024-12-12 08:56:09', 1),
(5205, 231, 94, 2, 364, 5, '2024-12-11', '2024-12-12 08:56:09', 1),
(5206, 232, 94, 2, 364, 5, '2024-12-11', '2024-12-12 08:56:09', 1),
(5207, 306, 95, 3, 378, 0, '2024-12-12', '2024-12-12 08:57:45', 1),
(5208, 227, 95, 3, 378, 15, '2024-12-12', '2024-12-12 08:57:45', 1),
(5209, 307, 95, 3, 378, 14, '2024-12-12', '2024-12-12 08:57:45', 1),
(5210, 231, 95, 3, 378, 13.33, '2024-12-12', '2024-12-12 08:57:45', 1),
(5211, 232, 95, 3, 378, 15, '2024-12-12', '2024-12-12 08:57:45', 1),
(5212, 306, 95, 2, 365, 0, '2024-12-11', '2024-12-12 08:58:43', 1),
(5213, 227, 95, 2, 365, 16, '2024-12-11', '2024-12-12 08:58:43', 1),
(5214, 307, 95, 2, 365, 14, '2024-12-11', '2024-12-12 08:58:43', 1),
(5215, 231, 95, 2, 365, 13, '2024-12-11', '2024-12-12 08:58:43', 1),
(5216, 232, 95, 2, 365, 16, '2024-12-11', '2024-12-12 08:58:43', 1),
(5217, 306, 96, 2, 366, 15, '2024-12-11', '2024-12-12 09:00:11', 1),
(5218, 227, 96, 2, 366, 15, '2024-12-11', '2024-12-12 09:00:11', 1),
(5219, 307, 96, 2, 366, 15, '2024-12-11', '2024-12-12 09:00:11', 1),
(5220, 231, 96, 2, 366, 15, '2024-12-11', '2024-12-12 09:00:11', 1),
(5221, 232, 96, 2, 366, 15, '2024-12-11', '2024-12-12 09:00:11', 1),
(5222, 233, 114, 2, 388, 16, '2024-12-12', '2024-12-12 09:05:08', 1),
(5223, 252, 114, 2, 388, 16, '2024-12-12', '2024-12-12 09:05:08', 1),
(5224, 234, 114, 2, 388, 16, '2024-12-12', '2024-12-12 09:05:08', 1),
(5225, 235, 114, 2, 388, 16, '2024-12-12', '2024-12-12 09:05:08', 1),
(5226, 236, 114, 2, 388, 16, '2024-12-12', '2024-12-12 09:05:08', 1),
(5227, 244, 114, 2, 388, 16, '2024-12-12', '2024-12-12 09:05:08', 1),
(5228, 237, 114, 2, 388, 16, '2024-12-12', '2024-12-12 09:05:08', 1),
(5229, 238, 114, 2, 388, 16, '2024-12-12', '2024-12-12 09:05:08', 1),
(5230, 240, 114, 2, 388, 16, '2024-12-12', '2024-12-12 09:05:08', 1),
(5231, 241, 114, 2, 388, 16, '2024-12-12', '2024-12-12 09:05:08', 1),
(5232, 242, 114, 2, 388, 16, '2024-12-12', '2024-12-12 09:05:09', 1),
(5233, 308, 114, 2, 388, 16, '2024-12-12', '2024-12-12 09:05:09', 1),
(5234, 261, 114, 2, 388, 16, '2024-12-12', '2024-12-12 09:05:09', 1),
(5235, 262, 114, 2, 388, 16, '2024-12-12', '2024-12-12 09:05:09', 1),
(5236, 233, 106, 3, 389, 12.07, '2024-12-12', '2024-12-12 10:26:57', 1),
(5237, 252, 106, 3, 389, 14, '2024-12-12', '2024-12-12 10:26:57', 1),
(5238, 234, 106, 3, 389, 13.9, '2024-12-12', '2024-12-12 10:26:57', 1),
(5239, 235, 106, 3, 389, 11.6, '2024-12-12', '2024-12-12 10:26:57', 1),
(5240, 236, 106, 3, 389, 6.25, '2024-12-12', '2024-12-12 10:26:57', 1),
(5241, 244, 106, 3, 389, 13.1, '2024-12-12', '2024-12-12 10:26:57', 1),
(5242, 237, 106, 3, 389, 12, '2024-12-12', '2024-12-12 10:26:57', 1),
(5243, 238, 106, 3, 389, 10.1, '2024-12-12', '2024-12-12 10:26:57', 1),
(5244, 240, 106, 3, 389, 11.4, '2024-12-12', '2024-12-12 10:26:57', 1),
(5245, 241, 106, 3, 389, 12.2, '2024-12-12', '2024-12-12 10:26:57', 1),
(5246, 242, 106, 3, 389, 12.8, '2024-12-12', '2024-12-12 10:26:57', 1),
(5247, 308, 106, 3, 389, 15.13, '2024-12-12', '2024-12-12 10:26:57', 1),
(5248, 261, 106, 3, 389, 13.75, '2024-12-12', '2024-12-12 10:26:57', 1),
(5249, 262, 106, 3, 389, 11.75, '2024-12-12', '2024-12-12 10:26:57', 1),
(5250, 233, 106, 2, 380, 10, '2024-12-12', '2024-12-12 10:28:37', 1),
(5251, 252, 106, 2, 380, 9, '2024-12-12', '2024-12-12 10:28:37', 1),
(5252, 234, 106, 2, 380, 11.5, '2024-12-12', '2024-12-12 10:28:37', 1),
(5253, 235, 106, 2, 380, 4.5, '2024-12-12', '2024-12-12 10:28:37', 1),
(5254, 236, 106, 2, 380, 0, '2024-12-12', '2024-12-12 10:28:37', 1),
(5255, 244, 106, 2, 380, 7, '2024-12-12', '2024-12-12 10:28:37', 1),
(5256, 237, 106, 2, 380, 10, '2024-12-12', '2024-12-12 10:28:37', 1),
(5257, 238, 106, 2, 380, 10, '2024-12-12', '2024-12-12 10:28:37', 1),
(5258, 240, 106, 2, 380, 12, '2024-12-12', '2024-12-12 10:28:37', 1),
(5259, 241, 106, 2, 380, 11, '2024-12-12', '2024-12-12 10:28:37', 1),
(5260, 242, 106, 2, 380, 10, '2024-12-12', '2024-12-12 10:28:37', 1),
(5261, 308, 106, 2, 380, 15, '2024-12-12', '2024-12-12 10:28:37', 1),
(5262, 261, 106, 2, 380, 7, '2024-12-12', '2024-12-12 10:28:37', 1),
(5263, 262, 106, 2, 380, 0, '2024-12-12', '2024-12-12 10:28:37', 1),
(5264, 233, 107, 3, 390, 17, '2024-12-12', '2024-12-12 10:35:53', 1),
(5265, 252, 107, 3, 390, 14.5, '2024-12-12', '2024-12-12 10:35:53', 1),
(5266, 234, 107, 3, 390, 14.5, '2024-12-12', '2024-12-12 10:35:53', 1),
(5267, 235, 107, 3, 390, 15.5, '2024-12-12', '2024-12-12 10:35:53', 1),
(5268, 236, 107, 3, 390, 0, '2024-12-12', '2024-12-12 10:35:53', 1),
(5269, 244, 107, 3, 390, 15.25, '2024-12-12', '2024-12-12 10:35:53', 1),
(5270, 237, 107, 3, 390, 16, '2024-12-12', '2024-12-12 10:35:53', 1),
(5271, 238, 107, 3, 390, 14.75, '2024-12-12', '2024-12-12 10:35:53', 1),
(5272, 240, 107, 3, 390, 15, '2024-12-12', '2024-12-12 10:35:53', 1),
(5273, 241, 107, 3, 390, 13.25, '2024-12-12', '2024-12-12 10:35:53', 1),
(5274, 242, 107, 3, 390, 13.75, '2024-12-12', '2024-12-12 10:35:53', 1),
(5275, 308, 107, 3, 390, 18.5, '2024-12-12', '2024-12-12 10:35:53', 1),
(5276, 261, 107, 3, 390, 12, '2024-12-12', '2024-12-12 10:35:53', 1),
(5277, 262, 107, 3, 390, 14.5, '2024-12-12', '2024-12-12 10:35:53', 1),
(5278, 233, 107, 2, 381, 14.5, '2024-12-12', '2024-12-12 10:37:42', 1),
(5279, 252, 107, 2, 381, 10, '2024-12-12', '2024-12-12 10:37:42', 1),
(5280, 234, 107, 2, 381, 14.75, '2024-12-12', '2024-12-12 10:37:42', 1),
(5281, 235, 107, 2, 381, 7, '2024-12-12', '2024-12-12 10:37:42', 1),
(5282, 236, 107, 2, 381, 0, '2024-12-12', '2024-12-12 10:37:42', 1),
(5283, 244, 107, 2, 381, 12.75, '2024-12-12', '2024-12-12 10:37:42', 1),
(5284, 237, 107, 2, 381, 15, '2024-12-12', '2024-12-12 10:37:42', 1),
(5285, 238, 107, 2, 381, 12.5, '2024-12-12', '2024-12-12 10:37:42', 1),
(5286, 240, 107, 2, 381, 16.75, '2024-12-12', '2024-12-12 10:37:42', 1),
(5287, 241, 107, 2, 381, 15.5, '2024-12-12', '2024-12-12 10:37:42', 1),
(5288, 242, 107, 2, 381, 16.75, '2024-12-12', '2024-12-12 10:37:42', 1),
(5289, 308, 107, 2, 381, 18.75, '2024-12-12', '2024-12-12 10:37:42', 1),
(5290, 261, 107, 2, 381, 11.5, '2024-12-12', '2024-12-12 10:37:42', 1),
(5291, 262, 107, 2, 381, 12.5, '2024-12-12', '2024-12-12 10:37:42', 1),
(5292, 233, 108, 3, 391, 16.5, '2024-12-12', '2024-12-12 10:39:11', 1),
(5293, 252, 108, 3, 391, 17.5, '2024-12-12', '2024-12-12 10:39:12', 1),
(5294, 234, 108, 3, 391, 15, '2024-12-12', '2024-12-12 10:39:12', 1),
(5295, 235, 108, 3, 391, 11, '2024-12-12', '2024-12-12 10:39:12', 1),
(5296, 236, 108, 3, 391, 0, '2024-12-12', '2024-12-12 10:39:12', 1),
(5297, 244, 108, 3, 391, 9, '2024-12-12', '2024-12-12 10:39:12', 1),
(5298, 237, 108, 3, 391, 11, '2024-12-12', '2024-12-12 10:39:12', 1),
(5299, 238, 108, 3, 391, 12, '2024-12-12', '2024-12-12 10:39:12', 1),
(5300, 240, 108, 3, 391, 15.5, '2024-12-12', '2024-12-12 10:39:12', 1),
(5301, 241, 108, 3, 391, 18, '2024-12-12', '2024-12-12 10:39:12', 1),
(5302, 242, 108, 3, 391, 18.5, '2024-12-12', '2024-12-12 10:39:12', 1),
(5303, 308, 108, 3, 391, 12, '2024-12-12', '2024-12-12 10:39:12', 1),
(5304, 261, 108, 3, 391, 14.5, '2024-12-12', '2024-12-12 10:39:12', 1),
(5305, 262, 108, 3, 391, 0, '2024-12-12', '2024-12-12 10:39:12', 1),
(5306, 233, 109, 3, 392, 13, '2024-12-12', '2024-12-12 10:40:37', 1),
(5307, 252, 109, 3, 392, 14, '2024-12-12', '2024-12-12 10:40:37', 1),
(5308, 234, 109, 3, 392, 14.5, '2024-12-12', '2024-12-12 10:40:37', 1),
(5309, 235, 109, 3, 392, 12, '2024-12-12', '2024-12-12 10:40:37', 1),
(5310, 236, 109, 3, 392, 13, '2024-12-12', '2024-12-12 10:40:37', 1),
(5311, 244, 109, 3, 392, 11.5, '2024-12-12', '2024-12-12 10:40:37', 1),
(5312, 237, 109, 3, 392, 12.5, '2024-12-12', '2024-12-12 10:40:37', 1),
(5313, 238, 109, 3, 392, 11.5, '2024-12-12', '2024-12-12 10:40:37', 1),
(5314, 240, 109, 3, 392, 14.5, '2024-12-12', '2024-12-12 10:40:37', 1),
(5315, 241, 109, 3, 392, 16, '2024-12-12', '2024-12-12 10:40:37', 1),
(5316, 242, 109, 3, 392, 14, '2024-12-12', '2024-12-12 10:40:37', 1),
(5317, 308, 109, 3, 392, 13, '2024-12-12', '2024-12-12 10:40:37', 1),
(5318, 261, 109, 3, 392, 12.5, '2024-12-12', '2024-12-12 10:40:37', 1),
(5319, 262, 109, 3, 392, 14, '2024-12-12', '2024-12-12 10:40:37', 1),
(5320, 233, 109, 2, 383, 13, '2024-12-12', '2024-12-12 10:41:52', 1),
(5321, 252, 109, 2, 383, 13, '2024-12-12', '2024-12-12 10:41:52', 1),
(5322, 234, 109, 2, 383, 10, '2024-12-12', '2024-12-12 10:41:52', 1),
(5323, 235, 109, 2, 383, 8, '2024-12-12', '2024-12-12 10:41:52', 1),
(5324, 236, 109, 2, 383, 0, '2024-12-12', '2024-12-12 10:41:52', 1),
(5325, 244, 109, 2, 383, 12, '2024-12-12', '2024-12-12 10:41:52', 1),
(5326, 237, 109, 2, 383, 11, '2024-12-12', '2024-12-12 10:41:52', 1),
(5327, 238, 109, 2, 383, 11, '2024-12-12', '2024-12-12 10:41:52', 1),
(5328, 240, 109, 2, 383, 13, '2024-12-12', '2024-12-12 10:41:52', 1),
(5329, 241, 109, 2, 383, 14, '2024-12-12', '2024-12-12 10:41:52', 1),
(5330, 242, 109, 2, 383, 12, '2024-12-12', '2024-12-12 10:41:52', 1),
(5331, 308, 109, 2, 383, 10, '2024-12-12', '2024-12-12 10:41:52', 1),
(5332, 261, 109, 2, 383, 0, '2024-12-12', '2024-12-12 10:41:52', 1),
(5333, 262, 109, 2, 383, 12, '2024-12-12', '2024-12-12 10:41:52', 1),
(5334, 233, 110, 3, 393, 11.33, '2024-12-12', '2024-12-12 10:43:47', 1),
(5335, 252, 110, 3, 393, 12, '2024-12-12', '2024-12-12 10:43:47', 1),
(5336, 234, 110, 3, 393, 12.33, '2024-12-12', '2024-12-12 10:43:47', 1),
(5337, 235, 110, 3, 393, 12.67, '2024-12-12', '2024-12-12 10:43:47', 1),
(5338, 236, 110, 3, 393, 11.5, '2024-12-12', '2024-12-12 10:43:47', 1),
(5339, 244, 110, 3, 393, 7, '2024-12-12', '2024-12-12 10:43:47', 1),
(5340, 237, 110, 3, 393, 13.67, '2024-12-12', '2024-12-12 10:43:47', 1),
(5341, 238, 110, 3, 393, 13.33, '2024-12-12', '2024-12-12 10:43:47', 1),
(5342, 240, 110, 3, 393, 9.67, '2024-12-12', '2024-12-12 10:43:47', 1),
(5343, 241, 110, 3, 393, 12, '2024-12-12', '2024-12-12 10:43:47', 1),
(5344, 242, 110, 3, 393, 14, '2024-12-12', '2024-12-12 10:43:47', 1),
(5345, 308, 110, 3, 393, 11.33, '2024-12-12', '2024-12-12 10:43:47', 1),
(5346, 261, 110, 3, 393, 11.67, '2024-12-12', '2024-12-12 10:43:47', 1),
(5347, 262, 110, 3, 393, 12.67, '2024-12-12', '2024-12-12 10:43:47', 1),
(5348, 233, 110, 2, 384, 7, '2024-12-12', '2024-12-12 10:45:16', 1),
(5349, 252, 110, 2, 384, 11, '2024-12-12', '2024-12-12 10:45:16', 1),
(5350, 234, 110, 2, 384, 7, '2024-12-12', '2024-12-12 10:45:16', 1),
(5351, 235, 110, 2, 384, 10, '2024-12-12', '2024-12-12 10:45:16', 1),
(5352, 236, 110, 2, 384, 0, '2024-12-12', '2024-12-12 10:45:16', 1),
(5353, 244, 110, 2, 384, 3, '2024-12-12', '2024-12-12 10:45:16', 1),
(5354, 237, 110, 2, 384, 14, '2024-12-12', '2024-12-12 10:45:16', 1),
(5355, 238, 110, 2, 384, 8, '2024-12-12', '2024-12-12 10:45:16', 1),
(5356, 240, 110, 2, 384, 4, '2024-12-12', '2024-12-12 10:45:16', 1),
(5357, 241, 110, 2, 384, 9, '2024-12-12', '2024-12-12 10:45:16', 1),
(5358, 242, 110, 2, 384, 9, '2024-12-12', '2024-12-12 10:45:16', 1),
(5359, 308, 110, 2, 384, 7, '2024-12-12', '2024-12-12 10:45:16', 1),
(5360, 261, 110, 2, 384, 9, '2024-12-12', '2024-12-12 10:45:16', 1),
(5361, 262, 110, 2, 384, 9, '2024-12-12', '2024-12-12 10:45:16', 1),
(5362, 233, 111, 3, 394, 16.75, '2024-12-12', '2024-12-12 10:46:43', 1),
(5363, 252, 111, 3, 394, 10, '2024-12-12', '2024-12-12 10:46:43', 1),
(5364, 234, 111, 3, 394, 13, '2024-12-12', '2024-12-12 10:46:43', 1),
(5365, 235, 111, 3, 394, 6.5, '2024-12-12', '2024-12-12 10:46:43', 1),
(5366, 236, 111, 3, 394, 10.75, '2024-12-12', '2024-12-12 10:46:43', 1),
(5367, 244, 111, 3, 394, 7, '2024-12-12', '2024-12-12 10:46:43', 1),
(5368, 237, 111, 3, 394, 13.25, '2024-12-12', '2024-12-12 10:46:43', 1),
(5369, 238, 111, 3, 394, 11, '2024-12-12', '2024-12-12 10:46:43', 1),
(5370, 240, 111, 3, 394, 6, '2024-12-12', '2024-12-12 10:46:43', 1),
(5371, 241, 111, 3, 394, 12.62, '2024-12-12', '2024-12-12 10:46:43', 1),
(5372, 242, 111, 3, 394, 13, '2024-12-12', '2024-12-12 10:46:43', 1),
(5373, 308, 111, 3, 394, 15.75, '2024-12-12', '2024-12-12 10:46:43', 1),
(5374, 261, 111, 3, 394, 14.5, '2024-12-12', '2024-12-12 10:46:43', 1),
(5375, 262, 111, 3, 394, 11.5, '2024-12-12', '2024-12-12 10:46:43', 1);
INSERT INTO `notes` (`id`, `eleve_id`, `matiere_id`, `evaluation_id`, `examinations_id`, `note`, `date_evaluation`, `created_at`, `trimestre`) VALUES
(5376, 233, 111, 2, 385, 9, '2024-12-12', '2024-12-12 10:47:56', 1),
(5377, 252, 111, 2, 385, 11, '2024-12-12', '2024-12-12 10:47:56', 1),
(5378, 234, 111, 2, 385, 10, '2024-12-12', '2024-12-12 10:47:56', 1),
(5379, 235, 111, 2, 385, 7, '2024-12-12', '2024-12-12 10:47:56', 1),
(5380, 236, 111, 2, 385, 0, '2024-12-12', '2024-12-12 10:47:56', 1),
(5381, 244, 111, 2, 385, 8, '2024-12-12', '2024-12-12 10:47:56', 1),
(5382, 237, 111, 2, 385, 10, '2024-12-12', '2024-12-12 10:47:56', 1),
(5383, 238, 111, 2, 385, 8, '2024-12-12', '2024-12-12 10:47:56', 1),
(5384, 240, 111, 2, 385, 9, '2024-12-12', '2024-12-12 10:47:56', 1),
(5385, 241, 111, 2, 385, 12, '2024-12-12', '2024-12-12 10:47:56', 1),
(5386, 242, 111, 2, 385, 11, '2024-12-12', '2024-12-12 10:47:56', 1),
(5387, 308, 111, 2, 385, 11, '2024-12-12', '2024-12-12 10:47:56', 1),
(5388, 261, 111, 2, 385, 12, '2024-12-12', '2024-12-12 10:47:56', 1),
(5389, 262, 111, 2, 385, 0, '2024-12-12', '2024-12-12 10:47:56', 1),
(5390, 233, 112, 3, 395, 7, '2024-12-12', '2024-12-12 10:49:07', 1),
(5391, 252, 112, 3, 395, 11, '2024-12-12', '2024-12-12 10:49:07', 1),
(5392, 234, 112, 3, 395, 11.5, '2024-12-12', '2024-12-12 10:49:07', 1),
(5393, 235, 112, 3, 395, 11, '2024-12-12', '2024-12-12 10:49:07', 1),
(5394, 236, 112, 3, 395, 3.5, '2024-12-12', '2024-12-12 10:49:07', 1),
(5395, 244, 112, 3, 395, 10.5, '2024-12-12', '2024-12-12 10:49:07', 1),
(5396, 237, 112, 3, 395, 19.5, '2024-12-12', '2024-12-12 10:49:07', 1),
(5397, 238, 112, 3, 395, 6, '2024-12-12', '2024-12-12 10:49:07', 1),
(5398, 240, 112, 3, 395, 13.5, '2024-12-12', '2024-12-12 10:49:07', 1),
(5399, 241, 112, 3, 395, 16, '2024-12-12', '2024-12-12 10:49:07', 1),
(5400, 242, 112, 3, 395, 16.5, '2024-12-12', '2024-12-12 10:49:07', 1),
(5401, 308, 112, 3, 395, 14.5, '2024-12-12', '2024-12-12 10:49:07', 1),
(5402, 261, 112, 3, 395, 10.5, '2024-12-12', '2024-12-12 10:49:07', 1),
(5403, 262, 112, 3, 395, 9.5, '2024-12-12', '2024-12-12 10:49:07', 1),
(5404, 233, 112, 2, 386, 9, '2024-12-12', '2024-12-12 10:50:21', 1),
(5405, 252, 112, 2, 386, 8, '2024-12-12', '2024-12-12 10:50:21', 1),
(5406, 234, 112, 2, 386, 4, '2024-12-12', '2024-12-12 10:50:21', 1),
(5407, 235, 112, 2, 386, 8, '2024-12-12', '2024-12-12 10:50:21', 1),
(5408, 236, 112, 2, 386, 0, '2024-12-12', '2024-12-12 10:50:21', 1),
(5409, 244, 112, 2, 386, 4, '2024-12-12', '2024-12-12 10:50:21', 1),
(5410, 237, 112, 2, 386, 17, '2024-12-12', '2024-12-12 10:50:21', 1),
(5411, 238, 112, 2, 386, 6, '2024-12-12', '2024-12-12 10:50:21', 1),
(5412, 240, 112, 2, 386, 7, '2024-12-12', '2024-12-12 10:50:21', 1),
(5413, 241, 112, 2, 386, 12, '2024-12-12', '2024-12-12 10:50:21', 1),
(5414, 242, 112, 2, 386, 7, '2024-12-12', '2024-12-12 10:50:21', 1),
(5415, 308, 112, 2, 386, 11, '2024-12-12', '2024-12-12 10:50:21', 1),
(5416, 261, 112, 2, 386, 7, '2024-12-12', '2024-12-12 10:50:21', 1),
(5417, 262, 112, 2, 386, 8, '2024-12-12', '2024-12-12 10:50:21', 1),
(5418, 233, 113, 3, 396, 14, '2024-12-12', '2024-12-12 10:51:47', 1),
(5419, 252, 113, 3, 396, 15, '2024-12-12', '2024-12-12 10:51:47', 1),
(5420, 234, 113, 3, 396, 14.33, '2024-12-12', '2024-12-12 10:51:47', 1),
(5421, 235, 113, 3, 396, 13.66, '2024-12-12', '2024-12-12 10:51:47', 1),
(5422, 236, 113, 3, 396, 16.66, '2024-12-12', '2024-12-12 10:51:47', 1),
(5423, 244, 113, 3, 396, 14, '2024-12-12', '2024-12-12 10:51:47', 1),
(5424, 237, 113, 3, 396, 15, '2024-12-12', '2024-12-12 10:51:47', 1),
(5425, 238, 113, 3, 396, 13, '2024-12-12', '2024-12-12 10:51:47', 1),
(5426, 240, 113, 3, 396, 14.66, '2024-12-12', '2024-12-12 10:51:47', 1),
(5427, 241, 113, 3, 396, 16, '2024-12-12', '2024-12-12 10:51:47', 1),
(5428, 242, 113, 3, 396, 11.5, '2024-12-12', '2024-12-12 10:51:47', 1),
(5429, 308, 113, 3, 396, 15, '2024-12-12', '2024-12-12 10:51:47', 1),
(5430, 261, 113, 3, 396, 17, '2024-12-12', '2024-12-12 10:51:47', 1),
(5431, 262, 113, 3, 396, 15.66, '2024-12-12', '2024-12-12 10:51:47', 1),
(5432, 233, 113, 2, 387, 14, '2024-12-12', '2024-12-12 10:53:00', 1),
(5433, 252, 113, 2, 387, 14, '2024-12-12', '2024-12-12 10:53:00', 1),
(5434, 234, 113, 2, 387, 13, '2024-12-12', '2024-12-12 10:53:00', 1),
(5435, 235, 113, 2, 387, 11, '2024-12-12', '2024-12-12 10:53:00', 1),
(5436, 236, 113, 2, 387, 0, '2024-12-12', '2024-12-12 10:53:00', 1),
(5437, 244, 113, 2, 387, 12, '2024-12-12', '2024-12-12 10:53:00', 1),
(5438, 237, 113, 2, 387, 14, '2024-12-12', '2024-12-12 10:53:00', 1),
(5439, 238, 113, 2, 387, 8, '2024-12-12', '2024-12-12 10:53:00', 1),
(5440, 240, 113, 2, 387, 11, '2024-12-12', '2024-12-12 10:53:00', 1),
(5441, 241, 113, 2, 387, 12, '2024-12-12', '2024-12-12 10:53:00', 1),
(5442, 242, 113, 2, 387, 13, '2024-12-12', '2024-12-12 10:53:00', 1),
(5443, 308, 113, 2, 387, 16, '2024-12-12', '2024-12-12 10:53:00', 1),
(5444, 261, 113, 2, 387, 0, '2024-12-12', '2024-12-12 10:53:00', 1),
(5445, 262, 113, 2, 387, 16, '2024-12-12', '2024-12-12 10:53:00', 1);

-- --------------------------------------------------------

--
-- Structure de la table `paiements`
--

DROP TABLE IF EXISTS `paiements`;
CREATE TABLE IF NOT EXISTS `paiements` (
  `id` int NOT NULL AUTO_INCREMENT,
  `eleve_id` int NOT NULL,
  `annee_scolaire_id` int NOT NULL,
  `montant` int NOT NULL,
  `type` varchar(255) COLLATE utf8mb4_unicode_ci NOT NULL,
  `created_at` datetime NOT NULL DEFAULT CURRENT_TIMESTAMP COMMENT '(DC2Type:datetime_immutable)',
  PRIMARY KEY (`id`),
  KEY `IDX_E1B02E12A6CC7B2` (`eleve_id`),
  KEY `IDX_E1B02E129331C741` (`annee_scolaire_id`)
) ENGINE=InnoDB DEFAULT CHARSET=utf8mb4 COLLATE=utf8mb4_unicode_ci;

-- --------------------------------------------------------

--
-- Structure de la table `paiements_backup`
--

DROP TABLE IF EXISTS `paiements_backup`;
CREATE TABLE IF NOT EXISTS `paiements_backup` (
  `id` int NOT NULL AUTO_INCREMENT,
  `annee_scolaire_id` int NOT NULL,
  `eleve_backup_id` int NOT NULL,
  `montant` int NOT NULL,
  `created_at` datetime NOT NULL COMMENT '(DC2Type:datetime_immutable)',
  `maj` varchar(255) COLLATE utf8mb4_unicode_ci DEFAULT NULL,
  PRIMARY KEY (`id`),
  KEY `IDX_7520F1C79331C741` (`annee_scolaire_id`),
  KEY `IDX_7520F1C7C4C13F8A` (`eleve_backup_id`)
) ENGINE=InnoDB DEFAULT CHARSET=utf8mb4 COLLATE=utf8mb4_unicode_ci;

-- --------------------------------------------------------

--
-- Structure de la table `parents`
--

DROP TABLE IF EXISTS `parents`;
CREATE TABLE IF NOT EXISTS `parents` (
  `id` int NOT NULL AUTO_INCREMENT,
  `nom` varchar(255) COLLATE utf8mb4_unicode_ci NOT NULL,
  `profession` varchar(255) COLLATE utf8mb4_unicode_ci NOT NULL,
  `telephone` varchar(255) COLLATE utf8mb4_unicode_ci NOT NULL,
  `created_at` datetime NOT NULL COMMENT '(DC2Type:datetime_immutable)',
  `type` varchar(5) COLLATE utf8mb4_unicode_ci NOT NULL,
  PRIMARY KEY (`id`)
) ENGINE=InnoDB AUTO_INCREMENT=713 DEFAULT CHARSET=utf8mb4 COLLATE=utf8mb4_unicode_ci;

--
-- Déchargement des données de la table `parents`
--

INSERT INTO `parents` (`id`, `nom`, `profession`, `telephone`, `created_at`, `type`) VALUES
(1, '', '', '', '2024-10-10 15:04:53', 'pere'),
(2, '', '', '', '2024-10-10 15:04:53', 'mere'),
(3, '', '', '', '2024-10-11 12:47:16', 'pere'),
(4, '', '', '', '2024-10-11 12:47:16', 'mere'),
(5, '', '', '', '2024-10-11 14:55:59', 'pere'),
(6, '', '', '', '2024-10-11 14:55:59', 'mere'),
(7, '', '', '', '2024-10-11 14:59:29', 'pere'),
(8, '', '', '', '2024-10-11 14:59:29', 'mere'),
(9, '', '', '', '2024-10-11 15:01:34', 'pere'),
(10, '', '', '', '2024-10-11 15:01:34', 'mere'),
(11, '', '', '', '2024-10-14 10:16:27', 'pere'),
(12, '', '', '', '2024-10-14 10:16:27', 'mere'),
(13, '', '', '', '2024-10-14 10:17:40', 'pere'),
(14, '', '', '', '2024-10-14 10:17:40', 'mere'),
(15, '', '', '', '2024-10-14 10:25:27', 'pere'),
(16, '', '', '', '2024-10-14 10:25:27', 'mere'),
(17, '', '', '', '2024-10-14 10:51:49', 'pere'),
(18, '', '', '', '2024-10-14 10:51:49', 'mere'),
(19, '', '', '', '2024-10-14 10:52:35', 'pere'),
(20, '', '', '', '2024-10-14 10:52:35', 'mere'),
(21, '', '', '', '2024-10-14 10:53:01', 'pere'),
(22, '', '', '', '2024-10-14 10:53:01', 'mere'),
(23, '', '', '', '2024-10-14 10:53:33', 'pere'),
(24, '', '', '', '2024-10-14 10:53:33', 'mere'),
(25, '', '', '', '2024-10-14 10:53:57', 'pere'),
(26, '', '', '', '2024-10-14 10:53:57', 'mere'),
(27, '', '', '', '2024-10-14 10:54:25', 'pere'),
(28, '', '', '', '2024-10-14 10:54:25', 'mere'),
(29, '', '', '', '2024-10-14 10:54:50', 'pere'),
(30, '', '', '', '2024-10-14 10:54:50', 'mere'),
(31, '', '', '', '2024-10-14 10:58:01', 'pere'),
(32, '', '', '', '2024-10-14 10:58:01', 'mere'),
(33, '', '', '', '2024-10-14 10:59:28', 'pere'),
(34, '', '', '', '2024-10-14 10:59:28', 'mere'),
(35, '', '', '', '2024-10-14 11:01:10', 'pere'),
(36, '', '', '', '2024-10-14 11:01:10', 'mere'),
(37, '', '', '', '2024-10-14 11:01:54', 'pere'),
(38, '', '', '', '2024-10-14 11:01:54', 'mere'),
(39, '', '', '', '2024-10-14 11:02:58', 'pere'),
(40, '', '', '', '2024-10-14 11:02:58', 'mere'),
(41, '', '', '', '2024-10-14 11:03:47', 'pere'),
(42, '', '', '', '2024-10-14 11:03:47', 'mere'),
(43, '', '', '', '2024-10-14 11:04:50', 'pere'),
(44, '', '', '', '2024-10-14 11:04:50', 'mere'),
(45, '', '', '', '2024-10-14 11:05:40', 'pere'),
(46, '', '', '', '2024-10-14 11:05:40', 'mere'),
(47, '', '', '', '2024-10-14 11:06:57', 'pere'),
(48, '', '', '', '2024-10-14 11:06:57', 'mere'),
(49, '', '', '', '2024-10-14 11:09:21', 'pere'),
(50, '', '', '', '2024-10-14 11:09:21', 'mere'),
(51, '', '', '', '2024-10-14 11:10:51', 'pere'),
(52, '', '', '', '2024-10-14 11:10:51', 'mere'),
(53, '', '', '', '2024-10-14 11:13:25', 'pere'),
(54, '', '', '', '2024-10-14 11:13:25', 'mere'),
(55, '', '', '', '2024-10-14 11:14:10', 'pere'),
(56, '', '', '', '2024-10-14 11:14:10', 'mere'),
(57, '', '', '', '2024-10-14 11:15:09', 'pere'),
(58, '', '', '', '2024-10-14 11:15:09', 'mere'),
(59, '', '', '', '2024-10-14 11:15:43', 'pere'),
(60, '', '', '', '2024-10-14 11:15:43', 'mere'),
(61, '', '', '', '2024-10-14 11:16:23', 'pere'),
(62, '', '', '', '2024-10-14 11:16:23', 'mere'),
(63, '', '', '', '2024-10-14 11:17:42', 'pere'),
(64, '', '', '', '2024-10-14 11:17:42', 'mere'),
(65, '', '', '', '2024-10-14 11:18:47', 'pere'),
(66, '', '', '', '2024-10-14 11:18:47', 'mere'),
(67, '', '', '', '2024-10-14 11:20:40', 'pere'),
(68, '', '', '', '2024-10-14 11:20:40', 'mere'),
(69, '', '', '', '2024-10-14 11:22:42', 'pere'),
(70, '', '', '', '2024-10-14 11:22:42', 'mere'),
(71, '', '', '', '2024-10-14 11:31:20', 'pere'),
(72, '', '', '', '2024-10-14 11:31:20', 'mere'),
(73, '', '', '', '2024-10-14 11:32:32', 'pere'),
(74, '', '', '', '2024-10-14 11:32:32', 'mere'),
(75, '', '', '', '2024-10-14 11:33:35', 'pere'),
(76, '', '', '', '2024-10-14 11:33:35', 'mere'),
(77, '', '', '', '2024-10-14 11:35:34', 'pere'),
(78, '', '', '', '2024-10-14 11:35:34', 'mere'),
(79, '', '', '', '2024-10-14 11:36:29', 'pere'),
(80, '', '', '', '2024-10-14 11:36:29', 'mere'),
(81, '', '', '', '2024-10-14 11:37:09', 'pere'),
(82, '', '', '', '2024-10-14 11:37:09', 'mere'),
(83, '', '', '', '2024-10-14 11:37:47', 'pere'),
(84, '', '', '', '2024-10-14 11:37:47', 'mere'),
(85, '', '', '', '2024-10-14 11:38:54', 'pere'),
(86, '', '', '', '2024-10-14 11:38:54', 'mere'),
(87, '', '', '', '2024-10-14 11:39:48', 'pere'),
(88, '', '', '', '2024-10-14 11:39:48', 'mere'),
(89, '', '', '', '2024-10-14 11:42:56', 'pere'),
(90, '', '', '', '2024-10-14 11:42:56', 'mere'),
(91, '', '', '', '2024-10-14 11:44:15', 'pere'),
(92, '', '', '', '2024-10-14 11:44:15', 'mere'),
(93, '', '', '', '2024-10-14 11:45:15', 'pere'),
(94, '', '', '', '2024-10-14 11:45:15', 'mere'),
(95, '', '', '', '2024-10-14 11:46:20', 'pere'),
(96, '', '', '', '2024-10-14 11:46:20', 'mere'),
(97, '', '', '', '2024-10-14 11:47:09', 'pere'),
(98, '', '', '', '2024-10-14 11:47:09', 'mere'),
(99, '', '', '', '2024-10-14 11:48:13', 'pere'),
(100, '', '', '', '2024-10-14 11:48:13', 'mere'),
(101, '', '', '', '2024-10-14 11:49:44', 'pere'),
(102, '', '', '', '2024-10-14 11:49:44', 'mere'),
(103, '', '', '', '2024-10-14 11:50:31', 'pere'),
(104, '', '', '', '2024-10-14 11:50:31', 'mere'),
(105, '', '', '', '2024-10-14 11:51:20', 'pere'),
(106, '', '', '', '2024-10-14 11:51:20', 'mere'),
(107, '', '', '', '2024-10-14 11:52:12', 'pere'),
(108, '', '', '', '2024-10-14 11:52:12', 'mere'),
(109, '', '', '', '2024-10-14 11:53:04', 'pere'),
(110, '', '', '', '2024-10-14 11:53:04', 'mere'),
(111, '', '', '', '2024-10-14 11:54:12', 'pere'),
(112, '', '', '', '2024-10-14 11:54:12', 'mere'),
(113, '', '', '', '2024-10-14 11:55:28', 'pere'),
(114, '', '', '', '2024-10-14 11:55:28', 'mere'),
(115, '', '', '', '2024-10-14 11:56:39', 'pere'),
(116, '', '', '', '2024-10-14 11:56:39', 'mere'),
(117, '', '', '', '2024-10-14 11:58:04', 'pere'),
(118, '', '', '', '2024-10-14 11:58:04', 'mere'),
(119, '', '', '', '2024-10-14 11:59:05', 'pere'),
(120, '', '', '', '2024-10-14 11:59:05', 'mere'),
(121, '', '', '', '2024-10-14 12:00:05', 'pere'),
(122, '', '', '', '2024-10-14 12:00:05', 'mere'),
(123, '', '', '', '2024-10-14 12:02:16', 'pere'),
(124, '', '', '', '2024-10-14 12:02:16', 'mere'),
(125, '', '', '', '2024-10-14 12:03:04', 'pere'),
(126, '', '', '', '2024-10-14 12:03:04', 'mere'),
(127, '', '', '', '2024-10-14 12:03:59', 'pere'),
(128, '', '', '', '2024-10-14 12:03:59', 'mere'),
(129, '', '', '', '2024-10-14 12:05:23', 'pere'),
(130, '', '', '', '2024-10-14 12:05:23', 'mere'),
(131, '', '', '', '2024-10-14 12:07:35', 'pere'),
(132, '', '', '', '2024-10-14 12:07:35', 'mere'),
(133, '', '', '', '2024-10-14 12:08:35', 'pere'),
(134, '', '', '', '2024-10-14 12:08:35', 'mere'),
(135, '', '', '', '2024-10-14 12:10:18', 'pere'),
(136, '', '', '', '2024-10-14 12:10:18', 'mere'),
(137, '', '', '', '2024-10-14 12:12:41', 'pere'),
(138, '', '', '', '2024-10-14 12:12:41', 'mere'),
(139, '', '', '', '2024-10-14 12:13:47', 'pere'),
(140, '', '', '', '2024-10-14 12:13:47', 'mere'),
(141, '', '', '', '2024-10-14 12:20:32', 'pere'),
(142, '', '', '', '2024-10-14 12:20:32', 'mere'),
(143, '', '', '', '2024-10-17 15:15:48', 'pere'),
(144, '', '', '', '2024-10-17 15:15:48', 'mere'),
(145, '', '', '', '2024-10-17 15:15:48', 'pere'),
(146, '', '', '', '2024-10-17 15:15:48', 'mere'),
(147, '', '', '', '2024-10-17 15:15:49', 'pere'),
(148, '', '', '', '2024-10-17 15:15:49', 'mere'),
(149, '', '', '', '2024-10-17 15:15:49', 'pere'),
(150, '', '', '', '2024-10-17 15:15:49', 'mere'),
(151, '', '', '', '2024-10-17 15:15:49', 'pere'),
(152, '', '', '', '2024-10-17 15:15:49', 'mere'),
(153, '', '', '', '2024-10-17 15:15:49', 'pere'),
(154, '', '', '', '2024-10-17 15:15:49', 'mere'),
(155, '', '', '', '2024-10-17 15:15:49', 'pere'),
(156, '', '', '', '2024-10-17 15:15:49', 'mere'),
(157, '', '', '', '2024-10-17 15:15:49', 'pere'),
(158, '', '', '', '2024-10-17 15:15:49', 'mere'),
(159, '', '', '', '2024-10-17 15:15:49', 'pere'),
(160, '', '', '', '2024-10-17 15:15:49', 'mere'),
(161, '', '', '', '2024-10-17 15:15:49', 'pere'),
(162, '', '', '', '2024-10-17 15:15:49', 'mere'),
(163, '', '', '', '2024-10-17 15:15:49', 'pere'),
(164, '', '', '', '2024-10-17 15:15:49', 'mere'),
(165, '', '', '', '2024-10-17 15:15:49', 'pere'),
(166, '', '', '', '2024-10-17 15:15:49', 'mere'),
(167, '', '', '', '2024-10-17 15:15:49', 'pere'),
(168, '', '', '', '2024-10-17 15:15:49', 'mere'),
(169, '', '', '', '2024-10-17 15:15:49', 'pere'),
(170, '', '', '', '2024-10-17 15:15:49', 'mere'),
(171, '', '', '', '2024-10-17 15:15:49', 'pere'),
(172, '', '', '', '2024-10-17 15:15:49', 'mere'),
(173, '', '', '', '2024-10-17 15:15:49', 'pere'),
(174, '', '', '', '2024-10-17 15:15:49', 'mere'),
(175, '', '', '', '2024-10-17 15:15:49', 'pere'),
(176, '', '', '', '2024-10-17 15:15:49', 'mere'),
(177, '', '', '', '2024-10-17 15:15:49', 'pere'),
(178, '', '', '', '2024-10-17 15:15:49', 'mere'),
(179, '', '', '', '2024-10-17 15:15:49', 'pere'),
(180, '', '', '', '2024-10-17 15:15:49', 'mere'),
(181, '', '', '', '2024-10-17 15:15:49', 'pere'),
(182, '', '', '', '2024-10-17 15:15:49', 'mere'),
(183, '', '', '', '2024-10-17 15:15:49', 'pere'),
(184, '', '', '', '2024-10-17 15:15:49', 'mere'),
(185, '', '', '', '2024-10-17 15:15:49', 'pere'),
(186, '', '', '', '2024-10-17 15:15:49', 'mere'),
(187, '', '', '', '2024-10-17 15:15:49', 'pere'),
(188, '', '', '', '2024-10-17 15:15:49', 'mere'),
(189, '', '', '', '2024-10-17 15:15:49', 'pere'),
(190, '', '', '', '2024-10-17 15:15:49', 'mere'),
(191, '', '', '', '2024-10-17 15:15:49', 'pere'),
(192, '', '', '', '2024-10-17 15:15:49', 'mere'),
(193, '', '', '', '2024-10-17 15:15:49', 'pere'),
(194, '', '', '', '2024-10-17 15:15:49', 'mere'),
(195, '', '', '', '2024-10-17 15:15:49', 'pere'),
(196, '', '', '', '2024-10-17 15:15:49', 'mere'),
(197, '', '', '', '2024-10-17 15:15:49', 'pere'),
(198, '', '', '', '2024-10-17 15:15:49', 'mere'),
(199, '', '', '', '2024-10-17 15:15:49', 'pere'),
(200, '', '', '', '2024-10-17 15:15:49', 'mere'),
(201, '', '', '', '2024-10-17 15:15:49', 'pere'),
(202, '', '', '', '2024-10-17 15:15:49', 'mere'),
(203, '', '', '', '2024-10-17 15:15:49', 'pere'),
(204, '', '', '', '2024-10-17 15:15:49', 'mere'),
(205, '', '', '', '2024-10-17 15:15:49', 'pere'),
(206, '', '', '', '2024-10-17 15:15:49', 'mere'),
(207, '', '', '', '2024-10-17 15:15:49', 'pere'),
(208, '', '', '', '2024-10-17 15:15:49', 'mere'),
(209, '', '', '', '2024-10-17 15:15:49', 'pere'),
(210, '', '', '', '2024-10-17 15:15:49', 'mere'),
(211, '', '', '', '2024-10-17 15:15:49', 'pere'),
(212, '', '', '', '2024-10-17 15:15:49', 'mere'),
(213, '', '', '', '2024-10-17 15:15:49', 'pere'),
(214, '', '', '', '2024-10-17 15:15:49', 'mere'),
(215, '', '', '', '2024-10-17 15:15:49', 'pere'),
(216, '', '', '', '2024-10-17 15:15:49', 'mere'),
(217, '', '', '', '2024-10-17 15:15:49', 'pere'),
(218, '', '', '', '2024-10-17 15:15:49', 'mere'),
(219, '', '', '', '2024-10-17 15:15:49', 'pere'),
(220, '', '', '', '2024-10-17 15:15:49', 'mere'),
(221, '', '', '', '2024-10-17 15:15:49', 'pere'),
(222, '', '', '', '2024-10-17 15:15:49', 'mere'),
(223, '', '', '', '2024-10-17 15:15:49', 'pere'),
(224, '', '', '', '2024-10-17 15:15:49', 'mere'),
(225, '', '', '', '2024-10-17 15:15:49', 'pere'),
(226, '', '', '', '2024-10-17 15:15:49', 'mere'),
(227, '', '', '', '2024-10-17 15:15:49', 'pere'),
(228, '', '', '', '2024-10-17 15:15:49', 'mere'),
(229, '', '', '', '2024-10-17 15:15:49', 'pere'),
(230, '', '', '', '2024-10-17 15:15:49', 'mere'),
(231, '', '', '', '2024-10-17 15:15:49', 'pere'),
(232, '', '', '', '2024-10-17 15:15:49', 'mere'),
(233, '', '', '', '2024-10-17 15:15:49', 'pere'),
(234, '', '', '', '2024-10-17 15:15:49', 'mere'),
(235, '', '', '', '2024-10-17 15:15:49', 'pere'),
(236, '', '', '', '2024-10-17 15:15:49', 'mere'),
(237, '', '', '', '2024-10-17 15:15:49', 'pere'),
(238, '', '', '', '2024-10-17 15:15:49', 'mere'),
(239, '', '', '', '2024-10-17 15:15:49', 'pere'),
(240, '', '', '', '2024-10-17 15:15:49', 'mere'),
(241, '', '', '', '2024-10-17 15:15:49', 'pere'),
(242, '', '', '', '2024-10-17 15:15:49', 'mere'),
(243, '', '', '', '2024-10-17 15:15:49', 'pere'),
(244, '', '', '', '2024-10-17 15:15:49', 'mere'),
(245, '', '', '', '2024-10-17 15:15:49', 'pere'),
(246, '', '', '', '2024-10-17 15:15:49', 'mere'),
(247, '', '', '', '2024-10-17 15:15:49', 'pere'),
(248, '', '', '', '2024-10-17 15:15:49', 'mere'),
(249, '', '', '', '2024-10-17 15:15:49', 'pere'),
(250, '', '', '', '2024-10-17 15:15:49', 'mere'),
(251, '', '', '', '2024-10-17 15:15:49', 'pere'),
(252, '', '', '', '2024-10-17 15:15:49', 'mere'),
(253, '', '', '', '2024-10-17 15:15:49', 'pere'),
(254, '', '', '', '2024-10-17 15:15:49', 'mere'),
(255, '', '', '', '2024-10-17 15:15:49', 'pere'),
(256, '', '', '', '2024-10-17 15:15:49', 'mere'),
(257, '', '', '', '2024-10-17 15:15:49', 'pere'),
(258, '', '', '', '2024-10-17 15:15:49', 'mere'),
(259, '', '', '', '2024-10-17 15:15:49', 'pere'),
(260, '', '', '', '2024-10-17 15:15:49', 'mere'),
(299, '', '', '', '2024-10-17 15:19:14', 'pere'),
(300, '', '', '', '2024-10-17 15:19:14', 'mere'),
(301, '', '', '', '2024-10-17 15:19:14', 'pere'),
(302, '', '', '', '2024-10-17 15:19:14', 'mere'),
(303, '', '', '', '2024-10-17 15:19:14', 'pere'),
(304, '', '', '', '2024-10-17 15:19:14', 'mere'),
(305, '', '', '', '2024-10-17 15:19:14', 'pere'),
(306, '', '', '', '2024-10-17 15:19:14', 'mere'),
(307, '', '', '', '2024-10-17 15:19:14', 'pere'),
(308, '', '', '', '2024-10-17 15:19:14', 'mere'),
(309, '', '', '', '2024-10-17 15:19:14', 'pere'),
(310, '', '', '', '2024-10-17 15:19:14', 'mere'),
(311, '', '', '', '2024-10-17 15:19:14', 'pere'),
(312, '', '', '', '2024-10-17 15:19:14', 'mere'),
(313, '', '', '', '2024-10-17 15:19:14', 'pere'),
(314, '', '', '', '2024-10-17 15:19:14', 'mere'),
(315, '', '', '', '2024-10-17 15:19:14', 'pere'),
(316, '', '', '', '2024-10-17 15:19:14', 'mere'),
(317, '', '', '', '2024-10-17 15:19:14', 'pere'),
(318, '', '', '', '2024-10-17 15:19:14', 'mere'),
(319, '', '', '', '2024-10-17 15:19:14', 'pere'),
(320, '', '', '', '2024-10-17 15:19:14', 'mere'),
(321, '', '', '', '2024-10-17 15:19:14', 'pere'),
(322, '', '', '', '2024-10-17 15:19:14', 'mere'),
(323, '', '', '', '2024-10-17 15:19:14', 'pere'),
(324, '', '', '', '2024-10-17 15:19:14', 'mere'),
(325, '', '', '', '2024-10-17 15:19:14', 'pere'),
(326, '', '', '', '2024-10-17 15:19:14', 'mere'),
(327, '', '', '', '2024-10-17 15:19:14', 'pere'),
(328, '', '', '', '2024-10-17 15:19:14', 'mere'),
(329, '', '', '', '2024-10-17 15:19:14', 'pere'),
(330, '', '', '', '2024-10-17 15:19:14', 'mere'),
(331, '', '', '', '2024-10-17 15:19:14', 'pere'),
(332, '', '', '', '2024-10-17 15:19:14', 'mere'),
(333, '', '', '', '2024-10-17 15:19:14', 'pere'),
(334, '', '', '', '2024-10-17 15:19:14', 'mere'),
(335, '', '', '', '2024-10-17 15:19:14', 'pere'),
(336, '', '', '', '2024-10-17 15:19:14', 'mere'),
(337, '', '', '', '2024-10-17 15:25:42', 'pere'),
(338, '', '', '', '2024-10-17 15:25:42', 'mere'),
(339, '', '', '', '2024-10-17 15:25:42', 'pere'),
(340, '', '', '', '2024-10-17 15:25:42', 'mere'),
(341, '', '', '', '2024-10-17 15:25:42', 'pere'),
(342, '', '', '', '2024-10-17 15:25:42', 'mere'),
(343, '', '', '', '2024-10-17 15:25:42', 'pere'),
(344, '', '', '', '2024-10-17 15:25:42', 'mere'),
(345, '', '', '', '2024-10-17 15:25:42', 'pere'),
(346, '', '', '', '2024-10-17 15:25:42', 'mere'),
(347, '', '', '', '2024-10-17 15:25:42', 'pere'),
(348, '', '', '', '2024-10-17 15:25:42', 'mere'),
(349, '', '', '', '2024-10-17 15:25:42', 'pere'),
(350, '', '', '', '2024-10-17 15:25:42', 'mere'),
(351, '', '', '', '2024-10-17 15:25:42', 'pere'),
(352, '', '', '', '2024-10-17 15:25:42', 'mere'),
(353, '', '', '', '2024-10-17 15:25:42', 'pere'),
(354, '', '', '', '2024-10-17 15:25:42', 'mere'),
(355, '', '', '', '2024-10-17 15:25:42', 'pere'),
(356, '', '', '', '2024-10-17 15:25:42', 'mere'),
(357, '', '', '', '2024-10-17 15:25:42', 'pere'),
(358, '', '', '', '2024-10-17 15:25:42', 'mere'),
(359, '', '', '', '2024-10-17 15:25:42', 'pere'),
(360, '', '', '', '2024-10-17 15:25:42', 'mere'),
(361, '', '', '', '2024-10-17 15:25:42', 'pere'),
(362, '', '', '', '2024-10-17 15:25:42', 'mere'),
(363, '', '', '', '2024-10-17 15:25:42', 'pere'),
(364, '', '', '', '2024-10-17 15:25:42', 'mere'),
(365, '', '', '', '2024-10-17 15:25:42', 'pere'),
(366, '', '', '', '2024-10-17 15:25:42', 'mere'),
(367, '', '', '', '2024-10-17 15:25:42', 'pere'),
(368, '', '', '', '2024-10-17 15:25:42', 'mere'),
(369, '', '', '', '2024-10-17 15:25:42', 'pere'),
(370, '', '', '', '2024-10-17 15:25:42', 'mere'),
(371, '', '', '', '2024-10-17 15:25:42', 'pere'),
(372, '', '', '', '2024-10-17 15:25:42', 'mere'),
(373, '', '', '', '2024-10-17 15:25:42', 'pere'),
(374, '', '', '', '2024-10-17 15:25:42', 'mere'),
(401, '', '', '', '2024-10-17 15:27:18', 'pere'),
(402, '', '', '', '2024-10-17 15:27:18', 'mere'),
(403, '', '', '', '2024-10-17 15:27:18', 'pere'),
(404, '', '', '', '2024-10-17 15:27:18', 'mere'),
(405, '', '', '', '2024-10-17 15:27:18', 'pere'),
(406, '', '', '', '2024-10-17 15:27:18', 'mere'),
(407, '', '', '', '2024-10-17 15:27:18', 'pere'),
(408, '', '', '', '2024-10-17 15:27:18', 'mere'),
(409, '', '', '', '2024-10-17 15:27:18', 'pere'),
(410, '', '', '', '2024-10-17 15:27:18', 'mere'),
(411, '', '', '', '2024-10-17 15:27:18', 'pere'),
(412, '', '', '', '2024-10-17 15:27:18', 'mere'),
(413, '', '', '', '2024-10-17 15:27:18', 'pere'),
(414, '', '', '', '2024-10-17 15:27:18', 'mere'),
(415, '', '', '', '2024-10-17 15:27:18', 'pere'),
(416, '', '', '', '2024-10-17 15:27:18', 'mere'),
(417, '', '', '', '2024-10-17 15:27:18', 'pere'),
(418, '', '', '', '2024-10-17 15:27:18', 'mere'),
(419, '', '', '', '2024-10-17 15:27:18', 'pere'),
(420, '', '', '', '2024-10-17 15:27:18', 'mere'),
(421, '', '', '', '2024-10-17 15:27:18', 'pere'),
(422, '', '', '', '2024-10-17 15:27:18', 'mere'),
(423, '', '', '', '2024-10-17 15:27:18', 'pere'),
(424, '', '', '', '2024-10-17 15:27:18', 'mere'),
(425, '', '', '', '2024-10-17 15:27:18', 'pere'),
(426, '', '', '', '2024-10-17 15:27:18', 'mere'),
(427, '', '', '', '2024-10-17 15:27:18', 'pere'),
(428, '', '', '', '2024-10-17 15:27:18', 'mere'),
(429, '', '', '', '2024-10-17 15:27:18', 'pere'),
(430, '', '', '', '2024-10-17 15:27:18', 'mere'),
(431, '', '', '', '2024-10-17 15:27:18', 'pere'),
(432, '', '', '', '2024-10-17 15:27:18', 'mere'),
(433, '', '', '', '2024-10-17 15:27:18', 'pere'),
(434, '', '', '', '2024-10-17 15:27:18', 'mere'),
(435, '', '', '', '2024-10-17 15:27:18', 'pere'),
(436, '', '', '', '2024-10-17 15:27:18', 'mere'),
(437, '', '', '', '2024-10-17 15:27:18', 'pere'),
(438, '', '', '', '2024-10-17 15:27:18', 'mere'),
(439, '', '', '', '2024-10-17 15:27:18', 'pere'),
(440, '', '', '', '2024-10-17 15:27:18', 'mere'),
(441, '', '', '', '2024-10-17 15:27:18', 'pere'),
(442, '', '', '', '2024-10-17 15:27:18', 'mere'),
(443, '', '', '', '2024-10-17 15:27:18', 'pere'),
(444, '', '', '', '2024-10-17 15:27:18', 'mere'),
(445, '', '', '', '2024-10-17 15:27:18', 'pere'),
(446, '', '', '', '2024-10-17 15:27:18', 'mere'),
(447, '', '', '', '2024-10-17 15:27:18', 'pere'),
(448, '', '', '', '2024-10-17 15:27:18', 'mere'),
(449, '', '', '', '2024-10-17 15:27:18', 'pere'),
(450, '', '', '', '2024-10-17 15:27:18', 'mere'),
(451, '', '', '', '2024-10-17 15:27:18', 'pere'),
(452, '', '', '', '2024-10-17 15:27:18', 'mere'),
(453, '', '', '', '2024-10-17 15:27:18', 'pere'),
(454, '', '', '', '2024-10-17 15:27:18', 'mere'),
(455, '', '', '', '2024-10-17 15:27:18', 'pere'),
(456, '', '', '', '2024-10-17 15:27:18', 'mere'),
(457, '', '', '', '2024-10-17 15:27:18', 'pere'),
(458, '', '', '', '2024-10-17 15:27:18', 'mere'),
(459, '', '', '', '2024-10-17 15:27:18', 'pere'),
(460, '', '', '', '2024-10-17 15:27:18', 'mere'),
(461, '', '', '', '2024-10-17 15:27:18', 'pere'),
(462, '', '', '', '2024-10-17 15:27:18', 'mere'),
(463, '', '', '', '2024-10-17 15:27:19', 'pere'),
(464, '', '', '', '2024-10-17 15:27:19', 'mere'),
(465, '', '', '', '2024-10-17 15:27:19', 'pere'),
(466, '', '', '', '2024-10-17 15:27:19', 'mere'),
(467, '', '', '', '2024-10-17 15:27:19', 'pere'),
(468, '', '', '', '2024-10-17 15:27:19', 'mere'),
(469, '', '', '', '2024-10-17 15:27:19', 'pere'),
(470, '', '', '', '2024-10-17 15:27:19', 'mere'),
(471, '', '', '', '2024-10-17 15:27:19', 'pere'),
(472, '', '', '', '2024-10-17 15:27:19', 'mere'),
(473, '', '', '', '2024-10-17 15:27:19', 'pere'),
(474, '', '', '', '2024-10-17 15:27:19', 'mere'),
(475, '', '', '', '2024-10-17 15:27:19', 'pere'),
(476, '', '', '', '2024-10-17 15:27:19', 'mere'),
(477, '', '', '', '2024-10-17 15:27:19', 'pere'),
(478, '', '', '', '2024-10-17 15:27:19', 'mere'),
(479, '', '', '', '2024-10-17 15:27:19', 'pere'),
(480, '', '', '', '2024-10-17 15:27:19', 'mere'),
(481, '', '', '', '2024-10-17 15:27:19', 'pere'),
(482, '', '', '', '2024-10-17 15:27:19', 'mere'),
(483, '', '', '', '2024-10-17 15:27:19', 'pere'),
(484, '', '', '', '2024-10-17 15:27:19', 'mere'),
(485, '', '', '', '2024-10-17 15:27:19', 'pere'),
(486, '', '', '', '2024-10-17 15:27:19', 'mere'),
(487, '', '', '', '2024-10-17 15:27:19', 'pere'),
(488, '', '', '', '2024-10-17 15:27:19', 'mere'),
(489, '', '', '', '2024-10-17 15:27:19', 'pere'),
(490, '', '', '', '2024-10-17 15:27:19', 'mere'),
(491, '', '', '', '2024-10-17 15:27:19', 'pere'),
(492, '', '', '', '2024-10-17 15:27:19', 'mere'),
(493, '', '', '', '2024-10-17 15:27:19', 'pere'),
(494, '', '', '', '2024-10-17 15:27:19', 'mere'),
(495, '', '', '', '2024-10-17 15:27:19', 'pere'),
(496, '', '', '', '2024-10-17 15:27:19', 'mere'),
(497, '', '', '', '2024-10-17 15:27:19', 'pere'),
(498, '', '', '', '2024-10-17 15:27:19', 'mere'),
(499, '', '', '', '2024-10-17 15:27:19', 'pere'),
(500, '', '', '', '2024-10-17 15:27:19', 'mere'),
(501, '', '', '', '2024-10-17 15:27:19', 'pere'),
(502, '', '', '', '2024-10-17 15:27:19', 'mere'),
(503, '', '', '', '2024-10-17 15:27:19', 'pere'),
(504, '', '', '', '2024-10-17 15:27:19', 'mere'),
(505, '', '', '', '2024-10-17 15:27:19', 'pere'),
(506, '', '', '', '2024-10-17 15:27:19', 'mere'),
(507, '', '', '', '2024-10-17 15:27:19', 'pere'),
(508, '', '', '', '2024-10-17 15:27:19', 'mere'),
(509, '', '', '', '2024-10-17 15:27:19', 'pere'),
(510, '', '', '', '2024-10-17 15:27:19', 'mere'),
(511, '', '', '', '2024-10-17 15:27:19', 'pere'),
(512, '', '', '', '2024-10-17 15:27:19', 'mere'),
(513, '', '', '', '2024-10-17 15:27:19', 'pere'),
(514, '', '', '', '2024-10-17 15:27:19', 'mere'),
(515, '', '', '', '2024-10-17 15:27:19', 'pere'),
(516, '', '', '', '2024-10-17 15:27:19', 'mere'),
(517, '', '', '', '2024-10-17 15:27:19', 'pere'),
(518, '', '', '', '2024-10-17 15:27:19', 'mere'),
(519, '', '', '', '2024-10-17 15:27:19', 'pere'),
(520, '', '', '', '2024-10-17 15:27:19', 'mere'),
(521, '', '', '', '2024-10-17 15:27:19', 'pere'),
(522, '', '', '', '2024-10-17 15:27:19', 'mere'),
(523, '', '', '', '2024-10-17 15:27:19', 'pere'),
(524, '', '', '', '2024-10-17 15:27:19', 'mere'),
(525, '', '', '', '2024-10-17 15:27:19', 'pere'),
(526, '', '', '', '2024-10-17 15:27:19', 'mere'),
(527, '', '', '', '2024-10-17 15:27:19', 'pere'),
(528, '', '', '', '2024-10-17 15:27:19', 'mere'),
(529, '', '', '', '2024-10-17 15:27:19', 'pere'),
(530, '', '', '', '2024-10-17 15:27:19', 'mere'),
(531, '', '', '', '2024-10-17 15:27:19', 'pere'),
(532, '', '', '', '2024-10-17 15:27:19', 'mere'),
(533, '', '', '', '2024-10-17 15:27:19', 'pere'),
(534, '', '', '', '2024-10-17 15:27:19', 'mere'),
(535, '', '', '', '2024-10-17 15:27:19', 'pere'),
(536, '', '', '', '2024-10-17 15:27:19', 'mere'),
(537, '', '', '', '2024-10-17 15:27:19', 'pere'),
(538, '', '', '', '2024-10-17 15:27:19', 'mere'),
(539, '', '', '', '2024-10-17 15:27:19', 'pere'),
(540, '', '', '', '2024-10-17 15:27:19', 'mere'),
(541, '', '', '', '2024-10-17 15:27:19', 'pere'),
(542, '', '', '', '2024-10-17 15:27:19', 'mere'),
(543, '', '', '', '2024-10-17 15:27:19', 'pere'),
(544, '', '', '', '2024-10-17 15:27:19', 'mere'),
(551, '', '', '', '2024-10-17 16:11:55', 'pere'),
(552, '', '', '', '2024-10-17 16:11:55', 'mere'),
(553, '', '', '', '2024-10-24 09:09:17', 'pere'),
(554, '', '', '', '2024-10-24 09:09:17', 'mere'),
(555, '', '', '', '2024-10-24 09:09:58', 'pere'),
(556, '', '', '', '2024-10-24 09:09:58', 'mere'),
(557, '', '', '', '2024-10-24 09:10:35', 'pere'),
(558, '', '', '', '2024-10-24 09:10:35', 'mere'),
(559, '', '', '', '2024-10-24 09:12:09', 'pere'),
(560, '', '', '', '2024-10-24 09:12:09', 'mere'),
(561, '', '', '', '2024-10-24 09:13:48', 'pere'),
(562, '', '', '', '2024-10-24 09:13:48', 'mere'),
(563, '', '', '', '2024-10-24 09:15:32', 'pere'),
(564, '', '', '', '2024-10-24 09:15:32', 'mere'),
(565, '', '', '', '2024-10-24 09:18:25', 'pere'),
(566, '', '', '', '2024-10-24 09:18:25', 'mere'),
(567, '', '', '', '2024-10-24 09:19:14', 'pere'),
(568, '', '', '', '2024-10-24 09:19:14', 'mere'),
(569, '', '', '', '2024-10-24 09:20:06', 'pere'),
(570, '', '', '', '2024-10-24 09:20:06', 'mere'),
(571, '', '', '', '2024-10-24 09:20:54', 'pere'),
(572, '', '', '', '2024-10-24 09:20:54', 'mere'),
(573, '', '', '', '2024-10-24 09:23:26', 'pere'),
(574, '', '', '', '2024-10-24 09:23:26', 'mere'),
(575, '', '', '', '2024-10-24 09:24:15', 'pere'),
(576, '', '', '', '2024-10-24 09:24:15', 'mere'),
(577, '', '', '', '2024-10-24 09:27:55', 'pere'),
(578, '', '', '', '2024-10-24 09:27:55', 'mere'),
(579, '', '', '', '2024-10-24 09:30:39', 'pere'),
(580, '', '', '', '2024-10-24 09:30:39', 'mere'),
(581, '', '', '', '2024-10-24 09:31:53', 'pere'),
(582, '', '', '', '2024-10-24 09:31:53', 'mere'),
(583, '', '', '', '2024-10-24 09:34:14', 'pere'),
(584, '', '', '', '2024-10-24 09:34:14', 'mere'),
(585, '', '', '', '2024-10-24 09:34:54', 'pere'),
(586, '', '', '', '2024-10-24 09:34:54', 'mere'),
(587, '', '', '', '2024-10-24 09:35:52', 'pere'),
(588, '', '', '', '2024-10-24 09:35:52', 'mere'),
(589, '', '', '', '2024-10-24 09:36:46', 'pere'),
(590, '', '', '', '2024-10-24 09:36:46', 'mere'),
(591, '', '', '', '2024-10-24 09:37:53', 'pere'),
(592, '', '', '', '2024-10-24 09:37:53', 'mere'),
(593, '', '', '', '2024-10-24 09:39:07', 'pere'),
(594, '', '', '', '2024-10-24 09:39:07', 'mere'),
(595, '', '', '', '2024-10-24 09:40:19', 'pere'),
(596, '', '', '', '2024-10-24 09:40:19', 'mere'),
(597, '', '', '', '2024-10-24 09:42:47', 'pere'),
(598, '', '', '', '2024-10-24 09:42:47', 'mere'),
(599, '', '', '', '2024-10-24 09:50:14', 'pere'),
(600, '', '', '', '2024-10-24 09:50:14', 'mere'),
(601, '', '', '', '2024-10-24 09:50:41', 'pere'),
(602, '', '', '', '2024-10-24 09:50:41', 'mere'),
(603, '', '', '', '2024-10-24 09:52:04', 'pere'),
(604, '', '', '', '2024-10-24 09:52:04', 'mere'),
(605, '', '', '', '2024-10-24 09:52:54', 'pere'),
(606, '', '', '', '2024-10-24 09:52:54', 'mere'),
(607, '', '', '', '2024-10-24 09:54:00', 'pere'),
(608, '', '', '', '2024-10-24 09:54:00', 'mere'),
(609, '', '', '', '2024-10-29 10:46:10', 'pere'),
(610, '', '', '', '2024-10-29 10:46:10', 'mere'),
(611, '', '', '', '2024-10-29 10:46:47', 'pere'),
(612, '', '', '', '2024-10-29 10:46:47', 'mere'),
(613, '', '', '', '2024-10-29 10:47:51', 'pere'),
(614, '', '', '', '2024-10-29 10:47:51', 'mere'),
(615, '', '', '', '2024-10-29 10:48:49', 'pere'),
(616, '', '', '', '2024-10-29 10:48:49', 'mere'),
(617, '', '', '', '2024-10-29 10:49:17', 'pere'),
(618, '', '', '', '2024-10-29 10:49:17', 'mere'),
(619, '', '', '', '2024-10-29 10:50:56', 'pere'),
(620, '', '', '', '2024-10-29 10:50:56', 'mere'),
(621, '', '', '', '2024-10-29 10:51:41', 'pere'),
(622, '', '', '', '2024-10-29 10:51:41', 'mere'),
(623, '', '', '', '2024-10-29 10:52:55', 'pere'),
(624, '', '', '', '2024-10-29 10:52:55', 'mere'),
(625, '', '', '', '2024-10-29 10:54:52', 'pere'),
(626, '', '', '', '2024-10-29 10:54:52', 'mere'),
(627, '', '', '', '2024-10-29 10:56:36', 'pere'),
(628, '', '', '', '2024-10-29 10:56:36', 'mere'),
(629, '', '', '', '2024-10-29 11:09:11', 'pere'),
(630, '', '', '', '2024-10-29 11:09:11', 'mere'),
(631, '', '', '', '2024-10-29 11:09:38', 'pere'),
(632, '', '', '', '2024-10-29 11:09:38', 'mere'),
(633, '', '', '', '2024-10-29 11:10:13', 'pere'),
(634, '', '', '', '2024-10-29 11:10:13', 'mere'),
(635, '', '', '', '2024-10-29 11:14:21', 'pere'),
(636, '', '', '', '2024-10-29 11:14:21', 'mere'),
(637, '', '', '', '2024-10-29 11:15:47', 'pere'),
(638, '', '', '', '2024-10-29 11:15:47', 'mere'),
(639, '', '', '', '2024-10-29 11:16:43', 'pere'),
(640, '', '', '', '2024-10-29 11:16:43', 'mere'),
(641, '', '', '', '2024-10-29 11:18:07', 'pere'),
(642, '', '', '', '2024-10-29 11:18:07', 'mere'),
(643, '', '', '', '2024-10-29 11:20:39', 'pere'),
(644, '', '', '', '2024-10-29 11:20:39', 'mere'),
(645, '', '', '', '2024-10-29 11:22:53', 'pere'),
(646, '', '', '', '2024-10-29 11:22:53', 'mere'),
(647, '', '', '', '2024-10-29 11:23:36', 'pere'),
(648, '', '', '', '2024-10-29 11:23:36', 'mere'),
(649, '', '', '', '2024-10-29 11:26:25', 'pere'),
(650, '', '', '', '2024-10-29 11:26:25', 'mere'),
(651, '', '', '', '2024-10-29 11:27:17', 'pere'),
(652, '', '', '', '2024-10-29 11:27:17', 'mere'),
(653, '', '', '', '2024-10-29 11:29:20', 'pere'),
(654, '', '', '', '2024-10-29 11:29:20', 'mere'),
(655, '', '', '', '2024-10-29 11:33:58', 'pere'),
(656, '', '', '', '2024-10-29 11:33:58', 'mere'),
(657, '', '', '', '2024-10-29 11:40:46', 'pere'),
(658, '', '', '', '2024-10-29 11:40:46', 'mere'),
(659, '', '', '', '2024-10-29 11:42:24', 'pere'),
(660, '', '', '', '2024-10-29 11:42:24', 'mere'),
(661, '', '', '', '2024-10-29 11:43:52', 'pere'),
(662, '', '', '', '2024-10-29 11:43:52', 'mere'),
(663, '', '', '', '2024-10-29 11:44:43', 'pere'),
(664, '', '', '', '2024-10-29 11:44:43', 'mere'),
(665, '', '', '', '2024-10-29 11:45:50', 'pere'),
(666, '', '', '', '2024-10-29 11:45:50', 'mere'),
(667, '', '', '', '2024-10-29 11:46:29', 'pere'),
(668, '', '', '', '2024-10-29 11:46:29', 'mere'),
(669, '', '', '', '2024-10-29 11:47:46', 'pere'),
(670, '', '', '', '2024-10-29 11:47:46', 'mere'),
(671, '', '', '', '2024-10-29 11:50:53', 'pere'),
(672, '', '', '', '2024-10-29 11:50:53', 'mere'),
(673, '', '', '', '2024-10-29 11:57:25', 'pere'),
(674, '', '', '', '2024-10-29 11:57:25', 'mere'),
(675, '', '', '', '2024-10-29 11:58:36', 'pere'),
(676, '', '', '', '2024-10-29 11:58:36', 'mere'),
(677, '', '', '', '2024-10-29 11:59:49', 'pere'),
(678, '', '', '', '2024-10-29 11:59:49', 'mere'),
(679, '', '', '', '2024-10-29 12:03:32', 'pere'),
(680, '', '', '', '2024-10-29 12:03:32', 'mere'),
(681, '', '', '', '2024-10-29 12:05:18', 'pere'),
(682, '', '', '', '2024-10-29 12:05:18', 'mere'),
(683, '', '', '', '2024-10-29 12:20:08', 'pere'),
(684, '', '', '', '2024-10-29 12:20:08', 'mere'),
(685, '', '', '', '2024-10-29 12:20:48', 'pere'),
(686, '', '', '', '2024-10-29 12:20:48', 'mere'),
(687, '', '', '', '2024-10-29 12:25:06', 'pere'),
(688, '', '', '', '2024-10-29 12:25:06', 'mere'),
(689, '', '', '', '2024-10-29 12:25:45', 'pere'),
(690, '', '', '', '2024-10-29 12:25:45', 'mere'),
(691, '', '', '', '2024-10-29 12:29:17', 'pere'),
(692, '', '', '', '2024-10-29 12:29:17', 'mere'),
(693, '', '', '', '2024-10-29 12:30:42', 'pere'),
(694, '', '', '', '2024-10-29 12:30:42', 'mere'),
(695, '', '', '', '2024-10-29 12:32:46', 'pere'),
(696, '', '', '', '2024-10-29 12:32:46', 'mere'),
(697, '', '', '', '2024-10-29 12:41:21', 'pere'),
(698, '', '', '', '2024-10-29 12:41:21', 'mere'),
(699, '', '', '', '2024-10-29 12:43:46', 'pere'),
(700, '', '', '', '2024-10-29 12:43:46', 'mere'),
(701, '', '', '', '2024-10-29 12:49:38', 'pere'),
(702, '', '', '', '2024-10-29 12:49:38', 'mere'),
(703, '', '', '', '2024-10-29 13:02:34', 'pere'),
(704, '', '', '', '2024-10-29 13:02:34', 'mere'),
(705, '', '', '', '2024-11-20 09:45:38', 'pere'),
(706, '', '', '', '2024-11-20 09:45:38', 'mere'),
(707, '', '', '', '2024-12-02 10:38:50', 'pere'),
(708, '', '', '', '2024-12-02 10:38:50', 'mere'),
(709, '', '', '', '2024-12-02 11:36:43', 'pere'),
(710, '', '', '', '2024-12-02 11:36:43', 'mere'),
(711, '', '', '', '2024-12-11 10:09:10', 'pere'),
(712, '', '', '', '2024-12-11 10:09:10', 'mere');

-- --------------------------------------------------------

--
-- Structure de la table `parents_eleves`
--

DROP TABLE IF EXISTS `parents_eleves`;
CREATE TABLE IF NOT EXISTS `parents_eleves` (
  `id` int NOT NULL AUTO_INCREMENT,
  `eleve_id` int NOT NULL,
  `parent_id` int NOT NULL,
  PRIMARY KEY (`id`),
  KEY `IDX_1D99ED6DA6CC7B2` (`eleve_id`),
  KEY `IDX_1D99ED6D727ACA70` (`parent_id`)
) ENGINE=InnoDB AUTO_INCREMENT=617 DEFAULT CHARSET=utf8mb4 COLLATE=utf8mb4_unicode_ci;

--
-- Déchargement des données de la table `parents_eleves`
--

INSERT INTO `parents_eleves` (`id`, `eleve_id`, `parent_id`) VALUES
(1, 1, 2),
(2, 1, 1),
(5, 3, 6),
(6, 3, 5),
(7, 4, 8),
(8, 4, 7),
(9, 5, 10),
(10, 5, 9),
(11, 6, 12),
(12, 6, 11),
(13, 7, 14),
(14, 7, 13),
(15, 8, 16),
(16, 8, 15),
(17, 9, 18),
(18, 9, 17),
(19, 10, 32),
(20, 10, 31),
(21, 11, 34),
(22, 11, 33),
(23, 12, 36),
(24, 12, 35),
(25, 13, 38),
(26, 13, 37),
(27, 14, 40),
(28, 14, 39),
(29, 15, 42),
(30, 15, 41),
(31, 16, 44),
(32, 16, 43),
(33, 17, 46),
(34, 17, 45),
(35, 18, 48),
(36, 18, 47),
(37, 19, 50),
(38, 19, 49),
(39, 20, 56),
(40, 20, 55),
(41, 21, 58),
(42, 21, 57),
(43, 22, 60),
(44, 22, 59),
(45, 23, 62),
(46, 23, 61),
(47, 24, 66),
(48, 24, 65),
(49, 25, 70),
(50, 25, 69),
(53, 27, 74),
(54, 27, 73),
(55, 28, 76),
(56, 28, 75),
(61, 31, 82),
(62, 31, 81),
(63, 32, 84),
(64, 32, 83),
(65, 33, 86),
(66, 33, 85),
(67, 34, 88),
(68, 34, 87),
(69, 35, 90),
(70, 35, 89),
(71, 36, 92),
(72, 36, 91),
(73, 37, 94),
(74, 37, 93),
(75, 38, 96),
(76, 38, 95),
(77, 39, 98),
(78, 39, 97),
(81, 41, 102),
(82, 41, 101),
(83, 42, 104),
(84, 42, 103),
(85, 43, 106),
(86, 43, 105),
(87, 44, 108),
(88, 44, 107),
(89, 45, 110),
(90, 45, 109),
(93, 47, 114),
(94, 47, 113),
(95, 48, 116),
(96, 48, 115),
(97, 49, 118),
(98, 49, 117),
(99, 50, 120),
(100, 50, 119),
(101, 51, 122),
(102, 51, 121),
(103, 52, 124),
(104, 52, 123),
(105, 53, 126),
(106, 53, 125),
(107, 54, 128),
(108, 54, 127),
(109, 55, 130),
(110, 55, 129),
(111, 56, 132),
(112, 56, 131),
(113, 57, 134),
(114, 57, 133),
(115, 58, 136),
(116, 58, 135),
(117, 59, 138),
(118, 59, 137),
(119, 60, 140),
(120, 60, 139),
(121, 61, 142),
(122, 61, 141),
(123, 62, 144),
(124, 62, 143),
(129, 65, 150),
(130, 65, 149),
(139, 70, 160),
(140, 70, 159),
(141, 71, 162),
(142, 71, 161),
(143, 72, 164),
(144, 72, 163),
(145, 73, 166),
(146, 73, 165),
(147, 74, 168),
(148, 74, 167),
(149, 75, 170),
(150, 75, 169),
(155, 78, 176),
(156, 78, 175),
(159, 80, 180),
(160, 80, 179),
(161, 81, 182),
(162, 81, 181),
(163, 82, 184),
(164, 82, 183),
(165, 83, 186),
(166, 83, 185),
(167, 84, 188),
(168, 84, 187),
(169, 85, 190),
(170, 85, 189),
(171, 86, 192),
(172, 86, 191),
(175, 88, 196),
(176, 88, 195),
(185, 93, 206),
(186, 93, 205),
(201, 101, 222),
(202, 101, 221),
(205, 103, 226),
(206, 103, 225),
(207, 104, 228),
(208, 104, 227),
(209, 105, 230),
(210, 105, 229),
(211, 106, 232),
(212, 106, 231),
(215, 108, 236),
(216, 108, 235),
(217, 109, 238),
(218, 109, 237),
(219, 110, 240),
(220, 110, 239),
(221, 111, 242),
(222, 111, 241),
(223, 112, 244),
(224, 112, 243),
(225, 113, 246),
(226, 113, 245),
(229, 115, 250),
(230, 115, 249),
(231, 116, 252),
(232, 116, 251),
(233, 117, 254),
(234, 117, 253),
(235, 118, 256),
(236, 118, 255),
(237, 119, 258),
(238, 119, 257),
(239, 120, 260),
(240, 120, 259),
(281, 141, 302),
(282, 141, 301),
(285, 143, 306),
(286, 143, 305),
(287, 144, 308),
(288, 144, 307),
(295, 148, 316),
(296, 148, 315),
(297, 149, 318),
(298, 149, 317),
(299, 150, 320),
(300, 150, 319),
(301, 151, 322),
(302, 151, 321),
(303, 152, 324),
(304, 152, 323),
(305, 153, 326),
(306, 153, 325),
(309, 155, 330),
(310, 155, 329),
(311, 156, 332),
(312, 156, 331),
(321, 161, 342),
(322, 161, 341),
(323, 162, 344),
(324, 162, 343),
(325, 163, 346),
(326, 163, 345),
(327, 164, 348),
(328, 164, 347),
(329, 165, 350),
(330, 165, 349),
(331, 166, 352),
(332, 166, 351),
(333, 167, 354),
(334, 167, 353),
(335, 168, 356),
(336, 168, 355),
(337, 169, 358),
(338, 169, 357),
(341, 171, 362),
(342, 171, 361),
(343, 172, 364),
(344, 172, 363),
(345, 173, 366),
(346, 173, 365),
(347, 174, 368),
(348, 174, 367),
(351, 176, 372),
(352, 176, 371),
(353, 177, 374),
(354, 177, 373),
(381, 191, 402),
(382, 191, 401),
(383, 192, 404),
(384, 192, 403),
(387, 194, 408),
(388, 194, 407),
(391, 196, 412),
(392, 196, 411),
(393, 197, 414),
(394, 197, 413),
(395, 198, 416),
(396, 198, 415),
(399, 200, 420),
(400, 200, 419),
(401, 201, 422),
(402, 201, 421),
(403, 202, 424),
(404, 202, 423),
(405, 203, 426),
(406, 203, 425),
(409, 205, 430),
(410, 205, 429),
(435, 218, 456),
(436, 218, 455),
(437, 219, 458),
(438, 219, 457),
(439, 220, 460),
(440, 220, 459),
(441, 221, 462),
(442, 221, 461),
(443, 222, 464),
(444, 222, 463),
(445, 223, 466),
(446, 223, 465),
(449, 225, 470),
(450, 225, 469),
(451, 226, 472),
(452, 226, 471),
(453, 227, 474),
(454, 227, 473),
(457, 229, 478),
(458, 229, 477),
(461, 231, 482),
(462, 231, 481),
(463, 232, 484),
(464, 232, 483),
(465, 233, 486),
(466, 233, 485),
(467, 234, 488),
(468, 234, 487),
(469, 235, 490),
(470, 235, 489),
(471, 236, 492),
(472, 236, 491),
(473, 237, 494),
(474, 237, 493),
(475, 238, 496),
(476, 238, 495),
(479, 240, 500),
(480, 240, 499),
(481, 241, 502),
(482, 241, 501),
(483, 242, 504),
(484, 242, 503),
(487, 244, 508),
(488, 244, 507),
(503, 252, 524),
(504, 252, 523),
(521, 261, 542),
(522, 261, 541),
(523, 262, 544),
(524, 262, 543),
(525, 263, 562),
(526, 263, 561),
(527, 264, 564),
(528, 264, 563),
(529, 265, 566),
(530, 265, 565),
(531, 266, 568),
(532, 266, 567),
(533, 267, 570),
(534, 267, 569),
(535, 268, 572),
(536, 268, 571),
(537, 269, 576),
(538, 269, 575),
(539, 270, 584),
(540, 270, 583),
(541, 271, 586),
(542, 271, 585),
(543, 272, 588),
(544, 272, 587),
(545, 273, 590),
(546, 273, 589),
(547, 274, 592),
(548, 274, 591),
(549, 275, 594),
(550, 275, 593),
(551, 276, 596),
(552, 276, 595),
(553, 277, 598),
(554, 277, 597),
(555, 278, 624),
(556, 278, 623),
(557, 279, 626),
(558, 279, 625),
(559, 280, 628),
(560, 280, 627),
(561, 281, 642),
(562, 281, 641),
(563, 282, 644),
(564, 282, 643),
(565, 283, 646),
(566, 283, 645),
(567, 284, 648),
(568, 284, 647),
(569, 285, 650),
(570, 285, 649),
(571, 286, 652),
(572, 286, 651),
(573, 287, 654),
(574, 287, 653),
(575, 288, 656),
(576, 288, 655),
(577, 289, 658),
(578, 289, 657),
(579, 290, 660),
(580, 290, 659),
(581, 291, 662),
(582, 291, 661),
(583, 292, 664),
(584, 292, 663),
(585, 293, 666),
(586, 293, 665),
(587, 294, 668),
(588, 294, 667),
(589, 295, 670),
(590, 295, 669),
(595, 298, 676),
(596, 298, 675),
(597, 299, 678),
(598, 299, 677),
(599, 300, 680),
(600, 300, 679),
(601, 301, 682),
(602, 301, 681),
(603, 302, 684),
(604, 302, 683),
(605, 303, 686),
(606, 303, 685),
(607, 304, 688),
(608, 304, 687),
(609, 305, 690),
(610, 305, 689),
(611, 306, 692),
(612, 306, 691),
(613, 307, 694),
(614, 307, 693),
(615, 308, 698),
(616, 308, 697);

-- --------------------------------------------------------

--
-- Structure de la table `series`
--

DROP TABLE IF EXISTS `series`;
CREATE TABLE IF NOT EXISTS `series` (
  `id` int NOT NULL AUTO_INCREMENT,
  `nom` varchar(5) COLLATE utf8mb4_unicode_ci NOT NULL,
  PRIMARY KEY (`id`)
) ENGINE=InnoDB DEFAULT CHARSET=utf8mb4 COLLATE=utf8mb4_unicode_ci;

-- --------------------------------------------------------

--
-- Structure de la table `tarif`
--

DROP TABLE IF EXISTS `tarif`;
CREATE TABLE IF NOT EXISTS `tarif` (
  `id` int NOT NULL AUTO_INCREMENT,
  `classe_id` int DEFAULT NULL,
  `annee_scolaire_id` int NOT NULL,
  `prix_annuel` int NOT NULL,
  `prix_inscription` int NOT NULL,
  `prix_reinscription` int NOT NULL,
  PRIMARY KEY (`id`),
  UNIQUE KEY `UNIQ_E7189C98F5EA509` (`classe_id`),
  KEY `IDX_E7189C99331C741` (`annee_scolaire_id`)
) ENGINE=InnoDB AUTO_INCREMENT=16 DEFAULT CHARSET=utf8mb4 COLLATE=utf8mb4_unicode_ci;

--
-- Déchargement des données de la table `tarif`
--

INSERT INTO `tarif` (`id`, `classe_id`, `annee_scolaire_id`, `prix_annuel`, `prix_inscription`, `prix_reinscription`) VALUES
(1, 1, 1, 125000, 12000, 7000),
(2, 2, 1, 125000, 12000, 7000),
(3, 3, 1, 125000, 12000, 7000),
(4, 4, 1, 125000, 12000, 7000),
(5, 5, 1, 140000, 12000, 7000),
(6, 6, 1, 140000, 12000, 7000),
(7, 7, 1, 140000, 12000, 7000),
(8, 8, 1, 140000, 12000, 7000),
(9, 9, 1, 140000, 12000, 7000),
(10, 10, 1, 140000, 12000, 7000),
(11, 11, 1, 140000, 12000, 7000),
(12, 12, 1, 140000, 12000, 7000),
(13, 13, 1, 140000, 12000, 7000),
(14, 14, 1, 140000, 12000, 7000),
(15, 15, 1, 140000, 12000, 12000);

-- --------------------------------------------------------

--
-- Structure de la table `tarif_backup`
--

DROP TABLE IF EXISTS `tarif_backup`;
CREATE TABLE IF NOT EXISTS `tarif_backup` (
  `id` int NOT NULL AUTO_INCREMENT,
  `annee_scolaire_id` int DEFAULT NULL,
  `classe` varchar(30) COLLATE utf8mb4_unicode_ci NOT NULL,
  `prix_annuel` int NOT NULL,
  `prix_inscription` int NOT NULL,
  `prix_reinscription` int NOT NULL,
  PRIMARY KEY (`id`),
  KEY `IDX_8294172B9331C741` (`annee_scolaire_id`)
) ENGINE=InnoDB DEFAULT CHARSET=utf8mb4 COLLATE=utf8mb4_unicode_ci;

-- --------------------------------------------------------

--
-- Structure de la table `type_examens`
--

DROP TABLE IF EXISTS `type_examens`;
CREATE TABLE IF NOT EXISTS `type_examens` (
  `id` int NOT NULL AUTO_INCREMENT,
  `nom` varchar(30) COLLATE utf8mb4_unicode_ci NOT NULL,
  `type_order` int NOT NULL,
  PRIMARY KEY (`id`)
) ENGINE=InnoDB DEFAULT CHARSET=utf8mb4 COLLATE=utf8mb4_unicode_ci;

-- --------------------------------------------------------

--
-- Structure de la table `users`
--

DROP TABLE IF EXISTS `users`;
CREATE TABLE IF NOT EXISTS `users` (
  `id` int NOT NULL AUTO_INCREMENT,
  `username` varchar(180) COLLATE utf8mb4_unicode_ci NOT NULL,
  `roles` json NOT NULL,
  `password` varchar(255) COLLATE utf8mb4_unicode_ci NOT NULL,
  `nom` varchar(255) COLLATE utf8mb4_unicode_ci NOT NULL,
  `prenom` varchar(255) COLLATE utf8mb4_unicode_ci NOT NULL,
  `telephone` varchar(255) COLLATE utf8mb4_unicode_ci NOT NULL,
  `email` varchar(255) COLLATE utf8mb4_unicode_ci DEFAULT NULL,
  `created_at` datetime NOT NULL DEFAULT CURRENT_TIMESTAMP COMMENT '(DC2Type:datetime_immutable)',
  PRIMARY KEY (`id`),
  UNIQUE KEY `UNIQ_IDENTIFIER_USERNAME` (`username`)
) ENGINE=InnoDB DEFAULT CHARSET=utf8mb4 COLLATE=utf8mb4_unicode_ci;

--
-- Contraintes pour les tables déchargées
--

--
-- Contraintes pour la table `classes`
--
ALTER TABLE `classes`
  ADD CONSTRAINT `FK_2ED7EC59331C741` FOREIGN KEY (`annee_scolaire_id`) REFERENCES `annee_scolaire` (`id`),
  ADD CONSTRAINT `FK_2ED7EC5D94388BD` FOREIGN KEY (`serie_id`) REFERENCES `series` (`id`);

--
-- Contraintes pour la table `classes_backup`
--
ALTER TABLE `classes_backup`
  ADD CONSTRAINT `FK_138321579331C741` FOREIGN KEY (`annee_scolaire_id`) REFERENCES `annee_scolaire` (`id`);

--
-- Contraintes pour la table `classes_matieres`
--
ALTER TABLE `classes_matieres`
  ADD CONSTRAINT `FK_C76295CB8F5EA509` FOREIGN KEY (`classe_id`) REFERENCES `classes` (`id`),
  ADD CONSTRAINT `FK_C76295CB9331C741` FOREIGN KEY (`annee_scolaire_id`) REFERENCES `annee_scolaire` (`id`),
  ADD CONSTRAINT `FK_C76295CBF46CD258` FOREIGN KEY (`matiere_id`) REFERENCES `matieres` (`id`);

--
-- Contraintes pour la table `ecoles`
--
ALTER TABLE `ecoles`
  ADD CONSTRAINT `FK_C46758A29331C741` FOREIGN KEY (`annee_scolaire_id`) REFERENCES `annee_scolaire` (`id`);

--
-- Contraintes pour la table `eleves`
--
ALTER TABLE `eleves`
  ADD CONSTRAINT `FK_383B09B18F5EA509` FOREIGN KEY (`classe_id`) REFERENCES `classes` (`id`);

--
-- Contraintes pour la table `emplois_du_temps`
--
ALTER TABLE `emplois_du_temps`
  ADD CONSTRAINT `FK_1FC0BCE18F5EA509` FOREIGN KEY (`classe_id`) REFERENCES `classes` (`id`);

--
-- Contraintes pour la table `emplois_du_temps_matieres`
--
ALTER TABLE `emplois_du_temps_matieres`
  ADD CONSTRAINT `FK_31DE4F371D755CBC` FOREIGN KEY (`emplois_du_temps_id`) REFERENCES `emplois_du_temps` (`id`) ON DELETE CASCADE,
  ADD CONSTRAINT `FK_31DE4F3782350831` FOREIGN KEY (`matieres_id`) REFERENCES `matieres` (`id`) ON DELETE CASCADE;

--
-- Contraintes pour la table `enseignants`
--
ALTER TABLE `enseignants`
  ADD CONSTRAINT `FK_BA5EFB5AF46CD258` FOREIGN KEY (`matiere_id`) REFERENCES `matieres` (`id`);

--
-- Contraintes pour la table `evaluations`
--
ALTER TABLE `evaluations`
  ADD CONSTRAINT `FK_3B72691D9331C741` FOREIGN KEY (`annee_scolaire_id`) REFERENCES `annee_scolaire` (`id`);

--
-- Contraintes pour la table `examinations`
--
ALTER TABLE `examinations`
  ADD CONSTRAINT `FK_F0CC239F456C5646` FOREIGN KEY (`evaluation_id`) REFERENCES `evaluations` (`id`),
  ADD CONSTRAINT `FK_F0CC239F8F5EA509` FOREIGN KEY (`classe_id`) REFERENCES `classes` (`id`),
  ADD CONSTRAINT `FK_F0CC239FF46CD258` FOREIGN KEY (`matiere_id`) REFERENCES `matieres` (`id`);

--
-- Contraintes pour la table `notes`
--
ALTER TABLE `notes`
  ADD CONSTRAINT `FK_11BA68C456C5646` FOREIGN KEY (`evaluation_id`) REFERENCES `evaluations` (`id`),
  ADD CONSTRAINT `FK_11BA68CA6CC7B2` FOREIGN KEY (`eleve_id`) REFERENCES `eleves` (`id`),
  ADD CONSTRAINT `FK_11BA68CBC75C3F7` FOREIGN KEY (`examinations_id`) REFERENCES `examinations` (`id`),
  ADD CONSTRAINT `FK_11BA68CF46CD258` FOREIGN KEY (`matiere_id`) REFERENCES `matieres` (`id`);

--
-- Contraintes pour la table `paiements`
--
ALTER TABLE `paiements`
  ADD CONSTRAINT `FK_E1B02E129331C741` FOREIGN KEY (`annee_scolaire_id`) REFERENCES `annee_scolaire` (`id`),
  ADD CONSTRAINT `FK_E1B02E12A6CC7B2` FOREIGN KEY (`eleve_id`) REFERENCES `eleves` (`id`);

--
-- Contraintes pour la table `paiements_backup`
--
ALTER TABLE `paiements_backup`
  ADD CONSTRAINT `FK_7520F1C79331C741` FOREIGN KEY (`annee_scolaire_id`) REFERENCES `annee_scolaire` (`id`),
  ADD CONSTRAINT `FK_7520F1C7C4C13F8A` FOREIGN KEY (`eleve_backup_id`) REFERENCES `eleves_backup` (`id`);

--
-- Contraintes pour la table `parents_eleves`
--
ALTER TABLE `parents_eleves`
  ADD CONSTRAINT `FK_1D99ED6D727ACA70` FOREIGN KEY (`parent_id`) REFERENCES `parents` (`id`) ON DELETE CASCADE,
  ADD CONSTRAINT `FK_1D99ED6DA6CC7B2` FOREIGN KEY (`eleve_id`) REFERENCES `eleves` (`id`) ON DELETE CASCADE;

--
-- Contraintes pour la table `tarif`
--
ALTER TABLE `tarif`
  ADD CONSTRAINT `FK_E7189C98F5EA509` FOREIGN KEY (`classe_id`) REFERENCES `classes` (`id`),
  ADD CONSTRAINT `FK_E7189C99331C741` FOREIGN KEY (`annee_scolaire_id`) REFERENCES `annee_scolaire` (`id`);

--
-- Contraintes pour la table `tarif_backup`
--
ALTER TABLE `tarif_backup`
  ADD CONSTRAINT `FK_8294172B9331C741` FOREIGN KEY (`annee_scolaire_id`) REFERENCES `annee_scolaire` (`id`);
COMMIT;

/*!40101 SET CHARACTER_SET_CLIENT=@OLD_CHARACTER_SET_CLIENT */;
/*!40101 SET CHARACTER_SET_RESULTS=@OLD_CHARACTER_SET_RESULTS */;
/*!40101 SET COLLATION_CONNECTION=@OLD_COLLATION_CONNECTION */;
